ISO-10303-21;
HEADER;
FILE_DESCRIPTION(('Open CASCADE Model'),'2;1');
FILE_NAME('Open CASCADE Shape Model','2026-05-29T12:41:04',('Author'),(
    'Open CASCADE'),'Open CASCADE STEP processor 7.8','Open CASCADE 7.8'
  ,'Unknown');
FILE_SCHEMA(('AUTOMOTIVE_DESIGN { 1 0 10303 214 1 1 1 1 }'));
ENDSEC;
DATA;
#1 = APPLICATION_PROTOCOL_DEFINITION('international standard',
  'automotive_design',2000,#2);
#2 = APPLICATION_CONTEXT(
  'core data for automotive mechanical design processes');
#3 = SHAPE_DEFINITION_REPRESENTATION(#4,#10);
#4 = PRODUCT_DEFINITION_SHAPE('','',#5);
#5 = PRODUCT_DEFINITION('design','',#6,#9);
#6 = PRODUCT_DEFINITION_FORMATION('','',#7);
#7 = PRODUCT('Open CASCADE STEP translator 7.8 1',
  'Open CASCADE STEP translator 7.8 1','',(#8));
#8 = PRODUCT_CONTEXT('',#2,'mechanical');
#9 = PRODUCT_DEFINITION_CONTEXT('part definition',#2,'design');
#10 = ADVANCED_BREP_SHAPE_REPRESENTATION('',(#11,#15),#10049);
#11 = AXIS2_PLACEMENT_3D('',#12,#13,#14);
#12 = CARTESIAN_POINT('',(0.,0.,0.));
#13 = DIRECTION('',(0.,0.,1.));
#14 = DIRECTION('',(1.,0.,-0.));
#15 = MANIFOLD_SOLID_BREP('',#16);
#16 = CLOSED_SHELL('',(#17,#137,#3866,#3916,#3970,#7099,#7126,#7153,
    #7180,#7207,#7214,#7241,#7268,#7315,#7342,#7369,#7376,#7403,#7430,
    #7457,#7484,#7511,#7538,#7585,#7612,#7639,#7646,#7673,#7700,#7727,
    #7754,#7781,#7808,#7835,#7862,#7889,#7916,#7943,#7970,#7997,#8024,
    #8051,#8078,#8105,#8132,#8159,#8186,#8213,#8260,#8287,#8314,#8321,
    #8348,#8375,#8402,#8429,#8456,#8483,#8510,#8537,#8564,#8591,#8638,
    #8665,#8692,#8699,#8726,#8753,#8780,#8807,#8834,#8861,#8888,#8915,
    #8942,#8969,#8996,#9023,#9050,#9077,#9104,#9131,#9158,#9185,#9212,
    #9239,#9266,#9293,#9320,#9347,#9374,#9401,#9428,#9455,#9502,#9529,
    #9556,#9563,#9590,#9617,#9644,#9671,#9698,#9725,#9752,#9779,#9806,
    #9833,#9860,#9887,#9914,#9941,#9968,#9995,#10022));
#17 = ADVANCED_FACE('',(#18),#32,.F.);
#18 = FACE_BOUND('',#19,.F.);
#19 = EDGE_LOOP('',(#20,#55,#83,#111));
#20 = ORIENTED_EDGE('',*,*,#21,.F.);
#21 = EDGE_CURVE('',#22,#24,#26,.T.);
#22 = VERTEX_POINT('',#23);
#23 = CARTESIAN_POINT('',(-75.,-78.,4.));
#24 = VERTEX_POINT('',#25);
#25 = CARTESIAN_POINT('',(-75.,78.,4.));
#26 = SURFACE_CURVE('',#27,(#31,#43),.PCURVE_S1.);
#27 = LINE('',#28,#29);
#28 = CARTESIAN_POINT('',(-75.,-90.,4.));
#29 = VECTOR('',#30,1.);
#30 = DIRECTION('',(0.,1.,0.));
#31 = PCURVE('',#32,#37);
#32 = PLANE('',#33);
#33 = AXIS2_PLACEMENT_3D('',#34,#35,#36);
#34 = CARTESIAN_POINT('',(-75.,-90.,0.));
#35 = DIRECTION('',(1.,0.,0.));
#36 = DIRECTION('',(0.,0.,1.));
#37 = DEFINITIONAL_REPRESENTATION('',(#38),#42);
#38 = LINE('',#39,#40);
#39 = CARTESIAN_POINT('',(4.,0.));
#40 = VECTOR('',#41,1.);
#41 = DIRECTION('',(0.,-1.));
#42 = ( GEOMETRIC_REPRESENTATION_CONTEXT(2) 
PARAMETRIC_REPRESENTATION_CONTEXT() REPRESENTATION_CONTEXT('2D SPACE',''
  ) );
#43 = PCURVE('',#44,#49);
#44 = PLANE('',#45);
#45 = AXIS2_PLACEMENT_3D('',#46,#47,#48);
#46 = CARTESIAN_POINT('',(-75.,-90.,4.));
#47 = DIRECTION('',(0.,0.,1.));
#48 = DIRECTION('',(1.,0.,0.));
#49 = DEFINITIONAL_REPRESENTATION('',(#50),#54);
#50 = LINE('',#51,#52);
#51 = CARTESIAN_POINT('',(0.,0.));
#52 = VECTOR('',#53,1.);
#53 = DIRECTION('',(0.,1.));
#54 = ( GEOMETRIC_REPRESENTATION_CONTEXT(2) 
PARAMETRIC_REPRESENTATION_CONTEXT() REPRESENTATION_CONTEXT('2D SPACE',''
  ) );
#55 = ORIENTED_EDGE('',*,*,#56,.F.);
#56 = EDGE_CURVE('',#57,#22,#59,.T.);
#57 = VERTEX_POINT('',#58);
#58 = CARTESIAN_POINT('',(-75.,-78.,0.));
#59 = SURFACE_CURVE('',#60,(#64,#71),.PCURVE_S1.);
#60 = LINE('',#61,#62);
#61 = CARTESIAN_POINT('',(-75.,-78.,0.));
#62 = VECTOR('',#63,1.);
#63 = DIRECTION('',(0.,0.,1.));
#64 = PCURVE('',#32,#65);
#65 = DEFINITIONAL_REPRESENTATION('',(#66),#70);
#66 = LINE('',#67,#68);
#67 = CARTESIAN_POINT('',(0.,-12.));
#68 = VECTOR('',#69,1.);
#69 = DIRECTION('',(1.,0.));
#70 = ( GEOMETRIC_REPRESENTATION_CONTEXT(2) 
PARAMETRIC_REPRESENTATION_CONTEXT() REPRESENTATION_CONTEXT('2D SPACE',''
  ) );
#71 = PCURVE('',#72,#77);
#72 = CYLINDRICAL_SURFACE('',#73,12.);
#73 = AXIS2_PLACEMENT_3D('',#74,#75,#76);
#74 = CARTESIAN_POINT('',(-63.,-78.,0.));
#75 = DIRECTION('',(0.,0.,1.));
#76 = DIRECTION('',(-1.,-0.,0.));
#77 = DEFINITIONAL_REPRESENTATION('',(#78),#82);
#78 = LINE('',#79,#80);
#79 = CARTESIAN_POINT('',(0.,0.));
#80 = VECTOR('',#81,1.);
#81 = DIRECTION('',(0.,1.));
#82 = ( GEOMETRIC_REPRESENTATION_CONTEXT(2) 
PARAMETRIC_REPRESENTATION_CONTEXT() REPRESENTATION_CONTEXT('2D SPACE',''
  ) );
#83 = ORIENTED_EDGE('',*,*,#84,.T.);
#84 = EDGE_CURVE('',#57,#85,#87,.T.);
#85 = VERTEX_POINT('',#86);
#86 = CARTESIAN_POINT('',(-75.,78.,0.));
#87 = SURFACE_CURVE('',#88,(#92,#99),.PCURVE_S1.);
#88 = LINE('',#89,#90);
#89 = CARTESIAN_POINT('',(-75.,-90.,0.));
#90 = VECTOR('',#91,1.);
#91 = DIRECTION('',(0.,1.,0.));
#92 = PCURVE('',#32,#93);
#93 = DEFINITIONAL_REPRESENTATION('',(#94),#98);
#94 = LINE('',#95,#96);
#95 = CARTESIAN_POINT('',(0.,0.));
#96 = VECTOR('',#97,1.);
#97 = DIRECTION('',(0.,-1.));
#98 = ( GEOMETRIC_REPRESENTATION_CONTEXT(2) 
PARAMETRIC_REPRESENTATION_CONTEXT() REPRESENTATION_CONTEXT('2D SPACE',''
  ) );
#99 = PCURVE('',#100,#105);
#100 = PLANE('',#101);
#101 = AXIS2_PLACEMENT_3D('',#102,#103,#104);
#102 = CARTESIAN_POINT('',(-75.,-90.,0.));
#103 = DIRECTION('',(0.,0.,1.));
#104 = DIRECTION('',(1.,0.,0.));
#105 = DEFINITIONAL_REPRESENTATION('',(#106),#110);
#106 = LINE('',#107,#108);
#107 = CARTESIAN_POINT('',(0.,0.));
#108 = VECTOR('',#109,1.);
#109 = DIRECTION('',(0.,1.));
#110 = ( GEOMETRIC_REPRESENTATION_CONTEXT(2) 
PARAMETRIC_REPRESENTATION_CONTEXT() REPRESENTATION_CONTEXT('2D SPACE',''
  ) );
#111 = ORIENTED_EDGE('',*,*,#112,.T.);
#112 = EDGE_CURVE('',#85,#24,#113,.T.);
#113 = SURFACE_CURVE('',#114,(#118,#125),.PCURVE_S1.);
#114 = LINE('',#115,#116);
#115 = CARTESIAN_POINT('',(-75.,78.,0.));
#116 = VECTOR('',#117,1.);
#117 = DIRECTION('',(0.,0.,1.));
#118 = PCURVE('',#32,#119);
#119 = DEFINITIONAL_REPRESENTATION('',(#120),#124);
#120 = LINE('',#121,#122);
#121 = CARTESIAN_POINT('',(0.,-168.));
#122 = VECTOR('',#123,1.);
#123 = DIRECTION('',(1.,0.));
#124 = ( GEOMETRIC_REPRESENTATION_CONTEXT(2) 
PARAMETRIC_REPRESENTATION_CONTEXT() REPRESENTATION_CONTEXT('2D SPACE',''
  ) );
#125 = PCURVE('',#126,#131);
#126 = CYLINDRICAL_SURFACE('',#127,12.);
#127 = AXIS2_PLACEMENT_3D('',#128,#129,#130);
#128 = CARTESIAN_POINT('',(-63.,78.,0.));
#129 = DIRECTION('',(0.,0.,1.));
#130 = DIRECTION('',(-1.,-0.,0.));
#131 = DEFINITIONAL_REPRESENTATION('',(#132),#136);
#132 = LINE('',#133,#134);
#133 = CARTESIAN_POINT('',(-0.,0.));
#134 = VECTOR('',#135,1.);
#135 = DIRECTION('',(-0.,1.));
#136 = ( GEOMETRIC_REPRESENTATION_CONTEXT(2) 
PARAMETRIC_REPRESENTATION_CONTEXT() REPRESENTATION_CONTEXT('2D SPACE',''
  ) );
#137 = ADVANCED_FACE('',(#138,#337,#372,#407,#519,#554,#589,#624,#659,
    #694,#729,#841,#876,#911,#946,#981,#1016,#1051,#1086,#1121,#1156,
    #1191,#1226,#1261,#1296,#1331,#1366,#1401,#1436,#1471,#1506,#1541,
    #1576,#1688,#1723,#1758,#1793,#1828,#1863,#1898,#1933,#1968,#2003,
    #2038,#2150,#2185,#2220,#2255,#2290,#2325,#2360,#2395,#2430,#2465,
    #2500,#2535,#2570,#2605,#2640,#2675,#2710,#2745,#2780,#2815,#2850,
    #2885,#2920,#2955,#2990,#3025,#3060,#3095,#3130,#3236,#3271,#3306,
    #3341,#3376,#3411,#3446,#3481,#3516,#3551,#3586,#3621,#3656,#3691,
    #3726,#3761,#3796,#3831),#44,.T.);
#138 = FACE_BOUND('',#139,.T.);
#139 = EDGE_LOOP('',(#140,#141,#165,#193,#226,#254,#283,#311));
#140 = ORIENTED_EDGE('',*,*,#21,.F.);
#141 = ORIENTED_EDGE('',*,*,#142,.T.);
#142 = EDGE_CURVE('',#22,#143,#145,.T.);
#143 = VERTEX_POINT('',#144);
#144 = CARTESIAN_POINT('',(-63.,-90.,4.));
#145 = SURFACE_CURVE('',#146,(#151,#158),.PCURVE_S1.);
#146 = CIRCLE('',#147,12.);
#147 = AXIS2_PLACEMENT_3D('',#148,#149,#150);
#148 = CARTESIAN_POINT('',(-63.,-78.,4.));
#149 = DIRECTION('',(0.,0.,1.));
#150 = DIRECTION('',(0.,-1.,0.));
#151 = PCURVE('',#44,#152);
#152 = DEFINITIONAL_REPRESENTATION('',(#153),#157);
#153 = CIRCLE('',#154,12.);
#154 = AXIS2_PLACEMENT_2D('',#155,#156);
#155 = CARTESIAN_POINT('',(12.,12.));
#156 = DIRECTION('',(0.,-1.));
#157 = ( GEOMETRIC_REPRESENTATION_CONTEXT(2) 
PARAMETRIC_REPRESENTATION_CONTEXT() REPRESENTATION_CONTEXT('2D SPACE',''
  ) );
#158 = PCURVE('',#72,#159);
#159 = DEFINITIONAL_REPRESENTATION('',(#160),#164);
#160 = LINE('',#161,#162);
#161 = CARTESIAN_POINT('',(-4.712388980385,4.));
#162 = VECTOR('',#163,1.);
#163 = DIRECTION('',(1.,0.));
#164 = ( GEOMETRIC_REPRESENTATION_CONTEXT(2) 
PARAMETRIC_REPRESENTATION_CONTEXT() REPRESENTATION_CONTEXT('2D SPACE',''
  ) );
#165 = ORIENTED_EDGE('',*,*,#166,.T.);
#166 = EDGE_CURVE('',#143,#167,#169,.T.);
#167 = VERTEX_POINT('',#168);
#168 = CARTESIAN_POINT('',(63.,-90.,4.));
#169 = SURFACE_CURVE('',#170,(#174,#181),.PCURVE_S1.);
#170 = LINE('',#171,#172);
#171 = CARTESIAN_POINT('',(-75.,-90.,4.));
#172 = VECTOR('',#173,1.);
#173 = DIRECTION('',(1.,0.,0.));
#174 = PCURVE('',#44,#175);
#175 = DEFINITIONAL_REPRESENTATION('',(#176),#180);
#176 = LINE('',#177,#178);
#177 = CARTESIAN_POINT('',(0.,0.));
#178 = VECTOR('',#179,1.);
#179 = DIRECTION('',(1.,0.));
#180 = ( GEOMETRIC_REPRESENTATION_CONTEXT(2) 
PARAMETRIC_REPRESENTATION_CONTEXT() REPRESENTATION_CONTEXT('2D SPACE',''
  ) );
#181 = PCURVE('',#182,#187);
#182 = PLANE('',#183);
#183 = AXIS2_PLACEMENT_3D('',#184,#185,#186);
#184 = CARTESIAN_POINT('',(-75.,-90.,0.));
#185 = DIRECTION('',(0.,1.,0.));
#186 = DIRECTION('',(0.,0.,1.));
#187 = DEFINITIONAL_REPRESENTATION('',(#188),#192);
#188 = LINE('',#189,#190);
#189 = CARTESIAN_POINT('',(4.,0.));
#190 = VECTOR('',#191,1.);
#191 = DIRECTION('',(0.,1.));
#192 = ( GEOMETRIC_REPRESENTATION_CONTEXT(2) 
PARAMETRIC_REPRESENTATION_CONTEXT() REPRESENTATION_CONTEXT('2D SPACE',''
  ) );
#193 = ORIENTED_EDGE('',*,*,#194,.F.);
#194 = EDGE_CURVE('',#195,#167,#197,.T.);
#195 = VERTEX_POINT('',#196);
#196 = CARTESIAN_POINT('',(75.,-78.,4.));
#197 = SURFACE_CURVE('',#198,(#203,#214),.PCURVE_S1.);
#198 = CIRCLE('',#199,12.);
#199 = AXIS2_PLACEMENT_3D('',#200,#201,#202);
#200 = CARTESIAN_POINT('',(63.,-78.,4.));
#201 = DIRECTION('',(-0.,-0.,-1.));
#202 = DIRECTION('',(0.,-1.,0.));
#203 = PCURVE('',#44,#204);
#204 = DEFINITIONAL_REPRESENTATION('',(#205),#213);
#205 = ( BOUNDED_CURVE() B_SPLINE_CURVE(2,(#206,#207,#208,#209,#210,#211
,#212),.UNSPECIFIED.,.T.,.F.) B_SPLINE_CURVE_WITH_KNOTS((1,2,2,2,2,1),(
    -2.094395102393,0.,2.094395102393,4.188790204786,6.28318530718,
8.377580409573),.UNSPECIFIED.) CURVE() GEOMETRIC_REPRESENTATION_ITEM() 
RATIONAL_B_SPLINE_CURVE((1.,0.5,1.,0.5,1.,0.5,1.)) REPRESENTATION_ITEM(
  '') );
#206 = CARTESIAN_POINT('',(138.,0.));
#207 = CARTESIAN_POINT('',(117.21539030917,0.));
#208 = CARTESIAN_POINT('',(127.60769515458,18.));
#209 = CARTESIAN_POINT('',(138.,36.));
#210 = CARTESIAN_POINT('',(148.39230484541,18.));
#211 = CARTESIAN_POINT('',(158.78460969082,1.7763568394E-14));
#212 = CARTESIAN_POINT('',(138.,0.));
#213 = ( GEOMETRIC_REPRESENTATION_CONTEXT(2) 
PARAMETRIC_REPRESENTATION_CONTEXT() REPRESENTATION_CONTEXT('2D SPACE',''
  ) );
#214 = PCURVE('',#215,#220);
#215 = CYLINDRICAL_SURFACE('',#216,12.);
#216 = AXIS2_PLACEMENT_3D('',#217,#218,#219);
#217 = CARTESIAN_POINT('',(63.,-78.,0.));
#218 = DIRECTION('',(0.,0.,1.));
#219 = DIRECTION('',(1.,0.,-0.));
#220 = DEFINITIONAL_REPRESENTATION('',(#221),#225);
#221 = LINE('',#222,#223);
#222 = CARTESIAN_POINT('',(4.712388980385,4.));
#223 = VECTOR('',#224,1.);
#224 = DIRECTION('',(-1.,0.));
#225 = ( GEOMETRIC_REPRESENTATION_CONTEXT(2) 
PARAMETRIC_REPRESENTATION_CONTEXT() REPRESENTATION_CONTEXT('2D SPACE',''
  ) );
#226 = ORIENTED_EDGE('',*,*,#227,.T.);
#227 = EDGE_CURVE('',#195,#228,#230,.T.);
#228 = VERTEX_POINT('',#229);
#229 = CARTESIAN_POINT('',(75.,78.,4.));
#230 = SURFACE_CURVE('',#231,(#235,#242),.PCURVE_S1.);
#231 = LINE('',#232,#233);
#232 = CARTESIAN_POINT('',(75.,-90.,4.));
#233 = VECTOR('',#234,1.);
#234 = DIRECTION('',(0.,1.,0.));
#235 = PCURVE('',#44,#236);
#236 = DEFINITIONAL_REPRESENTATION('',(#237),#241);
#237 = LINE('',#238,#239);
#238 = CARTESIAN_POINT('',(150.,0.));
#239 = VECTOR('',#240,1.);
#240 = DIRECTION('',(0.,1.));
#241 = ( GEOMETRIC_REPRESENTATION_CONTEXT(2) 
PARAMETRIC_REPRESENTATION_CONTEXT() REPRESENTATION_CONTEXT('2D SPACE',''
  ) );
#242 = PCURVE('',#243,#248);
#243 = PLANE('',#244);
#244 = AXIS2_PLACEMENT_3D('',#245,#246,#247);
#245 = CARTESIAN_POINT('',(75.,-90.,0.));
#246 = DIRECTION('',(1.,0.,0.));
#247 = DIRECTION('',(0.,0.,1.));
#248 = DEFINITIONAL_REPRESENTATION('',(#249),#253);
#249 = LINE('',#250,#251);
#250 = CARTESIAN_POINT('',(4.,0.));
#251 = VECTOR('',#252,1.);
#252 = DIRECTION('',(0.,-1.));
#253 = ( GEOMETRIC_REPRESENTATION_CONTEXT(2) 
PARAMETRIC_REPRESENTATION_CONTEXT() REPRESENTATION_CONTEXT('2D SPACE',''
  ) );
#254 = ORIENTED_EDGE('',*,*,#255,.T.);
#255 = EDGE_CURVE('',#228,#256,#258,.T.);
#256 = VERTEX_POINT('',#257);
#257 = CARTESIAN_POINT('',(63.,90.,4.));
#258 = SURFACE_CURVE('',#259,(#264,#271),.PCURVE_S1.);
#259 = CIRCLE('',#260,12.);
#260 = AXIS2_PLACEMENT_3D('',#261,#262,#263);
#261 = CARTESIAN_POINT('',(63.,78.,4.));
#262 = DIRECTION('',(0.,0.,1.));
#263 = DIRECTION('',(0.,-1.,0.));
#264 = PCURVE('',#44,#265);
#265 = DEFINITIONAL_REPRESENTATION('',(#266),#270);
#266 = CIRCLE('',#267,12.);
#267 = AXIS2_PLACEMENT_2D('',#268,#269);
#268 = CARTESIAN_POINT('',(138.,168.));
#269 = DIRECTION('',(0.,-1.));
#270 = ( GEOMETRIC_REPRESENTATION_CONTEXT(2) 
PARAMETRIC_REPRESENTATION_CONTEXT() REPRESENTATION_CONTEXT('2D SPACE',''
  ) );
#271 = PCURVE('',#272,#277);
#272 = CYLINDRICAL_SURFACE('',#273,12.);
#273 = AXIS2_PLACEMENT_3D('',#274,#275,#276);
#274 = CARTESIAN_POINT('',(63.,78.,0.));
#275 = DIRECTION('',(0.,0.,1.));
#276 = DIRECTION('',(1.,0.,-0.));
#277 = DEFINITIONAL_REPRESENTATION('',(#278),#282);
#278 = LINE('',#279,#280);
#279 = CARTESIAN_POINT('',(-1.570796326795,4.));
#280 = VECTOR('',#281,1.);
#281 = DIRECTION('',(1.,0.));
#282 = ( GEOMETRIC_REPRESENTATION_CONTEXT(2) 
PARAMETRIC_REPRESENTATION_CONTEXT() REPRESENTATION_CONTEXT('2D SPACE',''
  ) );
#283 = ORIENTED_EDGE('',*,*,#284,.F.);
#284 = EDGE_CURVE('',#285,#256,#287,.T.);
#285 = VERTEX_POINT('',#286);
#286 = CARTESIAN_POINT('',(-63.,90.,4.));
#287 = SURFACE_CURVE('',#288,(#292,#299),.PCURVE_S1.);
#288 = LINE('',#289,#290);
#289 = CARTESIAN_POINT('',(-75.,90.,4.));
#290 = VECTOR('',#291,1.);
#291 = DIRECTION('',(1.,0.,0.));
#292 = PCURVE('',#44,#293);
#293 = DEFINITIONAL_REPRESENTATION('',(#294),#298);
#294 = LINE('',#295,#296);
#295 = CARTESIAN_POINT('',(0.,180.));
#296 = VECTOR('',#297,1.);
#297 = DIRECTION('',(1.,0.));
#298 = ( GEOMETRIC_REPRESENTATION_CONTEXT(2) 
PARAMETRIC_REPRESENTATION_CONTEXT() REPRESENTATION_CONTEXT('2D SPACE',''
  ) );
#299 = PCURVE('',#300,#305);
#300 = PLANE('',#301);
#301 = AXIS2_PLACEMENT_3D('',#302,#303,#304);
#302 = CARTESIAN_POINT('',(-75.,90.,0.));
#303 = DIRECTION('',(0.,1.,0.));
#304 = DIRECTION('',(0.,0.,1.));
#305 = DEFINITIONAL_REPRESENTATION('',(#306),#310);
#306 = LINE('',#307,#308);
#307 = CARTESIAN_POINT('',(4.,0.));
#308 = VECTOR('',#309,1.);
#309 = DIRECTION('',(0.,1.));
#310 = ( GEOMETRIC_REPRESENTATION_CONTEXT(2) 
PARAMETRIC_REPRESENTATION_CONTEXT() REPRESENTATION_CONTEXT('2D SPACE',''
  ) );
#311 = ORIENTED_EDGE('',*,*,#312,.F.);
#312 = EDGE_CURVE('',#24,#285,#313,.T.);
#313 = SURFACE_CURVE('',#314,(#319,#330),.PCURVE_S1.);
#314 = CIRCLE('',#315,12.);
#315 = AXIS2_PLACEMENT_3D('',#316,#317,#318);
#316 = CARTESIAN_POINT('',(-63.,78.,4.));
#317 = DIRECTION('',(-0.,-0.,-1.));
#318 = DIRECTION('',(0.,-1.,0.));
#319 = PCURVE('',#44,#320);
#320 = DEFINITIONAL_REPRESENTATION('',(#321),#329);
#321 = ( BOUNDED_CURVE() B_SPLINE_CURVE(2,(#322,#323,#324,#325,#326,#327
,#328),.UNSPECIFIED.,.T.,.F.) B_SPLINE_CURVE_WITH_KNOTS((1,2,2,2,2,1),(
    -2.094395102393,0.,2.094395102393,4.188790204786,6.28318530718,
8.377580409573),.UNSPECIFIED.) CURVE() GEOMETRIC_REPRESENTATION_ITEM() 
RATIONAL_B_SPLINE_CURVE((1.,0.5,1.,0.5,1.,0.5,1.)) REPRESENTATION_ITEM(
  '') );
#322 = CARTESIAN_POINT('',(12.,156.));
#323 = CARTESIAN_POINT('',(-8.784609690827,156.));
#324 = CARTESIAN_POINT('',(1.607695154587,174.));
#325 = CARTESIAN_POINT('',(12.,192.));
#326 = CARTESIAN_POINT('',(22.392304845413,174.));
#327 = CARTESIAN_POINT('',(32.784609690827,156.));
#328 = CARTESIAN_POINT('',(12.,156.));
#329 = ( GEOMETRIC_REPRESENTATION_CONTEXT(2) 
PARAMETRIC_REPRESENTATION_CONTEXT() REPRESENTATION_CONTEXT('2D SPACE',''
  ) );
#330 = PCURVE('',#126,#331);
#331 = DEFINITIONAL_REPRESENTATION('',(#332),#336);
#332 = LINE('',#333,#334);
#333 = CARTESIAN_POINT('',(1.570796326795,4.));
#334 = VECTOR('',#335,1.);
#335 = DIRECTION('',(-1.,0.));
#336 = ( GEOMETRIC_REPRESENTATION_CONTEXT(2) 
PARAMETRIC_REPRESENTATION_CONTEXT() REPRESENTATION_CONTEXT('2D SPACE',''
  ) );
#337 = FACE_BOUND('',#338,.T.);
#338 = EDGE_LOOP('',(#339));
#339 = ORIENTED_EDGE('',*,*,#340,.T.);
#340 = EDGE_CURVE('',#341,#341,#343,.T.);
#341 = VERTEX_POINT('',#342);
#342 = CARTESIAN_POINT('',(-61.6,-75.,4.));
#343 = SURFACE_CURVE('',#344,(#349,#360),.PCURVE_S1.);
#344 = CIRCLE('',#345,1.6);
#345 = AXIS2_PLACEMENT_3D('',#346,#347,#348);
#346 = CARTESIAN_POINT('',(-60.,-75.,4.));
#347 = DIRECTION('',(0.,0.,-1.));
#348 = DIRECTION('',(-1.,0.,0.));
#349 = PCURVE('',#44,#350);
#350 = DEFINITIONAL_REPRESENTATION('',(#351),#359);
#351 = ( BOUNDED_CURVE() B_SPLINE_CURVE(2,(#352,#353,#354,#355,#356,#357
,#358),.UNSPECIFIED.,.T.,.F.) B_SPLINE_CURVE_WITH_KNOTS((1,2,2,2,2,1),(
    -2.094395102393,0.,2.094395102393,4.188790204786,6.28318530718,
8.377580409573),.UNSPECIFIED.) CURVE() GEOMETRIC_REPRESENTATION_ITEM() 
RATIONAL_B_SPLINE_CURVE((1.,0.5,1.,0.5,1.,0.5,1.)) REPRESENTATION_ITEM(
  '') );
#352 = CARTESIAN_POINT('',(13.4,15.));
#353 = CARTESIAN_POINT('',(13.4,17.77128129211));
#354 = CARTESIAN_POINT('',(15.8,16.385640646055));
#355 = CARTESIAN_POINT('',(18.2,15.));
#356 = CARTESIAN_POINT('',(15.8,13.614359353945));
#357 = CARTESIAN_POINT('',(13.4,12.22871870789));
#358 = CARTESIAN_POINT('',(13.4,15.));
#359 = ( GEOMETRIC_REPRESENTATION_CONTEXT(2) 
PARAMETRIC_REPRESENTATION_CONTEXT() REPRESENTATION_CONTEXT('2D SPACE',''
  ) );
#360 = PCURVE('',#361,#366);
#361 = CYLINDRICAL_SURFACE('',#362,1.6);
#362 = AXIS2_PLACEMENT_3D('',#363,#364,#365);
#363 = CARTESIAN_POINT('',(-60.,-75.,4.));
#364 = DIRECTION('',(0.,0.,-1.));
#365 = DIRECTION('',(-1.,0.,0.));
#366 = DEFINITIONAL_REPRESENTATION('',(#367),#371);
#367 = LINE('',#368,#369);
#368 = CARTESIAN_POINT('',(0.,0.));
#369 = VECTOR('',#370,1.);
#370 = DIRECTION('',(1.,0.));
#371 = ( GEOMETRIC_REPRESENTATION_CONTEXT(2) 
PARAMETRIC_REPRESENTATION_CONTEXT() REPRESENTATION_CONTEXT('2D SPACE',''
  ) );
#372 = FACE_BOUND('',#373,.T.);
#373 = EDGE_LOOP('',(#374));
#374 = ORIENTED_EDGE('',*,*,#375,.T.);
#375 = EDGE_CURVE('',#376,#376,#378,.T.);
#376 = VERTEX_POINT('',#377);
#377 = CARTESIAN_POINT('',(-46.6,-75.,4.));
#378 = SURFACE_CURVE('',#379,(#384,#395),.PCURVE_S1.);
#379 = CIRCLE('',#380,1.6);
#380 = AXIS2_PLACEMENT_3D('',#381,#382,#383);
#381 = CARTESIAN_POINT('',(-45.,-75.,4.));
#382 = DIRECTION('',(0.,0.,-1.));
#383 = DIRECTION('',(-1.,0.,0.));
#384 = PCURVE('',#44,#385);
#385 = DEFINITIONAL_REPRESENTATION('',(#386),#394);
#386 = ( BOUNDED_CURVE() B_SPLINE_CURVE(2,(#387,#388,#389,#390,#391,#392
,#393),.UNSPECIFIED.,.T.,.F.) B_SPLINE_CURVE_WITH_KNOTS((1,2,2,2,2,1),(
    -2.094395102393,0.,2.094395102393,4.188790204786,6.28318530718,
8.377580409573),.UNSPECIFIED.) CURVE() GEOMETRIC_REPRESENTATION_ITEM() 
RATIONAL_B_SPLINE_CURVE((1.,0.5,1.,0.5,1.,0.5,1.)) REPRESENTATION_ITEM(
  '') );
#387 = CARTESIAN_POINT('',(28.4,15.));
#388 = CARTESIAN_POINT('',(28.4,17.77128129211));
#389 = CARTESIAN_POINT('',(30.8,16.385640646055));
#390 = CARTESIAN_POINT('',(33.2,15.));
#391 = CARTESIAN_POINT('',(30.8,13.614359353945));
#392 = CARTESIAN_POINT('',(28.4,12.22871870789));
#393 = CARTESIAN_POINT('',(28.4,15.));
#394 = ( GEOMETRIC_REPRESENTATION_CONTEXT(2) 
PARAMETRIC_REPRESENTATION_CONTEXT() REPRESENTATION_CONTEXT('2D SPACE',''
  ) );
#395 = PCURVE('',#396,#401);
#396 = CYLINDRICAL_SURFACE('',#397,1.6);
#397 = AXIS2_PLACEMENT_3D('',#398,#399,#400);
#398 = CARTESIAN_POINT('',(-45.,-75.,4.));
#399 = DIRECTION('',(0.,0.,-1.));
#400 = DIRECTION('',(-1.,0.,0.));
#401 = DEFINITIONAL_REPRESENTATION('',(#402),#406);
#402 = LINE('',#403,#404);
#403 = CARTESIAN_POINT('',(0.,0.));
#404 = VECTOR('',#405,1.);
#405 = DIRECTION('',(1.,0.));
#406 = ( GEOMETRIC_REPRESENTATION_CONTEXT(2) 
PARAMETRIC_REPRESENTATION_CONTEXT() REPRESENTATION_CONTEXT('2D SPACE',''
  ) );
#407 = FACE_BOUND('',#408,.T.);
#408 = EDGE_LOOP('',(#409,#440,#466,#495));
#409 = ORIENTED_EDGE('',*,*,#410,.F.);
#410 = EDGE_CURVE('',#411,#413,#415,.T.);
#411 = VERTEX_POINT('',#412);
#412 = CARTESIAN_POINT('',(-53.,-59.,4.));
#413 = VERTEX_POINT('',#414);
#414 = CARTESIAN_POINT('',(-53.,-63.,4.));
#415 = SURFACE_CURVE('',#416,(#421,#428),.PCURVE_S1.);
#416 = CIRCLE('',#417,2.);
#417 = AXIS2_PLACEMENT_3D('',#418,#419,#420);
#418 = CARTESIAN_POINT('',(-53.,-61.,4.));
#419 = DIRECTION('',(0.,0.,1.));
#420 = DIRECTION('',(-0.,-1.,0.));
#421 = PCURVE('',#44,#422);
#422 = DEFINITIONAL_REPRESENTATION('',(#423),#427);
#423 = CIRCLE('',#424,2.);
#424 = AXIS2_PLACEMENT_2D('',#425,#426);
#425 = CARTESIAN_POINT('',(22.,29.));
#426 = DIRECTION('',(0.,-1.));
#427 = ( GEOMETRIC_REPRESENTATION_CONTEXT(2) 
PARAMETRIC_REPRESENTATION_CONTEXT() REPRESENTATION_CONTEXT('2D SPACE',''
  ) );
#428 = PCURVE('',#429,#434);
#429 = CYLINDRICAL_SURFACE('',#430,2.);
#430 = AXIS2_PLACEMENT_3D('',#431,#432,#433);
#431 = CARTESIAN_POINT('',(-53.,-61.,184.0000003));
#432 = DIRECTION('',(0.,-0.,1.));
#433 = DIRECTION('',(0.,-1.,0.));
#434 = DEFINITIONAL_REPRESENTATION('',(#435),#439);
#435 = LINE('',#436,#437);
#436 = CARTESIAN_POINT('',(-6.28318530718,-180.0000003));
#437 = VECTOR('',#438,1.);
#438 = DIRECTION('',(1.,-0.));
#439 = ( GEOMETRIC_REPRESENTATION_CONTEXT(2) 
PARAMETRIC_REPRESENTATION_CONTEXT() REPRESENTATION_CONTEXT('2D SPACE',''
  ) );
#440 = ORIENTED_EDGE('',*,*,#441,.T.);
#441 = EDGE_CURVE('',#411,#442,#444,.T.);
#442 = VERTEX_POINT('',#443);
#443 = CARTESIAN_POINT('',(-43.,-59.,4.));
#444 = SURFACE_CURVE('',#445,(#449,#455),.PCURVE_S1.);
#445 = LINE('',#446,#447);
#446 = CARTESIAN_POINT('',(-64.,-59.,4.));
#447 = VECTOR('',#448,1.);
#448 = DIRECTION('',(1.,0.,-0.));
#449 = PCURVE('',#44,#450);
#450 = DEFINITIONAL_REPRESENTATION('',(#451),#454);
#451 = B_SPLINE_CURVE_WITH_KNOTS('',1,(#452,#453),.UNSPECIFIED.,.F.,.F.,
  (2,2),(11.,21.),.PIECEWISE_BEZIER_KNOTS.);
#452 = CARTESIAN_POINT('',(22.,31.));
#453 = CARTESIAN_POINT('',(32.,31.));
#454 = ( GEOMETRIC_REPRESENTATION_CONTEXT(2) 
PARAMETRIC_REPRESENTATION_CONTEXT() REPRESENTATION_CONTEXT('2D SPACE',''
  ) );
#455 = PCURVE('',#456,#461);
#456 = PLANE('',#457);
#457 = AXIS2_PLACEMENT_3D('',#458,#459,#460);
#458 = CARTESIAN_POINT('',(-53.,-59.,184.0000003));
#459 = DIRECTION('',(0.,-1.,0.));
#460 = DIRECTION('',(1.,0.,0.));
#461 = DEFINITIONAL_REPRESENTATION('',(#462),#465);
#462 = B_SPLINE_CURVE_WITH_KNOTS('',1,(#463,#464),.UNSPECIFIED.,.F.,.F.,
  (2,2),(11.,21.),.PIECEWISE_BEZIER_KNOTS.);
#463 = CARTESIAN_POINT('',(0.,-180.0000003));
#464 = CARTESIAN_POINT('',(10.,-180.0000003));
#465 = ( GEOMETRIC_REPRESENTATION_CONTEXT(2) 
PARAMETRIC_REPRESENTATION_CONTEXT() REPRESENTATION_CONTEXT('2D SPACE',''
  ) );
#466 = ORIENTED_EDGE('',*,*,#467,.F.);
#467 = EDGE_CURVE('',#468,#442,#470,.T.);
#468 = VERTEX_POINT('',#469);
#469 = CARTESIAN_POINT('',(-43.,-63.,4.));
#470 = SURFACE_CURVE('',#471,(#476,#483),.PCURVE_S1.);
#471 = CIRCLE('',#472,2.);
#472 = AXIS2_PLACEMENT_3D('',#473,#474,#475);
#473 = CARTESIAN_POINT('',(-43.,-61.,4.));
#474 = DIRECTION('',(0.,-0.,1.));
#475 = DIRECTION('',(0.,1.,0.));
#476 = PCURVE('',#44,#477);
#477 = DEFINITIONAL_REPRESENTATION('',(#478),#482);
#478 = CIRCLE('',#479,2.);
#479 = AXIS2_PLACEMENT_2D('',#480,#481);
#480 = CARTESIAN_POINT('',(32.,29.));
#481 = DIRECTION('',(0.,1.));
#482 = ( GEOMETRIC_REPRESENTATION_CONTEXT(2) 
PARAMETRIC_REPRESENTATION_CONTEXT() REPRESENTATION_CONTEXT('2D SPACE',''
  ) );
#483 = PCURVE('',#484,#489);
#484 = CYLINDRICAL_SURFACE('',#485,2.);
#485 = AXIS2_PLACEMENT_3D('',#486,#487,#488);
#486 = CARTESIAN_POINT('',(-43.,-61.,184.0000003));
#487 = DIRECTION('',(0.,0.,1.));
#488 = DIRECTION('',(0.,1.,0.));
#489 = DEFINITIONAL_REPRESENTATION('',(#490),#494);
#490 = LINE('',#491,#492);
#491 = CARTESIAN_POINT('',(-6.28318530718,-180.0000003));
#492 = VECTOR('',#493,1.);
#493 = DIRECTION('',(1.,-0.));
#494 = ( GEOMETRIC_REPRESENTATION_CONTEXT(2) 
PARAMETRIC_REPRESENTATION_CONTEXT() REPRESENTATION_CONTEXT('2D SPACE',''
  ) );
#495 = ORIENTED_EDGE('',*,*,#496,.T.);
#496 = EDGE_CURVE('',#468,#413,#497,.T.);
#497 = SURFACE_CURVE('',#498,(#502,#508),.PCURVE_S1.);
#498 = LINE('',#499,#500);
#499 = CARTESIAN_POINT('',(-59.,-63.,4.));
#500 = VECTOR('',#501,1.);
#501 = DIRECTION('',(-1.,0.,0.));
#502 = PCURVE('',#44,#503);
#503 = DEFINITIONAL_REPRESENTATION('',(#504),#507);
#504 = B_SPLINE_CURVE_WITH_KNOTS('',1,(#505,#506),.UNSPECIFIED.,.F.,.F.,
  (2,2),(-16.,-6.),.PIECEWISE_BEZIER_KNOTS.);
#505 = CARTESIAN_POINT('',(32.,27.));
#506 = CARTESIAN_POINT('',(22.,27.));
#507 = ( GEOMETRIC_REPRESENTATION_CONTEXT(2) 
PARAMETRIC_REPRESENTATION_CONTEXT() REPRESENTATION_CONTEXT('2D SPACE',''
  ) );
#508 = PCURVE('',#509,#514);
#509 = PLANE('',#510);
#510 = AXIS2_PLACEMENT_3D('',#511,#512,#513);
#511 = CARTESIAN_POINT('',(-43.,-63.,184.0000003));
#512 = DIRECTION('',(0.,1.,0.));
#513 = DIRECTION('',(-1.,0.,0.));
#514 = DEFINITIONAL_REPRESENTATION('',(#515),#518);
#515 = B_SPLINE_CURVE_WITH_KNOTS('',1,(#516,#517),.UNSPECIFIED.,.F.,.F.,
  (2,2),(-16.,-6.),.PIECEWISE_BEZIER_KNOTS.);
#516 = CARTESIAN_POINT('',(0.,-180.0000003));
#517 = CARTESIAN_POINT('',(10.,-180.0000003));
#518 = ( GEOMETRIC_REPRESENTATION_CONTEXT(2) 
PARAMETRIC_REPRESENTATION_CONTEXT() REPRESENTATION_CONTEXT('2D SPACE',''
  ) );
#519 = FACE_BOUND('',#520,.T.);
#520 = EDGE_LOOP('',(#521));
#521 = ORIENTED_EDGE('',*,*,#522,.T.);
#522 = EDGE_CURVE('',#523,#523,#525,.T.);
#523 = VERTEX_POINT('',#524);
#524 = CARTESIAN_POINT('',(-31.6,-75.,4.));
#525 = SURFACE_CURVE('',#526,(#531,#542),.PCURVE_S1.);
#526 = CIRCLE('',#527,1.6);
#527 = AXIS2_PLACEMENT_3D('',#528,#529,#530);
#528 = CARTESIAN_POINT('',(-30.,-75.,4.));
#529 = DIRECTION('',(0.,0.,-1.));
#530 = DIRECTION('',(-1.,0.,0.));
#531 = PCURVE('',#44,#532);
#532 = DEFINITIONAL_REPRESENTATION('',(#533),#541);
#533 = ( BOUNDED_CURVE() B_SPLINE_CURVE(2,(#534,#535,#536,#537,#538,#539
,#540),.UNSPECIFIED.,.T.,.F.) B_SPLINE_CURVE_WITH_KNOTS((1,2,2,2,2,1),(
    -2.094395102393,0.,2.094395102393,4.188790204786,6.28318530718,
8.377580409573),.UNSPECIFIED.) CURVE() GEOMETRIC_REPRESENTATION_ITEM() 
RATIONAL_B_SPLINE_CURVE((1.,0.5,1.,0.5,1.,0.5,1.)) REPRESENTATION_ITEM(
  '') );
#534 = CARTESIAN_POINT('',(43.4,15.));
#535 = CARTESIAN_POINT('',(43.4,17.77128129211));
#536 = CARTESIAN_POINT('',(45.8,16.385640646055));
#537 = CARTESIAN_POINT('',(48.2,15.));
#538 = CARTESIAN_POINT('',(45.8,13.614359353945));
#539 = CARTESIAN_POINT('',(43.4,12.22871870789));
#540 = CARTESIAN_POINT('',(43.4,15.));
#541 = ( GEOMETRIC_REPRESENTATION_CONTEXT(2) 
PARAMETRIC_REPRESENTATION_CONTEXT() REPRESENTATION_CONTEXT('2D SPACE',''
  ) );
#542 = PCURVE('',#543,#548);
#543 = CYLINDRICAL_SURFACE('',#544,1.6);
#544 = AXIS2_PLACEMENT_3D('',#545,#546,#547);
#545 = CARTESIAN_POINT('',(-30.,-75.,4.));
#546 = DIRECTION('',(0.,0.,-1.));
#547 = DIRECTION('',(-1.,0.,0.));
#548 = DEFINITIONAL_REPRESENTATION('',(#549),#553);
#549 = LINE('',#550,#551);
#550 = CARTESIAN_POINT('',(0.,0.));
#551 = VECTOR('',#552,1.);
#552 = DIRECTION('',(1.,0.));
#553 = ( GEOMETRIC_REPRESENTATION_CONTEXT(2) 
PARAMETRIC_REPRESENTATION_CONTEXT() REPRESENTATION_CONTEXT('2D SPACE',''
  ) );
#554 = FACE_BOUND('',#555,.T.);
#555 = EDGE_LOOP('',(#556));
#556 = ORIENTED_EDGE('',*,*,#557,.T.);
#557 = EDGE_CURVE('',#558,#558,#560,.T.);
#558 = VERTEX_POINT('',#559);
#559 = CARTESIAN_POINT('',(-31.6,-60.,4.));
#560 = SURFACE_CURVE('',#561,(#566,#577),.PCURVE_S1.);
#561 = CIRCLE('',#562,1.6);
#562 = AXIS2_PLACEMENT_3D('',#563,#564,#565);
#563 = CARTESIAN_POINT('',(-30.,-60.,4.));
#564 = DIRECTION('',(0.,0.,-1.));
#565 = DIRECTION('',(-1.,0.,0.));
#566 = PCURVE('',#44,#567);
#567 = DEFINITIONAL_REPRESENTATION('',(#568),#576);
#568 = ( BOUNDED_CURVE() B_SPLINE_CURVE(2,(#569,#570,#571,#572,#573,#574
,#575),.UNSPECIFIED.,.T.,.F.) B_SPLINE_CURVE_WITH_KNOTS((1,2,2,2,2,1),(
    -2.094395102393,0.,2.094395102393,4.188790204786,6.28318530718,
8.377580409573),.UNSPECIFIED.) CURVE() GEOMETRIC_REPRESENTATION_ITEM() 
RATIONAL_B_SPLINE_CURVE((1.,0.5,1.,0.5,1.,0.5,1.)) REPRESENTATION_ITEM(
  '') );
#569 = CARTESIAN_POINT('',(43.4,30.));
#570 = CARTESIAN_POINT('',(43.4,32.77128129211));
#571 = CARTESIAN_POINT('',(45.8,31.385640646055));
#572 = CARTESIAN_POINT('',(48.2,30.));
#573 = CARTESIAN_POINT('',(45.8,28.614359353945));
#574 = CARTESIAN_POINT('',(43.4,27.22871870789));
#575 = CARTESIAN_POINT('',(43.4,30.));
#576 = ( GEOMETRIC_REPRESENTATION_CONTEXT(2) 
PARAMETRIC_REPRESENTATION_CONTEXT() REPRESENTATION_CONTEXT('2D SPACE',''
  ) );
#577 = PCURVE('',#578,#583);
#578 = CYLINDRICAL_SURFACE('',#579,1.6);
#579 = AXIS2_PLACEMENT_3D('',#580,#581,#582);
#580 = CARTESIAN_POINT('',(-30.,-60.,4.));
#581 = DIRECTION('',(0.,0.,-1.));
#582 = DIRECTION('',(-1.,0.,0.));
#583 = DEFINITIONAL_REPRESENTATION('',(#584),#588);
#584 = LINE('',#585,#586);
#585 = CARTESIAN_POINT('',(0.,0.));
#586 = VECTOR('',#587,1.);
#587 = DIRECTION('',(1.,0.));
#588 = ( GEOMETRIC_REPRESENTATION_CONTEXT(2) 
PARAMETRIC_REPRESENTATION_CONTEXT() REPRESENTATION_CONTEXT('2D SPACE',''
  ) );
#589 = FACE_BOUND('',#590,.T.);
#590 = EDGE_LOOP('',(#591));
#591 = ORIENTED_EDGE('',*,*,#592,.T.);
#592 = EDGE_CURVE('',#593,#593,#595,.T.);
#593 = VERTEX_POINT('',#594);
#594 = CARTESIAN_POINT('',(-16.6,-75.,4.));
#595 = SURFACE_CURVE('',#596,(#601,#612),.PCURVE_S1.);
#596 = CIRCLE('',#597,1.6);
#597 = AXIS2_PLACEMENT_3D('',#598,#599,#600);
#598 = CARTESIAN_POINT('',(-15.,-75.,4.));
#599 = DIRECTION('',(0.,0.,-1.));
#600 = DIRECTION('',(-1.,0.,0.));
#601 = PCURVE('',#44,#602);
#602 = DEFINITIONAL_REPRESENTATION('',(#603),#611);
#603 = ( BOUNDED_CURVE() B_SPLINE_CURVE(2,(#604,#605,#606,#607,#608,#609
,#610),.UNSPECIFIED.,.T.,.F.) B_SPLINE_CURVE_WITH_KNOTS((1,2,2,2,2,1),(
    -2.094395102393,0.,2.094395102393,4.188790204786,6.28318530718,
8.377580409573),.UNSPECIFIED.) CURVE() GEOMETRIC_REPRESENTATION_ITEM() 
RATIONAL_B_SPLINE_CURVE((1.,0.5,1.,0.5,1.,0.5,1.)) REPRESENTATION_ITEM(
  '') );
#604 = CARTESIAN_POINT('',(58.4,15.));
#605 = CARTESIAN_POINT('',(58.4,17.77128129211));
#606 = CARTESIAN_POINT('',(60.8,16.385640646055));
#607 = CARTESIAN_POINT('',(63.2,15.));
#608 = CARTESIAN_POINT('',(60.8,13.614359353945));
#609 = CARTESIAN_POINT('',(58.4,12.22871870789));
#610 = CARTESIAN_POINT('',(58.4,15.));
#611 = ( GEOMETRIC_REPRESENTATION_CONTEXT(2) 
PARAMETRIC_REPRESENTATION_CONTEXT() REPRESENTATION_CONTEXT('2D SPACE',''
  ) );
#612 = PCURVE('',#613,#618);
#613 = CYLINDRICAL_SURFACE('',#614,1.6);
#614 = AXIS2_PLACEMENT_3D('',#615,#616,#617);
#615 = CARTESIAN_POINT('',(-15.,-75.,4.));
#616 = DIRECTION('',(0.,0.,-1.));
#617 = DIRECTION('',(-1.,0.,0.));
#618 = DEFINITIONAL_REPRESENTATION('',(#619),#623);
#619 = LINE('',#620,#621);
#620 = CARTESIAN_POINT('',(0.,0.));
#621 = VECTOR('',#622,1.);
#622 = DIRECTION('',(1.,0.));
#623 = ( GEOMETRIC_REPRESENTATION_CONTEXT(2) 
PARAMETRIC_REPRESENTATION_CONTEXT() REPRESENTATION_CONTEXT('2D SPACE',''
  ) );
#624 = FACE_BOUND('',#625,.T.);
#625 = EDGE_LOOP('',(#626));
#626 = ORIENTED_EDGE('',*,*,#627,.T.);
#627 = EDGE_CURVE('',#628,#628,#630,.T.);
#628 = VERTEX_POINT('',#629);
#629 = CARTESIAN_POINT('',(-16.6,-60.,4.));
#630 = SURFACE_CURVE('',#631,(#636,#647),.PCURVE_S1.);
#631 = CIRCLE('',#632,1.6);
#632 = AXIS2_PLACEMENT_3D('',#633,#634,#635);
#633 = CARTESIAN_POINT('',(-15.,-60.,4.));
#634 = DIRECTION('',(0.,0.,-1.));
#635 = DIRECTION('',(-1.,0.,0.));
#636 = PCURVE('',#44,#637);
#637 = DEFINITIONAL_REPRESENTATION('',(#638),#646);
#638 = ( BOUNDED_CURVE() B_SPLINE_CURVE(2,(#639,#640,#641,#642,#643,#644
,#645),.UNSPECIFIED.,.T.,.F.) B_SPLINE_CURVE_WITH_KNOTS((1,2,2,2,2,1),(
    -2.094395102393,0.,2.094395102393,4.188790204786,6.28318530718,
8.377580409573),.UNSPECIFIED.) CURVE() GEOMETRIC_REPRESENTATION_ITEM() 
RATIONAL_B_SPLINE_CURVE((1.,0.5,1.,0.5,1.,0.5,1.)) REPRESENTATION_ITEM(
  '') );
#639 = CARTESIAN_POINT('',(58.4,30.));
#640 = CARTESIAN_POINT('',(58.4,32.77128129211));
#641 = CARTESIAN_POINT('',(60.8,31.385640646055));
#642 = CARTESIAN_POINT('',(63.2,30.));
#643 = CARTESIAN_POINT('',(60.8,28.614359353945));
#644 = CARTESIAN_POINT('',(58.4,27.22871870789));
#645 = CARTESIAN_POINT('',(58.4,30.));
#646 = ( GEOMETRIC_REPRESENTATION_CONTEXT(2) 
PARAMETRIC_REPRESENTATION_CONTEXT() REPRESENTATION_CONTEXT('2D SPACE',''
  ) );
#647 = PCURVE('',#648,#653);
#648 = CYLINDRICAL_SURFACE('',#649,1.6);
#649 = AXIS2_PLACEMENT_3D('',#650,#651,#652);
#650 = CARTESIAN_POINT('',(-15.,-60.,4.));
#651 = DIRECTION('',(0.,0.,-1.));
#652 = DIRECTION('',(-1.,0.,0.));
#653 = DEFINITIONAL_REPRESENTATION('',(#654),#658);
#654 = LINE('',#655,#656);
#655 = CARTESIAN_POINT('',(0.,0.));
#656 = VECTOR('',#657,1.);
#657 = DIRECTION('',(1.,0.));
#658 = ( GEOMETRIC_REPRESENTATION_CONTEXT(2) 
PARAMETRIC_REPRESENTATION_CONTEXT() REPRESENTATION_CONTEXT('2D SPACE',''
  ) );
#659 = FACE_BOUND('',#660,.T.);
#660 = EDGE_LOOP('',(#661));
#661 = ORIENTED_EDGE('',*,*,#662,.T.);
#662 = EDGE_CURVE('',#663,#663,#665,.T.);
#663 = VERTEX_POINT('',#664);
#664 = CARTESIAN_POINT('',(-31.6,-45.,4.));
#665 = SURFACE_CURVE('',#666,(#671,#682),.PCURVE_S1.);
#666 = CIRCLE('',#667,1.6);
#667 = AXIS2_PLACEMENT_3D('',#668,#669,#670);
#668 = CARTESIAN_POINT('',(-30.,-45.,4.));
#669 = DIRECTION('',(0.,0.,-1.));
#670 = DIRECTION('',(-1.,0.,0.));
#671 = PCURVE('',#44,#672);
#672 = DEFINITIONAL_REPRESENTATION('',(#673),#681);
#673 = ( BOUNDED_CURVE() B_SPLINE_CURVE(2,(#674,#675,#676,#677,#678,#679
,#680),.UNSPECIFIED.,.T.,.F.) B_SPLINE_CURVE_WITH_KNOTS((1,2,2,2,2,1),(
    -2.094395102393,0.,2.094395102393,4.188790204786,6.28318530718,
8.377580409573),.UNSPECIFIED.) CURVE() GEOMETRIC_REPRESENTATION_ITEM() 
RATIONAL_B_SPLINE_CURVE((1.,0.5,1.,0.5,1.,0.5,1.)) REPRESENTATION_ITEM(
  '') );
#674 = CARTESIAN_POINT('',(43.4,45.));
#675 = CARTESIAN_POINT('',(43.4,47.77128129211));
#676 = CARTESIAN_POINT('',(45.8,46.385640646055));
#677 = CARTESIAN_POINT('',(48.2,45.));
#678 = CARTESIAN_POINT('',(45.8,43.614359353945));
#679 = CARTESIAN_POINT('',(43.4,42.22871870789));
#680 = CARTESIAN_POINT('',(43.4,45.));
#681 = ( GEOMETRIC_REPRESENTATION_CONTEXT(2) 
PARAMETRIC_REPRESENTATION_CONTEXT() REPRESENTATION_CONTEXT('2D SPACE',''
  ) );
#682 = PCURVE('',#683,#688);
#683 = CYLINDRICAL_SURFACE('',#684,1.6);
#684 = AXIS2_PLACEMENT_3D('',#685,#686,#687);
#685 = CARTESIAN_POINT('',(-30.,-45.,4.));
#686 = DIRECTION('',(0.,0.,-1.));
#687 = DIRECTION('',(-1.,0.,0.));
#688 = DEFINITIONAL_REPRESENTATION('',(#689),#693);
#689 = LINE('',#690,#691);
#690 = CARTESIAN_POINT('',(0.,0.));
#691 = VECTOR('',#692,1.);
#692 = DIRECTION('',(1.,0.));
#693 = ( GEOMETRIC_REPRESENTATION_CONTEXT(2) 
PARAMETRIC_REPRESENTATION_CONTEXT() REPRESENTATION_CONTEXT('2D SPACE',''
  ) );
#694 = FACE_BOUND('',#695,.T.);
#695 = EDGE_LOOP('',(#696));
#696 = ORIENTED_EDGE('',*,*,#697,.T.);
#697 = EDGE_CURVE('',#698,#698,#700,.T.);
#698 = VERTEX_POINT('',#699);
#699 = CARTESIAN_POINT('',(-16.6,-45.,4.));
#700 = SURFACE_CURVE('',#701,(#706,#717),.PCURVE_S1.);
#701 = CIRCLE('',#702,1.6);
#702 = AXIS2_PLACEMENT_3D('',#703,#704,#705);
#703 = CARTESIAN_POINT('',(-15.,-45.,4.));
#704 = DIRECTION('',(0.,0.,-1.));
#705 = DIRECTION('',(-1.,0.,0.));
#706 = PCURVE('',#44,#707);
#707 = DEFINITIONAL_REPRESENTATION('',(#708),#716);
#708 = ( BOUNDED_CURVE() B_SPLINE_CURVE(2,(#709,#710,#711,#712,#713,#714
,#715),.UNSPECIFIED.,.T.,.F.) B_SPLINE_CURVE_WITH_KNOTS((1,2,2,2,2,1),(
    -2.094395102393,0.,2.094395102393,4.188790204786,6.28318530718,
8.377580409573),.UNSPECIFIED.) CURVE() GEOMETRIC_REPRESENTATION_ITEM() 
RATIONAL_B_SPLINE_CURVE((1.,0.5,1.,0.5,1.,0.5,1.)) REPRESENTATION_ITEM(
  '') );
#709 = CARTESIAN_POINT('',(58.4,45.));
#710 = CARTESIAN_POINT('',(58.4,47.77128129211));
#711 = CARTESIAN_POINT('',(60.8,46.385640646055));
#712 = CARTESIAN_POINT('',(63.2,45.));
#713 = CARTESIAN_POINT('',(60.8,43.614359353945));
#714 = CARTESIAN_POINT('',(58.4,42.22871870789));
#715 = CARTESIAN_POINT('',(58.4,45.));
#716 = ( GEOMETRIC_REPRESENTATION_CONTEXT(2) 
PARAMETRIC_REPRESENTATION_CONTEXT() REPRESENTATION_CONTEXT('2D SPACE',''
  ) );
#717 = PCURVE('',#718,#723);
#718 = CYLINDRICAL_SURFACE('',#719,1.6);
#719 = AXIS2_PLACEMENT_3D('',#720,#721,#722);
#720 = CARTESIAN_POINT('',(-15.,-45.,4.));
#721 = DIRECTION('',(0.,0.,-1.));
#722 = DIRECTION('',(-1.,0.,0.));
#723 = DEFINITIONAL_REPRESENTATION('',(#724),#728);
#724 = LINE('',#725,#726);
#725 = CARTESIAN_POINT('',(0.,0.));
#726 = VECTOR('',#727,1.);
#727 = DIRECTION('',(1.,0.));
#728 = ( GEOMETRIC_REPRESENTATION_CONTEXT(2) 
PARAMETRIC_REPRESENTATION_CONTEXT() REPRESENTATION_CONTEXT('2D SPACE',''
  ) );
#729 = FACE_BOUND('',#730,.T.);
#730 = EDGE_LOOP('',(#731,#762,#788,#817));
#731 = ORIENTED_EDGE('',*,*,#732,.F.);
#732 = EDGE_CURVE('',#733,#735,#737,.T.);
#733 = VERTEX_POINT('',#734);
#734 = CARTESIAN_POINT('',(-53.,-27.,4.));
#735 = VERTEX_POINT('',#736);
#736 = CARTESIAN_POINT('',(-53.,-31.,4.));
#737 = SURFACE_CURVE('',#738,(#743,#750),.PCURVE_S1.);
#738 = CIRCLE('',#739,2.);
#739 = AXIS2_PLACEMENT_3D('',#740,#741,#742);
#740 = CARTESIAN_POINT('',(-53.,-29.,4.));
#741 = DIRECTION('',(0.,0.,1.));
#742 = DIRECTION('',(-0.,-1.,0.));
#743 = PCURVE('',#44,#744);
#744 = DEFINITIONAL_REPRESENTATION('',(#745),#749);
#745 = CIRCLE('',#746,2.);
#746 = AXIS2_PLACEMENT_2D('',#747,#748);
#747 = CARTESIAN_POINT('',(22.,61.));
#748 = DIRECTION('',(0.,-1.));
#749 = ( GEOMETRIC_REPRESENTATION_CONTEXT(2) 
PARAMETRIC_REPRESENTATION_CONTEXT() REPRESENTATION_CONTEXT('2D SPACE',''
  ) );
#750 = PCURVE('',#751,#756);
#751 = CYLINDRICAL_SURFACE('',#752,2.);
#752 = AXIS2_PLACEMENT_3D('',#753,#754,#755);
#753 = CARTESIAN_POINT('',(-53.,-29.,184.0000003));
#754 = DIRECTION('',(0.,-0.,1.));
#755 = DIRECTION('',(0.,-1.,0.));
#756 = DEFINITIONAL_REPRESENTATION('',(#757),#761);
#757 = LINE('',#758,#759);
#758 = CARTESIAN_POINT('',(-6.28318530718,-180.0000003));
#759 = VECTOR('',#760,1.);
#760 = DIRECTION('',(1.,-0.));
#761 = ( GEOMETRIC_REPRESENTATION_CONTEXT(2) 
PARAMETRIC_REPRESENTATION_CONTEXT() REPRESENTATION_CONTEXT('2D SPACE',''
  ) );
#762 = ORIENTED_EDGE('',*,*,#763,.T.);
#763 = EDGE_CURVE('',#733,#764,#766,.T.);
#764 = VERTEX_POINT('',#765);
#765 = CARTESIAN_POINT('',(-43.,-27.,4.));
#766 = SURFACE_CURVE('',#767,(#771,#777),.PCURVE_S1.);
#767 = LINE('',#768,#769);
#768 = CARTESIAN_POINT('',(-64.,-27.,4.));
#769 = VECTOR('',#770,1.);
#770 = DIRECTION('',(1.,0.,-0.));
#771 = PCURVE('',#44,#772);
#772 = DEFINITIONAL_REPRESENTATION('',(#773),#776);
#773 = B_SPLINE_CURVE_WITH_KNOTS('',1,(#774,#775),.UNSPECIFIED.,.F.,.F.,
  (2,2),(11.,21.),.PIECEWISE_BEZIER_KNOTS.);
#774 = CARTESIAN_POINT('',(22.,63.));
#775 = CARTESIAN_POINT('',(32.,63.));
#776 = ( GEOMETRIC_REPRESENTATION_CONTEXT(2) 
PARAMETRIC_REPRESENTATION_CONTEXT() REPRESENTATION_CONTEXT('2D SPACE',''
  ) );
#777 = PCURVE('',#778,#783);
#778 = PLANE('',#779);
#779 = AXIS2_PLACEMENT_3D('',#780,#781,#782);
#780 = CARTESIAN_POINT('',(-53.,-27.,184.0000003));
#781 = DIRECTION('',(0.,-1.,0.));
#782 = DIRECTION('',(1.,0.,0.));
#783 = DEFINITIONAL_REPRESENTATION('',(#784),#787);
#784 = B_SPLINE_CURVE_WITH_KNOTS('',1,(#785,#786),.UNSPECIFIED.,.F.,.F.,
  (2,2),(11.,21.),.PIECEWISE_BEZIER_KNOTS.);
#785 = CARTESIAN_POINT('',(0.,-180.0000003));
#786 = CARTESIAN_POINT('',(10.,-180.0000003));
#787 = ( GEOMETRIC_REPRESENTATION_CONTEXT(2) 
PARAMETRIC_REPRESENTATION_CONTEXT() REPRESENTATION_CONTEXT('2D SPACE',''
  ) );
#788 = ORIENTED_EDGE('',*,*,#789,.F.);
#789 = EDGE_CURVE('',#790,#764,#792,.T.);
#790 = VERTEX_POINT('',#791);
#791 = CARTESIAN_POINT('',(-43.,-31.,4.));
#792 = SURFACE_CURVE('',#793,(#798,#805),.PCURVE_S1.);
#793 = CIRCLE('',#794,2.);
#794 = AXIS2_PLACEMENT_3D('',#795,#796,#797);
#795 = CARTESIAN_POINT('',(-43.,-29.,4.));
#796 = DIRECTION('',(0.,-0.,1.));
#797 = DIRECTION('',(0.,1.,0.));
#798 = PCURVE('',#44,#799);
#799 = DEFINITIONAL_REPRESENTATION('',(#800),#804);
#800 = CIRCLE('',#801,2.);
#801 = AXIS2_PLACEMENT_2D('',#802,#803);
#802 = CARTESIAN_POINT('',(32.,61.));
#803 = DIRECTION('',(0.,1.));
#804 = ( GEOMETRIC_REPRESENTATION_CONTEXT(2) 
PARAMETRIC_REPRESENTATION_CONTEXT() REPRESENTATION_CONTEXT('2D SPACE',''
  ) );
#805 = PCURVE('',#806,#811);
#806 = CYLINDRICAL_SURFACE('',#807,2.);
#807 = AXIS2_PLACEMENT_3D('',#808,#809,#810);
#808 = CARTESIAN_POINT('',(-43.,-29.,184.0000003));
#809 = DIRECTION('',(0.,0.,1.));
#810 = DIRECTION('',(0.,1.,0.));
#811 = DEFINITIONAL_REPRESENTATION('',(#812),#816);
#812 = LINE('',#813,#814);
#813 = CARTESIAN_POINT('',(-6.28318530718,-180.0000003));
#814 = VECTOR('',#815,1.);
#815 = DIRECTION('',(1.,-0.));
#816 = ( GEOMETRIC_REPRESENTATION_CONTEXT(2) 
PARAMETRIC_REPRESENTATION_CONTEXT() REPRESENTATION_CONTEXT('2D SPACE',''
  ) );
#817 = ORIENTED_EDGE('',*,*,#818,.T.);
#818 = EDGE_CURVE('',#790,#735,#819,.T.);
#819 = SURFACE_CURVE('',#820,(#824,#830),.PCURVE_S1.);
#820 = LINE('',#821,#822);
#821 = CARTESIAN_POINT('',(-59.,-31.,4.));
#822 = VECTOR('',#823,1.);
#823 = DIRECTION('',(-1.,0.,0.));
#824 = PCURVE('',#44,#825);
#825 = DEFINITIONAL_REPRESENTATION('',(#826),#829);
#826 = B_SPLINE_CURVE_WITH_KNOTS('',1,(#827,#828),.UNSPECIFIED.,.F.,.F.,
  (2,2),(-16.,-6.),.PIECEWISE_BEZIER_KNOTS.);
#827 = CARTESIAN_POINT('',(32.,59.));
#828 = CARTESIAN_POINT('',(22.,59.));
#829 = ( GEOMETRIC_REPRESENTATION_CONTEXT(2) 
PARAMETRIC_REPRESENTATION_CONTEXT() REPRESENTATION_CONTEXT('2D SPACE',''
  ) );
#830 = PCURVE('',#831,#836);
#831 = PLANE('',#832);
#832 = AXIS2_PLACEMENT_3D('',#833,#834,#835);
#833 = CARTESIAN_POINT('',(-43.,-31.,184.0000003));
#834 = DIRECTION('',(0.,1.,0.));
#835 = DIRECTION('',(-1.,0.,0.));
#836 = DEFINITIONAL_REPRESENTATION('',(#837),#840);
#837 = B_SPLINE_CURVE_WITH_KNOTS('',1,(#838,#839),.UNSPECIFIED.,.F.,.F.,
  (2,2),(-16.,-6.),.PIECEWISE_BEZIER_KNOTS.);
#838 = CARTESIAN_POINT('',(0.,-180.0000003));
#839 = CARTESIAN_POINT('',(10.,-180.0000003));
#840 = ( GEOMETRIC_REPRESENTATION_CONTEXT(2) 
PARAMETRIC_REPRESENTATION_CONTEXT() REPRESENTATION_CONTEXT('2D SPACE',''
  ) );
#841 = FACE_BOUND('',#842,.T.);
#842 = EDGE_LOOP('',(#843));
#843 = ORIENTED_EDGE('',*,*,#844,.T.);
#844 = EDGE_CURVE('',#845,#845,#847,.T.);
#845 = VERTEX_POINT('',#846);
#846 = CARTESIAN_POINT('',(-67.6,-11.,4.));
#847 = SURFACE_CURVE('',#848,(#853,#864),.PCURVE_S1.);
#848 = CIRCLE('',#849,1.6);
#849 = AXIS2_PLACEMENT_3D('',#850,#851,#852);
#850 = CARTESIAN_POINT('',(-66.,-11.,4.));
#851 = DIRECTION('',(0.,0.,-1.));
#852 = DIRECTION('',(-1.,0.,0.));
#853 = PCURVE('',#44,#854);
#854 = DEFINITIONAL_REPRESENTATION('',(#855),#863);
#855 = ( BOUNDED_CURVE() B_SPLINE_CURVE(2,(#856,#857,#858,#859,#860,#861
,#862),.UNSPECIFIED.,.T.,.F.) B_SPLINE_CURVE_WITH_KNOTS((1,2,2,2,2,1),(
    -2.094395102393,0.,2.094395102393,4.188790204786,6.28318530718,
8.377580409573),.UNSPECIFIED.) CURVE() GEOMETRIC_REPRESENTATION_ITEM() 
RATIONAL_B_SPLINE_CURVE((1.,0.5,1.,0.5,1.,0.5,1.)) REPRESENTATION_ITEM(
  '') );
#856 = CARTESIAN_POINT('',(7.4,79.));
#857 = CARTESIAN_POINT('',(7.4,81.77128129211));
#858 = CARTESIAN_POINT('',(9.8,80.385640646055));
#859 = CARTESIAN_POINT('',(12.2,79.));
#860 = CARTESIAN_POINT('',(9.8,77.614359353945));
#861 = CARTESIAN_POINT('',(7.4,76.22871870789));
#862 = CARTESIAN_POINT('',(7.4,79.));
#863 = ( GEOMETRIC_REPRESENTATION_CONTEXT(2) 
PARAMETRIC_REPRESENTATION_CONTEXT() REPRESENTATION_CONTEXT('2D SPACE',''
  ) );
#864 = PCURVE('',#865,#870);
#865 = CYLINDRICAL_SURFACE('',#866,1.6);
#866 = AXIS2_PLACEMENT_3D('',#867,#868,#869);
#867 = CARTESIAN_POINT('',(-66.,-11.,4.));
#868 = DIRECTION('',(0.,0.,-1.));
#869 = DIRECTION('',(-1.,0.,0.));
#870 = DEFINITIONAL_REPRESENTATION('',(#871),#875);
#871 = LINE('',#872,#873);
#872 = CARTESIAN_POINT('',(0.,0.));
#873 = VECTOR('',#874,1.);
#874 = DIRECTION('',(1.,0.));
#875 = ( GEOMETRIC_REPRESENTATION_CONTEXT(2) 
PARAMETRIC_REPRESENTATION_CONTEXT() REPRESENTATION_CONTEXT('2D SPACE',''
  ) );
#876 = FACE_BOUND('',#877,.T.);
#877 = EDGE_LOOP('',(#878));
#878 = ORIENTED_EDGE('',*,*,#879,.T.);
#879 = EDGE_CURVE('',#880,#880,#882,.T.);
#880 = VERTEX_POINT('',#881);
#881 = CARTESIAN_POINT('',(-61.6,-15.,4.));
#882 = SURFACE_CURVE('',#883,(#888,#899),.PCURVE_S1.);
#883 = CIRCLE('',#884,1.6);
#884 = AXIS2_PLACEMENT_3D('',#885,#886,#887);
#885 = CARTESIAN_POINT('',(-60.,-15.,4.));
#886 = DIRECTION('',(0.,0.,-1.));
#887 = DIRECTION('',(-1.,0.,0.));
#888 = PCURVE('',#44,#889);
#889 = DEFINITIONAL_REPRESENTATION('',(#890),#898);
#890 = ( BOUNDED_CURVE() B_SPLINE_CURVE(2,(#891,#892,#893,#894,#895,#896
,#897),.UNSPECIFIED.,.T.,.F.) B_SPLINE_CURVE_WITH_KNOTS((1,2,2,2,2,1),(
    -2.094395102393,0.,2.094395102393,4.188790204786,6.28318530718,
8.377580409573),.UNSPECIFIED.) CURVE() GEOMETRIC_REPRESENTATION_ITEM() 
RATIONAL_B_SPLINE_CURVE((1.,0.5,1.,0.5,1.,0.5,1.)) REPRESENTATION_ITEM(
  '') );
#891 = CARTESIAN_POINT('',(13.4,75.));
#892 = CARTESIAN_POINT('',(13.4,77.77128129211));
#893 = CARTESIAN_POINT('',(15.8,76.385640646055));
#894 = CARTESIAN_POINT('',(18.2,75.));
#895 = CARTESIAN_POINT('',(15.8,73.614359353945));
#896 = CARTESIAN_POINT('',(13.4,72.22871870789));
#897 = CARTESIAN_POINT('',(13.4,75.));
#898 = ( GEOMETRIC_REPRESENTATION_CONTEXT(2) 
PARAMETRIC_REPRESENTATION_CONTEXT() REPRESENTATION_CONTEXT('2D SPACE',''
  ) );
#899 = PCURVE('',#900,#905);
#900 = CYLINDRICAL_SURFACE('',#901,1.6);
#901 = AXIS2_PLACEMENT_3D('',#902,#903,#904);
#902 = CARTESIAN_POINT('',(-60.,-15.,4.));
#903 = DIRECTION('',(0.,0.,-1.));
#904 = DIRECTION('',(-1.,0.,0.));
#905 = DEFINITIONAL_REPRESENTATION('',(#906),#910);
#906 = LINE('',#907,#908);
#907 = CARTESIAN_POINT('',(0.,0.));
#908 = VECTOR('',#909,1.);
#909 = DIRECTION('',(1.,0.));
#910 = ( GEOMETRIC_REPRESENTATION_CONTEXT(2) 
PARAMETRIC_REPRESENTATION_CONTEXT() REPRESENTATION_CONTEXT('2D SPACE',''
  ) );
#911 = FACE_BOUND('',#912,.T.);
#912 = EDGE_LOOP('',(#913));
#913 = ORIENTED_EDGE('',*,*,#914,.T.);
#914 = EDGE_CURVE('',#915,#915,#917,.T.);
#915 = VERTEX_POINT('',#916);
#916 = CARTESIAN_POINT('',(-61.6,-3.918869757272E-16,4.));
#917 = SURFACE_CURVE('',#918,(#923,#934),.PCURVE_S1.);
#918 = CIRCLE('',#919,1.6);
#919 = AXIS2_PLACEMENT_3D('',#920,#921,#922);
#920 = CARTESIAN_POINT('',(-60.,0.,4.));
#921 = DIRECTION('',(0.,0.,-1.));
#922 = DIRECTION('',(-1.,0.,0.));
#923 = PCURVE('',#44,#924);
#924 = DEFINITIONAL_REPRESENTATION('',(#925),#933);
#925 = ( BOUNDED_CURVE() B_SPLINE_CURVE(2,(#926,#927,#928,#929,#930,#931
,#932),.UNSPECIFIED.,.T.,.F.) B_SPLINE_CURVE_WITH_KNOTS((1,2,2,2,2,1),(
    -2.094395102393,0.,2.094395102393,4.188790204786,6.28318530718,
8.377580409573),.UNSPECIFIED.) CURVE() GEOMETRIC_REPRESENTATION_ITEM() 
RATIONAL_B_SPLINE_CURVE((1.,0.5,1.,0.5,1.,0.5,1.)) REPRESENTATION_ITEM(
  '') );
#926 = CARTESIAN_POINT('',(13.4,90.));
#927 = CARTESIAN_POINT('',(13.4,92.77128129211));
#928 = CARTESIAN_POINT('',(15.8,91.385640646055));
#929 = CARTESIAN_POINT('',(18.2,90.));
#930 = CARTESIAN_POINT('',(15.8,88.614359353945));
#931 = CARTESIAN_POINT('',(13.4,87.22871870789));
#932 = CARTESIAN_POINT('',(13.4,90.));
#933 = ( GEOMETRIC_REPRESENTATION_CONTEXT(2) 
PARAMETRIC_REPRESENTATION_CONTEXT() REPRESENTATION_CONTEXT('2D SPACE',''
  ) );
#934 = PCURVE('',#935,#940);
#935 = CYLINDRICAL_SURFACE('',#936,1.6);
#936 = AXIS2_PLACEMENT_3D('',#937,#938,#939);
#937 = CARTESIAN_POINT('',(-60.,0.,4.));
#938 = DIRECTION('',(0.,0.,-1.));
#939 = DIRECTION('',(-1.,0.,0.));
#940 = DEFINITIONAL_REPRESENTATION('',(#941),#945);
#941 = LINE('',#942,#943);
#942 = CARTESIAN_POINT('',(0.,0.));
#943 = VECTOR('',#944,1.);
#944 = DIRECTION('',(1.,0.));
#945 = ( GEOMETRIC_REPRESENTATION_CONTEXT(2) 
PARAMETRIC_REPRESENTATION_CONTEXT() REPRESENTATION_CONTEXT('2D SPACE',''
  ) );
#946 = FACE_BOUND('',#947,.T.);
#947 = EDGE_LOOP('',(#948));
#948 = ORIENTED_EDGE('',*,*,#949,.T.);
#949 = EDGE_CURVE('',#950,#950,#952,.T.);
#950 = VERTEX_POINT('',#951);
#951 = CARTESIAN_POINT('',(-46.6,-15.,4.));
#952 = SURFACE_CURVE('',#953,(#958,#969),.PCURVE_S1.);
#953 = CIRCLE('',#954,1.6);
#954 = AXIS2_PLACEMENT_3D('',#955,#956,#957);
#955 = CARTESIAN_POINT('',(-45.,-15.,4.));
#956 = DIRECTION('',(0.,0.,-1.));
#957 = DIRECTION('',(-1.,0.,0.));
#958 = PCURVE('',#44,#959);
#959 = DEFINITIONAL_REPRESENTATION('',(#960),#968);
#960 = ( BOUNDED_CURVE() B_SPLINE_CURVE(2,(#961,#962,#963,#964,#965,#966
,#967),.UNSPECIFIED.,.T.,.F.) B_SPLINE_CURVE_WITH_KNOTS((1,2,2,2,2,1),(
    -2.094395102393,0.,2.094395102393,4.188790204786,6.28318530718,
8.377580409573),.UNSPECIFIED.) CURVE() GEOMETRIC_REPRESENTATION_ITEM() 
RATIONAL_B_SPLINE_CURVE((1.,0.5,1.,0.5,1.,0.5,1.)) REPRESENTATION_ITEM(
  '') );
#961 = CARTESIAN_POINT('',(28.4,75.));
#962 = CARTESIAN_POINT('',(28.4,77.77128129211));
#963 = CARTESIAN_POINT('',(30.8,76.385640646055));
#964 = CARTESIAN_POINT('',(33.2,75.));
#965 = CARTESIAN_POINT('',(30.8,73.614359353945));
#966 = CARTESIAN_POINT('',(28.4,72.22871870789));
#967 = CARTESIAN_POINT('',(28.4,75.));
#968 = ( GEOMETRIC_REPRESENTATION_CONTEXT(2) 
PARAMETRIC_REPRESENTATION_CONTEXT() REPRESENTATION_CONTEXT('2D SPACE',''
  ) );
#969 = PCURVE('',#970,#975);
#970 = CYLINDRICAL_SURFACE('',#971,1.6);
#971 = AXIS2_PLACEMENT_3D('',#972,#973,#974);
#972 = CARTESIAN_POINT('',(-45.,-15.,4.));
#973 = DIRECTION('',(0.,0.,-1.));
#974 = DIRECTION('',(-1.,0.,0.));
#975 = DEFINITIONAL_REPRESENTATION('',(#976),#980);
#976 = LINE('',#977,#978);
#977 = CARTESIAN_POINT('',(0.,0.));
#978 = VECTOR('',#979,1.);
#979 = DIRECTION('',(1.,0.));
#980 = ( GEOMETRIC_REPRESENTATION_CONTEXT(2) 
PARAMETRIC_REPRESENTATION_CONTEXT() REPRESENTATION_CONTEXT('2D SPACE',''
  ) );
#981 = FACE_BOUND('',#982,.T.);
#982 = EDGE_LOOP('',(#983));
#983 = ORIENTED_EDGE('',*,*,#984,.T.);
#984 = EDGE_CURVE('',#985,#985,#987,.T.);
#985 = VERTEX_POINT('',#986);
#986 = CARTESIAN_POINT('',(-46.6,-3.918869757272E-16,4.));
#987 = SURFACE_CURVE('',#988,(#993,#1004),.PCURVE_S1.);
#988 = CIRCLE('',#989,1.6);
#989 = AXIS2_PLACEMENT_3D('',#990,#991,#992);
#990 = CARTESIAN_POINT('',(-45.,0.,4.));
#991 = DIRECTION('',(0.,0.,-1.));
#992 = DIRECTION('',(-1.,0.,0.));
#993 = PCURVE('',#44,#994);
#994 = DEFINITIONAL_REPRESENTATION('',(#995),#1003);
#995 = ( BOUNDED_CURVE() B_SPLINE_CURVE(2,(#996,#997,#998,#999,#1000,
#1001,#1002),.UNSPECIFIED.,.T.,.F.) B_SPLINE_CURVE_WITH_KNOTS((1,2,2,2,2
    ,1),(-2.094395102393,0.,2.094395102393,4.188790204786,6.28318530718,
8.377580409573),.UNSPECIFIED.) CURVE() GEOMETRIC_REPRESENTATION_ITEM() 
RATIONAL_B_SPLINE_CURVE((1.,0.5,1.,0.5,1.,0.5,1.)) REPRESENTATION_ITEM(
  '') );
#996 = CARTESIAN_POINT('',(28.4,90.));
#997 = CARTESIAN_POINT('',(28.4,92.77128129211));
#998 = CARTESIAN_POINT('',(30.8,91.385640646055));
#999 = CARTESIAN_POINT('',(33.2,90.));
#1000 = CARTESIAN_POINT('',(30.8,88.614359353945));
#1001 = CARTESIAN_POINT('',(28.4,87.22871870789));
#1002 = CARTESIAN_POINT('',(28.4,90.));
#1003 = ( GEOMETRIC_REPRESENTATION_CONTEXT(2) 
PARAMETRIC_REPRESENTATION_CONTEXT() REPRESENTATION_CONTEXT('2D SPACE',''
  ) );
#1004 = PCURVE('',#1005,#1010);
#1005 = CYLINDRICAL_SURFACE('',#1006,1.6);
#1006 = AXIS2_PLACEMENT_3D('',#1007,#1008,#1009);
#1007 = CARTESIAN_POINT('',(-45.,0.,4.));
#1008 = DIRECTION('',(0.,0.,-1.));
#1009 = DIRECTION('',(-1.,0.,0.));
#1010 = DEFINITIONAL_REPRESENTATION('',(#1011),#1015);
#1011 = LINE('',#1012,#1013);
#1012 = CARTESIAN_POINT('',(0.,0.));
#1013 = VECTOR('',#1014,1.);
#1014 = DIRECTION('',(1.,0.));
#1015 = ( GEOMETRIC_REPRESENTATION_CONTEXT(2) 
PARAMETRIC_REPRESENTATION_CONTEXT() REPRESENTATION_CONTEXT('2D SPACE',''
  ) );
#1016 = FACE_BOUND('',#1017,.T.);
#1017 = EDGE_LOOP('',(#1018));
#1018 = ORIENTED_EDGE('',*,*,#1019,.T.);
#1019 = EDGE_CURVE('',#1020,#1020,#1022,.T.);
#1020 = VERTEX_POINT('',#1021);
#1021 = CARTESIAN_POINT('',(-31.6,-30.,4.));
#1022 = SURFACE_CURVE('',#1023,(#1028,#1039),.PCURVE_S1.);
#1023 = CIRCLE('',#1024,1.6);
#1024 = AXIS2_PLACEMENT_3D('',#1025,#1026,#1027);
#1025 = CARTESIAN_POINT('',(-30.,-30.,4.));
#1026 = DIRECTION('',(0.,0.,-1.));
#1027 = DIRECTION('',(-1.,0.,0.));
#1028 = PCURVE('',#44,#1029);
#1029 = DEFINITIONAL_REPRESENTATION('',(#1030),#1038);
#1030 = ( BOUNDED_CURVE() B_SPLINE_CURVE(2,(#1031,#1032,#1033,#1034,
#1035,#1036,#1037),.UNSPECIFIED.,.T.,.F.) B_SPLINE_CURVE_WITH_KNOTS((1,2
    ,2,2,2,1),(-2.094395102393,0.,2.094395102393,4.188790204786,
6.28318530718,8.377580409573),.UNSPECIFIED.) CURVE() 
GEOMETRIC_REPRESENTATION_ITEM() RATIONAL_B_SPLINE_CURVE((1.,0.5,1.,0.5,
1.,0.5,1.)) REPRESENTATION_ITEM('') );
#1031 = CARTESIAN_POINT('',(43.4,60.));
#1032 = CARTESIAN_POINT('',(43.4,62.77128129211));
#1033 = CARTESIAN_POINT('',(45.8,61.385640646055));
#1034 = CARTESIAN_POINT('',(48.2,60.));
#1035 = CARTESIAN_POINT('',(45.8,58.614359353945));
#1036 = CARTESIAN_POINT('',(43.4,57.22871870789));
#1037 = CARTESIAN_POINT('',(43.4,60.));
#1038 = ( GEOMETRIC_REPRESENTATION_CONTEXT(2) 
PARAMETRIC_REPRESENTATION_CONTEXT() REPRESENTATION_CONTEXT('2D SPACE',''
  ) );
#1039 = PCURVE('',#1040,#1045);
#1040 = CYLINDRICAL_SURFACE('',#1041,1.6);
#1041 = AXIS2_PLACEMENT_3D('',#1042,#1043,#1044);
#1042 = CARTESIAN_POINT('',(-30.,-30.,4.));
#1043 = DIRECTION('',(0.,0.,-1.));
#1044 = DIRECTION('',(-1.,0.,0.));
#1045 = DEFINITIONAL_REPRESENTATION('',(#1046),#1050);
#1046 = LINE('',#1047,#1048);
#1047 = CARTESIAN_POINT('',(0.,0.));
#1048 = VECTOR('',#1049,1.);
#1049 = DIRECTION('',(1.,0.));
#1050 = ( GEOMETRIC_REPRESENTATION_CONTEXT(2) 
PARAMETRIC_REPRESENTATION_CONTEXT() REPRESENTATION_CONTEXT('2D SPACE',''
  ) );
#1051 = FACE_BOUND('',#1052,.T.);
#1052 = EDGE_LOOP('',(#1053));
#1053 = ORIENTED_EDGE('',*,*,#1054,.T.);
#1054 = EDGE_CURVE('',#1055,#1055,#1057,.T.);
#1055 = VERTEX_POINT('',#1056);
#1056 = CARTESIAN_POINT('',(-16.6,-30.,4.));
#1057 = SURFACE_CURVE('',#1058,(#1063,#1074),.PCURVE_S1.);
#1058 = CIRCLE('',#1059,1.6);
#1059 = AXIS2_PLACEMENT_3D('',#1060,#1061,#1062);
#1060 = CARTESIAN_POINT('',(-15.,-30.,4.));
#1061 = DIRECTION('',(0.,0.,-1.));
#1062 = DIRECTION('',(-1.,0.,0.));
#1063 = PCURVE('',#44,#1064);
#1064 = DEFINITIONAL_REPRESENTATION('',(#1065),#1073);
#1065 = ( BOUNDED_CURVE() B_SPLINE_CURVE(2,(#1066,#1067,#1068,#1069,
#1070,#1071,#1072),.UNSPECIFIED.,.T.,.F.) B_SPLINE_CURVE_WITH_KNOTS((1,2
    ,2,2,2,1),(-2.094395102393,0.,2.094395102393,4.188790204786,
6.28318530718,8.377580409573),.UNSPECIFIED.) CURVE() 
GEOMETRIC_REPRESENTATION_ITEM() RATIONAL_B_SPLINE_CURVE((1.,0.5,1.,0.5,
1.,0.5,1.)) REPRESENTATION_ITEM('') );
#1066 = CARTESIAN_POINT('',(58.4,60.));
#1067 = CARTESIAN_POINT('',(58.4,62.77128129211));
#1068 = CARTESIAN_POINT('',(60.8,61.385640646055));
#1069 = CARTESIAN_POINT('',(63.2,60.));
#1070 = CARTESIAN_POINT('',(60.8,58.614359353945));
#1071 = CARTESIAN_POINT('',(58.4,57.22871870789));
#1072 = CARTESIAN_POINT('',(58.4,60.));
#1073 = ( GEOMETRIC_REPRESENTATION_CONTEXT(2) 
PARAMETRIC_REPRESENTATION_CONTEXT() REPRESENTATION_CONTEXT('2D SPACE',''
  ) );
#1074 = PCURVE('',#1075,#1080);
#1075 = CYLINDRICAL_SURFACE('',#1076,1.6);
#1076 = AXIS2_PLACEMENT_3D('',#1077,#1078,#1079);
#1077 = CARTESIAN_POINT('',(-15.,-30.,4.));
#1078 = DIRECTION('',(0.,0.,-1.));
#1079 = DIRECTION('',(-1.,0.,0.));
#1080 = DEFINITIONAL_REPRESENTATION('',(#1081),#1085);
#1081 = LINE('',#1082,#1083);
#1082 = CARTESIAN_POINT('',(0.,0.));
#1083 = VECTOR('',#1084,1.);
#1084 = DIRECTION('',(1.,0.));
#1085 = ( GEOMETRIC_REPRESENTATION_CONTEXT(2) 
PARAMETRIC_REPRESENTATION_CONTEXT() REPRESENTATION_CONTEXT('2D SPACE',''
  ) );
#1086 = FACE_BOUND('',#1087,.T.);
#1087 = EDGE_LOOP('',(#1088));
#1088 = ORIENTED_EDGE('',*,*,#1089,.T.);
#1089 = EDGE_CURVE('',#1090,#1090,#1092,.T.);
#1090 = VERTEX_POINT('',#1091);
#1091 = CARTESIAN_POINT('',(-31.6,-15.,4.));
#1092 = SURFACE_CURVE('',#1093,(#1098,#1109),.PCURVE_S1.);
#1093 = CIRCLE('',#1094,1.6);
#1094 = AXIS2_PLACEMENT_3D('',#1095,#1096,#1097);
#1095 = CARTESIAN_POINT('',(-30.,-15.,4.));
#1096 = DIRECTION('',(0.,0.,-1.));
#1097 = DIRECTION('',(-1.,0.,0.));
#1098 = PCURVE('',#44,#1099);
#1099 = DEFINITIONAL_REPRESENTATION('',(#1100),#1108);
#1100 = ( BOUNDED_CURVE() B_SPLINE_CURVE(2,(#1101,#1102,#1103,#1104,
#1105,#1106,#1107),.UNSPECIFIED.,.T.,.F.) B_SPLINE_CURVE_WITH_KNOTS((1,2
    ,2,2,2,1),(-2.094395102393,0.,2.094395102393,4.188790204786,
6.28318530718,8.377580409573),.UNSPECIFIED.) CURVE() 
GEOMETRIC_REPRESENTATION_ITEM() RATIONAL_B_SPLINE_CURVE((1.,0.5,1.,0.5,
1.,0.5,1.)) REPRESENTATION_ITEM('') );
#1101 = CARTESIAN_POINT('',(43.4,75.));
#1102 = CARTESIAN_POINT('',(43.4,77.77128129211));
#1103 = CARTESIAN_POINT('',(45.8,76.385640646055));
#1104 = CARTESIAN_POINT('',(48.2,75.));
#1105 = CARTESIAN_POINT('',(45.8,73.614359353945));
#1106 = CARTESIAN_POINT('',(43.4,72.22871870789));
#1107 = CARTESIAN_POINT('',(43.4,75.));
#1108 = ( GEOMETRIC_REPRESENTATION_CONTEXT(2) 
PARAMETRIC_REPRESENTATION_CONTEXT() REPRESENTATION_CONTEXT('2D SPACE',''
  ) );
#1109 = PCURVE('',#1110,#1115);
#1110 = CYLINDRICAL_SURFACE('',#1111,1.6);
#1111 = AXIS2_PLACEMENT_3D('',#1112,#1113,#1114);
#1112 = CARTESIAN_POINT('',(-30.,-15.,4.));
#1113 = DIRECTION('',(0.,0.,-1.));
#1114 = DIRECTION('',(-1.,0.,0.));
#1115 = DEFINITIONAL_REPRESENTATION('',(#1116),#1120);
#1116 = LINE('',#1117,#1118);
#1117 = CARTESIAN_POINT('',(0.,0.));
#1118 = VECTOR('',#1119,1.);
#1119 = DIRECTION('',(1.,0.));
#1120 = ( GEOMETRIC_REPRESENTATION_CONTEXT(2) 
PARAMETRIC_REPRESENTATION_CONTEXT() REPRESENTATION_CONTEXT('2D SPACE',''
  ) );
#1121 = FACE_BOUND('',#1122,.T.);
#1122 = EDGE_LOOP('',(#1123));
#1123 = ORIENTED_EDGE('',*,*,#1124,.T.);
#1124 = EDGE_CURVE('',#1125,#1125,#1127,.T.);
#1125 = VERTEX_POINT('',#1126);
#1126 = CARTESIAN_POINT('',(-31.6,-3.918869757272E-16,4.));
#1127 = SURFACE_CURVE('',#1128,(#1133,#1144),.PCURVE_S1.);
#1128 = CIRCLE('',#1129,1.6);
#1129 = AXIS2_PLACEMENT_3D('',#1130,#1131,#1132);
#1130 = CARTESIAN_POINT('',(-30.,0.,4.));
#1131 = DIRECTION('',(0.,0.,-1.));
#1132 = DIRECTION('',(-1.,0.,0.));
#1133 = PCURVE('',#44,#1134);
#1134 = DEFINITIONAL_REPRESENTATION('',(#1135),#1143);
#1135 = ( BOUNDED_CURVE() B_SPLINE_CURVE(2,(#1136,#1137,#1138,#1139,
#1140,#1141,#1142),.UNSPECIFIED.,.T.,.F.) B_SPLINE_CURVE_WITH_KNOTS((1,2
    ,2,2,2,1),(-2.094395102393,0.,2.094395102393,4.188790204786,
6.28318530718,8.377580409573),.UNSPECIFIED.) CURVE() 
GEOMETRIC_REPRESENTATION_ITEM() RATIONAL_B_SPLINE_CURVE((1.,0.5,1.,0.5,
1.,0.5,1.)) REPRESENTATION_ITEM('') );
#1136 = CARTESIAN_POINT('',(43.4,90.));
#1137 = CARTESIAN_POINT('',(43.4,92.77128129211));
#1138 = CARTESIAN_POINT('',(45.8,91.385640646055));
#1139 = CARTESIAN_POINT('',(48.2,90.));
#1140 = CARTESIAN_POINT('',(45.8,88.614359353945));
#1141 = CARTESIAN_POINT('',(43.4,87.22871870789));
#1142 = CARTESIAN_POINT('',(43.4,90.));
#1143 = ( GEOMETRIC_REPRESENTATION_CONTEXT(2) 
PARAMETRIC_REPRESENTATION_CONTEXT() REPRESENTATION_CONTEXT('2D SPACE',''
  ) );
#1144 = PCURVE('',#1145,#1150);
#1145 = CYLINDRICAL_SURFACE('',#1146,1.6);
#1146 = AXIS2_PLACEMENT_3D('',#1147,#1148,#1149);
#1147 = CARTESIAN_POINT('',(-30.,0.,4.));
#1148 = DIRECTION('',(0.,0.,-1.));
#1149 = DIRECTION('',(-1.,0.,0.));
#1150 = DEFINITIONAL_REPRESENTATION('',(#1151),#1155);
#1151 = LINE('',#1152,#1153);
#1152 = CARTESIAN_POINT('',(0.,0.));
#1153 = VECTOR('',#1154,1.);
#1154 = DIRECTION('',(1.,0.));
#1155 = ( GEOMETRIC_REPRESENTATION_CONTEXT(2) 
PARAMETRIC_REPRESENTATION_CONTEXT() REPRESENTATION_CONTEXT('2D SPACE',''
  ) );
#1156 = FACE_BOUND('',#1157,.T.);
#1157 = EDGE_LOOP('',(#1158));
#1158 = ORIENTED_EDGE('',*,*,#1159,.T.);
#1159 = EDGE_CURVE('',#1160,#1160,#1162,.T.);
#1160 = VERTEX_POINT('',#1161);
#1161 = CARTESIAN_POINT('',(-16.6,-15.,4.));
#1162 = SURFACE_CURVE('',#1163,(#1168,#1179),.PCURVE_S1.);
#1163 = CIRCLE('',#1164,1.6);
#1164 = AXIS2_PLACEMENT_3D('',#1165,#1166,#1167);
#1165 = CARTESIAN_POINT('',(-15.,-15.,4.));
#1166 = DIRECTION('',(0.,0.,-1.));
#1167 = DIRECTION('',(-1.,0.,0.));
#1168 = PCURVE('',#44,#1169);
#1169 = DEFINITIONAL_REPRESENTATION('',(#1170),#1178);
#1170 = ( BOUNDED_CURVE() B_SPLINE_CURVE(2,(#1171,#1172,#1173,#1174,
#1175,#1176,#1177),.UNSPECIFIED.,.T.,.F.) B_SPLINE_CURVE_WITH_KNOTS((1,2
    ,2,2,2,1),(-2.094395102393,0.,2.094395102393,4.188790204786,
6.28318530718,8.377580409573),.UNSPECIFIED.) CURVE() 
GEOMETRIC_REPRESENTATION_ITEM() RATIONAL_B_SPLINE_CURVE((1.,0.5,1.,0.5,
1.,0.5,1.)) REPRESENTATION_ITEM('') );
#1171 = CARTESIAN_POINT('',(58.4,75.));
#1172 = CARTESIAN_POINT('',(58.4,77.77128129211));
#1173 = CARTESIAN_POINT('',(60.8,76.385640646055));
#1174 = CARTESIAN_POINT('',(63.2,75.));
#1175 = CARTESIAN_POINT('',(60.8,73.614359353945));
#1176 = CARTESIAN_POINT('',(58.4,72.22871870789));
#1177 = CARTESIAN_POINT('',(58.4,75.));
#1178 = ( GEOMETRIC_REPRESENTATION_CONTEXT(2) 
PARAMETRIC_REPRESENTATION_CONTEXT() REPRESENTATION_CONTEXT('2D SPACE',''
  ) );
#1179 = PCURVE('',#1180,#1185);
#1180 = CYLINDRICAL_SURFACE('',#1181,1.6);
#1181 = AXIS2_PLACEMENT_3D('',#1182,#1183,#1184);
#1182 = CARTESIAN_POINT('',(-15.,-15.,4.));
#1183 = DIRECTION('',(0.,0.,-1.));
#1184 = DIRECTION('',(-1.,0.,0.));
#1185 = DEFINITIONAL_REPRESENTATION('',(#1186),#1190);
#1186 = LINE('',#1187,#1188);
#1187 = CARTESIAN_POINT('',(0.,0.));
#1188 = VECTOR('',#1189,1.);
#1189 = DIRECTION('',(1.,0.));
#1190 = ( GEOMETRIC_REPRESENTATION_CONTEXT(2) 
PARAMETRIC_REPRESENTATION_CONTEXT() REPRESENTATION_CONTEXT('2D SPACE',''
  ) );
#1191 = FACE_BOUND('',#1192,.T.);
#1192 = EDGE_LOOP('',(#1193));
#1193 = ORIENTED_EDGE('',*,*,#1194,.T.);
#1194 = EDGE_CURVE('',#1195,#1195,#1197,.T.);
#1195 = VERTEX_POINT('',#1196);
#1196 = CARTESIAN_POINT('',(-16.6,-3.918869757272E-16,4.));
#1197 = SURFACE_CURVE('',#1198,(#1203,#1214),.PCURVE_S1.);
#1198 = CIRCLE('',#1199,1.6);
#1199 = AXIS2_PLACEMENT_3D('',#1200,#1201,#1202);
#1200 = CARTESIAN_POINT('',(-15.,0.,4.));
#1201 = DIRECTION('',(0.,0.,-1.));
#1202 = DIRECTION('',(-1.,0.,0.));
#1203 = PCURVE('',#44,#1204);
#1204 = DEFINITIONAL_REPRESENTATION('',(#1205),#1213);
#1205 = ( BOUNDED_CURVE() B_SPLINE_CURVE(2,(#1206,#1207,#1208,#1209,
#1210,#1211,#1212),.UNSPECIFIED.,.T.,.F.) B_SPLINE_CURVE_WITH_KNOTS((1,2
    ,2,2,2,1),(-2.094395102393,0.,2.094395102393,4.188790204786,
6.28318530718,8.377580409573),.UNSPECIFIED.) CURVE() 
GEOMETRIC_REPRESENTATION_ITEM() RATIONAL_B_SPLINE_CURVE((1.,0.5,1.,0.5,
1.,0.5,1.)) REPRESENTATION_ITEM('') );
#1206 = CARTESIAN_POINT('',(58.4,90.));
#1207 = CARTESIAN_POINT('',(58.4,92.77128129211));
#1208 = CARTESIAN_POINT('',(60.8,91.385640646055));
#1209 = CARTESIAN_POINT('',(63.2,90.));
#1210 = CARTESIAN_POINT('',(60.8,88.614359353945));
#1211 = CARTESIAN_POINT('',(58.4,87.22871870789));
#1212 = CARTESIAN_POINT('',(58.4,90.));
#1213 = ( GEOMETRIC_REPRESENTATION_CONTEXT(2) 
PARAMETRIC_REPRESENTATION_CONTEXT() REPRESENTATION_CONTEXT('2D SPACE',''
  ) );
#1214 = PCURVE('',#1215,#1220);
#1215 = CYLINDRICAL_SURFACE('',#1216,1.6);
#1216 = AXIS2_PLACEMENT_3D('',#1217,#1218,#1219);
#1217 = CARTESIAN_POINT('',(-15.,0.,4.));
#1218 = DIRECTION('',(0.,0.,-1.));
#1219 = DIRECTION('',(-1.,0.,0.));
#1220 = DEFINITIONAL_REPRESENTATION('',(#1221),#1225);
#1221 = LINE('',#1222,#1223);
#1222 = CARTESIAN_POINT('',(0.,0.));
#1223 = VECTOR('',#1224,1.);
#1224 = DIRECTION('',(1.,0.));
#1225 = ( GEOMETRIC_REPRESENTATION_CONTEXT(2) 
PARAMETRIC_REPRESENTATION_CONTEXT() REPRESENTATION_CONTEXT('2D SPACE',''
  ) );
#1226 = FACE_BOUND('',#1227,.T.);
#1227 = EDGE_LOOP('',(#1228));
#1228 = ORIENTED_EDGE('',*,*,#1229,.T.);
#1229 = EDGE_CURVE('',#1230,#1230,#1232,.T.);
#1230 = VERTEX_POINT('',#1231);
#1231 = CARTESIAN_POINT('',(-1.6,-75.,4.));
#1232 = SURFACE_CURVE('',#1233,(#1238,#1249),.PCURVE_S1.);
#1233 = CIRCLE('',#1234,1.6);
#1234 = AXIS2_PLACEMENT_3D('',#1235,#1236,#1237);
#1235 = CARTESIAN_POINT('',(0.,-75.,4.));
#1236 = DIRECTION('',(0.,0.,-1.));
#1237 = DIRECTION('',(-1.,0.,0.));
#1238 = PCURVE('',#44,#1239);
#1239 = DEFINITIONAL_REPRESENTATION('',(#1240),#1248);
#1240 = ( BOUNDED_CURVE() B_SPLINE_CURVE(2,(#1241,#1242,#1243,#1244,
#1245,#1246,#1247),.UNSPECIFIED.,.T.,.F.) B_SPLINE_CURVE_WITH_KNOTS((1,2
    ,2,2,2,1),(-2.094395102393,0.,2.094395102393,4.188790204786,
6.28318530718,8.377580409573),.UNSPECIFIED.) CURVE() 
GEOMETRIC_REPRESENTATION_ITEM() RATIONAL_B_SPLINE_CURVE((1.,0.5,1.,0.5,
1.,0.5,1.)) REPRESENTATION_ITEM('') );
#1241 = CARTESIAN_POINT('',(73.4,15.));
#1242 = CARTESIAN_POINT('',(73.4,17.77128129211));
#1243 = CARTESIAN_POINT('',(75.8,16.385640646055));
#1244 = CARTESIAN_POINT('',(78.2,15.));
#1245 = CARTESIAN_POINT('',(75.8,13.614359353945));
#1246 = CARTESIAN_POINT('',(73.4,12.22871870789));
#1247 = CARTESIAN_POINT('',(73.4,15.));
#1248 = ( GEOMETRIC_REPRESENTATION_CONTEXT(2) 
PARAMETRIC_REPRESENTATION_CONTEXT() REPRESENTATION_CONTEXT('2D SPACE',''
  ) );
#1249 = PCURVE('',#1250,#1255);
#1250 = CYLINDRICAL_SURFACE('',#1251,1.6);
#1251 = AXIS2_PLACEMENT_3D('',#1252,#1253,#1254);
#1252 = CARTESIAN_POINT('',(0.,-75.,4.));
#1253 = DIRECTION('',(0.,0.,-1.));
#1254 = DIRECTION('',(-1.,0.,0.));
#1255 = DEFINITIONAL_REPRESENTATION('',(#1256),#1260);
#1256 = LINE('',#1257,#1258);
#1257 = CARTESIAN_POINT('',(0.,0.));
#1258 = VECTOR('',#1259,1.);
#1259 = DIRECTION('',(1.,0.));
#1260 = ( GEOMETRIC_REPRESENTATION_CONTEXT(2) 
PARAMETRIC_REPRESENTATION_CONTEXT() REPRESENTATION_CONTEXT('2D SPACE',''
  ) );
#1261 = FACE_BOUND('',#1262,.T.);
#1262 = EDGE_LOOP('',(#1263));
#1263 = ORIENTED_EDGE('',*,*,#1264,.T.);
#1264 = EDGE_CURVE('',#1265,#1265,#1267,.T.);
#1265 = VERTEX_POINT('',#1266);
#1266 = CARTESIAN_POINT('',(13.4,-75.,4.));
#1267 = SURFACE_CURVE('',#1268,(#1273,#1284),.PCURVE_S1.);
#1268 = CIRCLE('',#1269,1.6);
#1269 = AXIS2_PLACEMENT_3D('',#1270,#1271,#1272);
#1270 = CARTESIAN_POINT('',(15.,-75.,4.));
#1271 = DIRECTION('',(0.,0.,-1.));
#1272 = DIRECTION('',(-1.,0.,0.));
#1273 = PCURVE('',#44,#1274);
#1274 = DEFINITIONAL_REPRESENTATION('',(#1275),#1283);
#1275 = ( BOUNDED_CURVE() B_SPLINE_CURVE(2,(#1276,#1277,#1278,#1279,
#1280,#1281,#1282),.UNSPECIFIED.,.T.,.F.) B_SPLINE_CURVE_WITH_KNOTS((1,2
    ,2,2,2,1),(-2.094395102393,0.,2.094395102393,4.188790204786,
6.28318530718,8.377580409573),.UNSPECIFIED.) CURVE() 
GEOMETRIC_REPRESENTATION_ITEM() RATIONAL_B_SPLINE_CURVE((1.,0.5,1.,0.5,
1.,0.5,1.)) REPRESENTATION_ITEM('') );
#1276 = CARTESIAN_POINT('',(88.4,15.));
#1277 = CARTESIAN_POINT('',(88.4,17.77128129211));
#1278 = CARTESIAN_POINT('',(90.8,16.385640646055));
#1279 = CARTESIAN_POINT('',(93.2,15.));
#1280 = CARTESIAN_POINT('',(90.8,13.614359353945));
#1281 = CARTESIAN_POINT('',(88.4,12.22871870789));
#1282 = CARTESIAN_POINT('',(88.4,15.));
#1283 = ( GEOMETRIC_REPRESENTATION_CONTEXT(2) 
PARAMETRIC_REPRESENTATION_CONTEXT() REPRESENTATION_CONTEXT('2D SPACE',''
  ) );
#1284 = PCURVE('',#1285,#1290);
#1285 = CYLINDRICAL_SURFACE('',#1286,1.6);
#1286 = AXIS2_PLACEMENT_3D('',#1287,#1288,#1289);
#1287 = CARTESIAN_POINT('',(15.,-75.,4.));
#1288 = DIRECTION('',(0.,0.,-1.));
#1289 = DIRECTION('',(-1.,0.,0.));
#1290 = DEFINITIONAL_REPRESENTATION('',(#1291),#1295);
#1291 = LINE('',#1292,#1293);
#1292 = CARTESIAN_POINT('',(0.,0.));
#1293 = VECTOR('',#1294,1.);
#1294 = DIRECTION('',(1.,0.));
#1295 = ( GEOMETRIC_REPRESENTATION_CONTEXT(2) 
PARAMETRIC_REPRESENTATION_CONTEXT() REPRESENTATION_CONTEXT('2D SPACE',''
  ) );
#1296 = FACE_BOUND('',#1297,.T.);
#1297 = EDGE_LOOP('',(#1298));
#1298 = ORIENTED_EDGE('',*,*,#1299,.T.);
#1299 = EDGE_CURVE('',#1300,#1300,#1302,.T.);
#1300 = VERTEX_POINT('',#1301);
#1301 = CARTESIAN_POINT('',(-1.6,-60.,4.));
#1302 = SURFACE_CURVE('',#1303,(#1308,#1319),.PCURVE_S1.);
#1303 = CIRCLE('',#1304,1.6);
#1304 = AXIS2_PLACEMENT_3D('',#1305,#1306,#1307);
#1305 = CARTESIAN_POINT('',(0.,-60.,4.));
#1306 = DIRECTION('',(0.,0.,-1.));
#1307 = DIRECTION('',(-1.,0.,0.));
#1308 = PCURVE('',#44,#1309);
#1309 = DEFINITIONAL_REPRESENTATION('',(#1310),#1318);
#1310 = ( BOUNDED_CURVE() B_SPLINE_CURVE(2,(#1311,#1312,#1313,#1314,
#1315,#1316,#1317),.UNSPECIFIED.,.T.,.F.) B_SPLINE_CURVE_WITH_KNOTS((1,2
    ,2,2,2,1),(-2.094395102393,0.,2.094395102393,4.188790204786,
6.28318530718,8.377580409573),.UNSPECIFIED.) CURVE() 
GEOMETRIC_REPRESENTATION_ITEM() RATIONAL_B_SPLINE_CURVE((1.,0.5,1.,0.5,
1.,0.5,1.)) REPRESENTATION_ITEM('') );
#1311 = CARTESIAN_POINT('',(73.4,30.));
#1312 = CARTESIAN_POINT('',(73.4,32.77128129211));
#1313 = CARTESIAN_POINT('',(75.8,31.385640646055));
#1314 = CARTESIAN_POINT('',(78.2,30.));
#1315 = CARTESIAN_POINT('',(75.8,28.614359353945));
#1316 = CARTESIAN_POINT('',(73.4,27.22871870789));
#1317 = CARTESIAN_POINT('',(73.4,30.));
#1318 = ( GEOMETRIC_REPRESENTATION_CONTEXT(2) 
PARAMETRIC_REPRESENTATION_CONTEXT() REPRESENTATION_CONTEXT('2D SPACE',''
  ) );
#1319 = PCURVE('',#1320,#1325);
#1320 = CYLINDRICAL_SURFACE('',#1321,1.6);
#1321 = AXIS2_PLACEMENT_3D('',#1322,#1323,#1324);
#1322 = CARTESIAN_POINT('',(0.,-60.,4.));
#1323 = DIRECTION('',(0.,0.,-1.));
#1324 = DIRECTION('',(-1.,0.,0.));
#1325 = DEFINITIONAL_REPRESENTATION('',(#1326),#1330);
#1326 = LINE('',#1327,#1328);
#1327 = CARTESIAN_POINT('',(0.,0.));
#1328 = VECTOR('',#1329,1.);
#1329 = DIRECTION('',(1.,0.));
#1330 = ( GEOMETRIC_REPRESENTATION_CONTEXT(2) 
PARAMETRIC_REPRESENTATION_CONTEXT() REPRESENTATION_CONTEXT('2D SPACE',''
  ) );
#1331 = FACE_BOUND('',#1332,.T.);
#1332 = EDGE_LOOP('',(#1333));
#1333 = ORIENTED_EDGE('',*,*,#1334,.T.);
#1334 = EDGE_CURVE('',#1335,#1335,#1337,.T.);
#1335 = VERTEX_POINT('',#1336);
#1336 = CARTESIAN_POINT('',(13.4,-60.,4.));
#1337 = SURFACE_CURVE('',#1338,(#1343,#1354),.PCURVE_S1.);
#1338 = CIRCLE('',#1339,1.6);
#1339 = AXIS2_PLACEMENT_3D('',#1340,#1341,#1342);
#1340 = CARTESIAN_POINT('',(15.,-60.,4.));
#1341 = DIRECTION('',(0.,0.,-1.));
#1342 = DIRECTION('',(-1.,0.,0.));
#1343 = PCURVE('',#44,#1344);
#1344 = DEFINITIONAL_REPRESENTATION('',(#1345),#1353);
#1345 = ( BOUNDED_CURVE() B_SPLINE_CURVE(2,(#1346,#1347,#1348,#1349,
#1350,#1351,#1352),.UNSPECIFIED.,.T.,.F.) B_SPLINE_CURVE_WITH_KNOTS((1,2
    ,2,2,2,1),(-2.094395102393,0.,2.094395102393,4.188790204786,
6.28318530718,8.377580409573),.UNSPECIFIED.) CURVE() 
GEOMETRIC_REPRESENTATION_ITEM() RATIONAL_B_SPLINE_CURVE((1.,0.5,1.,0.5,
1.,0.5,1.)) REPRESENTATION_ITEM('') );
#1346 = CARTESIAN_POINT('',(88.4,30.));
#1347 = CARTESIAN_POINT('',(88.4,32.77128129211));
#1348 = CARTESIAN_POINT('',(90.8,31.385640646055));
#1349 = CARTESIAN_POINT('',(93.2,30.));
#1350 = CARTESIAN_POINT('',(90.8,28.614359353945));
#1351 = CARTESIAN_POINT('',(88.4,27.22871870789));
#1352 = CARTESIAN_POINT('',(88.4,30.));
#1353 = ( GEOMETRIC_REPRESENTATION_CONTEXT(2) 
PARAMETRIC_REPRESENTATION_CONTEXT() REPRESENTATION_CONTEXT('2D SPACE',''
  ) );
#1354 = PCURVE('',#1355,#1360);
#1355 = CYLINDRICAL_SURFACE('',#1356,1.6);
#1356 = AXIS2_PLACEMENT_3D('',#1357,#1358,#1359);
#1357 = CARTESIAN_POINT('',(15.,-60.,4.));
#1358 = DIRECTION('',(0.,0.,-1.));
#1359 = DIRECTION('',(-1.,0.,0.));
#1360 = DEFINITIONAL_REPRESENTATION('',(#1361),#1365);
#1361 = LINE('',#1362,#1363);
#1362 = CARTESIAN_POINT('',(0.,0.));
#1363 = VECTOR('',#1364,1.);
#1364 = DIRECTION('',(1.,0.));
#1365 = ( GEOMETRIC_REPRESENTATION_CONTEXT(2) 
PARAMETRIC_REPRESENTATION_CONTEXT() REPRESENTATION_CONTEXT('2D SPACE',''
  ) );
#1366 = FACE_BOUND('',#1367,.T.);
#1367 = EDGE_LOOP('',(#1368));
#1368 = ORIENTED_EDGE('',*,*,#1369,.T.);
#1369 = EDGE_CURVE('',#1370,#1370,#1372,.T.);
#1370 = VERTEX_POINT('',#1371);
#1371 = CARTESIAN_POINT('',(28.4,-75.,4.));
#1372 = SURFACE_CURVE('',#1373,(#1378,#1389),.PCURVE_S1.);
#1373 = CIRCLE('',#1374,1.6);
#1374 = AXIS2_PLACEMENT_3D('',#1375,#1376,#1377);
#1375 = CARTESIAN_POINT('',(30.,-75.,4.));
#1376 = DIRECTION('',(0.,0.,-1.));
#1377 = DIRECTION('',(-1.,0.,0.));
#1378 = PCURVE('',#44,#1379);
#1379 = DEFINITIONAL_REPRESENTATION('',(#1380),#1388);
#1380 = ( BOUNDED_CURVE() B_SPLINE_CURVE(2,(#1381,#1382,#1383,#1384,
#1385,#1386,#1387),.UNSPECIFIED.,.T.,.F.) B_SPLINE_CURVE_WITH_KNOTS((1,2
    ,2,2,2,1),(-2.094395102393,0.,2.094395102393,4.188790204786,
6.28318530718,8.377580409573),.UNSPECIFIED.) CURVE() 
GEOMETRIC_REPRESENTATION_ITEM() RATIONAL_B_SPLINE_CURVE((1.,0.5,1.,0.5,
1.,0.5,1.)) REPRESENTATION_ITEM('') );
#1381 = CARTESIAN_POINT('',(103.4,15.));
#1382 = CARTESIAN_POINT('',(103.4,17.77128129211));
#1383 = CARTESIAN_POINT('',(105.8,16.385640646055));
#1384 = CARTESIAN_POINT('',(108.2,15.));
#1385 = CARTESIAN_POINT('',(105.8,13.614359353945));
#1386 = CARTESIAN_POINT('',(103.4,12.22871870789));
#1387 = CARTESIAN_POINT('',(103.4,15.));
#1388 = ( GEOMETRIC_REPRESENTATION_CONTEXT(2) 
PARAMETRIC_REPRESENTATION_CONTEXT() REPRESENTATION_CONTEXT('2D SPACE',''
  ) );
#1389 = PCURVE('',#1390,#1395);
#1390 = CYLINDRICAL_SURFACE('',#1391,1.6);
#1391 = AXIS2_PLACEMENT_3D('',#1392,#1393,#1394);
#1392 = CARTESIAN_POINT('',(30.,-75.,4.));
#1393 = DIRECTION('',(0.,0.,-1.));
#1394 = DIRECTION('',(-1.,0.,0.));
#1395 = DEFINITIONAL_REPRESENTATION('',(#1396),#1400);
#1396 = LINE('',#1397,#1398);
#1397 = CARTESIAN_POINT('',(0.,0.));
#1398 = VECTOR('',#1399,1.);
#1399 = DIRECTION('',(1.,0.));
#1400 = ( GEOMETRIC_REPRESENTATION_CONTEXT(2) 
PARAMETRIC_REPRESENTATION_CONTEXT() REPRESENTATION_CONTEXT('2D SPACE',''
  ) );
#1401 = FACE_BOUND('',#1402,.T.);
#1402 = EDGE_LOOP('',(#1403));
#1403 = ORIENTED_EDGE('',*,*,#1404,.T.);
#1404 = EDGE_CURVE('',#1405,#1405,#1407,.T.);
#1405 = VERTEX_POINT('',#1406);
#1406 = CARTESIAN_POINT('',(28.4,-60.,4.));
#1407 = SURFACE_CURVE('',#1408,(#1413,#1424),.PCURVE_S1.);
#1408 = CIRCLE('',#1409,1.6);
#1409 = AXIS2_PLACEMENT_3D('',#1410,#1411,#1412);
#1410 = CARTESIAN_POINT('',(30.,-60.,4.));
#1411 = DIRECTION('',(0.,0.,-1.));
#1412 = DIRECTION('',(-1.,0.,0.));
#1413 = PCURVE('',#44,#1414);
#1414 = DEFINITIONAL_REPRESENTATION('',(#1415),#1423);
#1415 = ( BOUNDED_CURVE() B_SPLINE_CURVE(2,(#1416,#1417,#1418,#1419,
#1420,#1421,#1422),.UNSPECIFIED.,.T.,.F.) B_SPLINE_CURVE_WITH_KNOTS((1,2
    ,2,2,2,1),(-2.094395102393,0.,2.094395102393,4.188790204786,
6.28318530718,8.377580409573),.UNSPECIFIED.) CURVE() 
GEOMETRIC_REPRESENTATION_ITEM() RATIONAL_B_SPLINE_CURVE((1.,0.5,1.,0.5,
1.,0.5,1.)) REPRESENTATION_ITEM('') );
#1416 = CARTESIAN_POINT('',(103.4,30.));
#1417 = CARTESIAN_POINT('',(103.4,32.77128129211));
#1418 = CARTESIAN_POINT('',(105.8,31.385640646055));
#1419 = CARTESIAN_POINT('',(108.2,30.));
#1420 = CARTESIAN_POINT('',(105.8,28.614359353945));
#1421 = CARTESIAN_POINT('',(103.4,27.22871870789));
#1422 = CARTESIAN_POINT('',(103.4,30.));
#1423 = ( GEOMETRIC_REPRESENTATION_CONTEXT(2) 
PARAMETRIC_REPRESENTATION_CONTEXT() REPRESENTATION_CONTEXT('2D SPACE',''
  ) );
#1424 = PCURVE('',#1425,#1430);
#1425 = CYLINDRICAL_SURFACE('',#1426,1.6);
#1426 = AXIS2_PLACEMENT_3D('',#1427,#1428,#1429);
#1427 = CARTESIAN_POINT('',(30.,-60.,4.));
#1428 = DIRECTION('',(0.,0.,-1.));
#1429 = DIRECTION('',(-1.,0.,0.));
#1430 = DEFINITIONAL_REPRESENTATION('',(#1431),#1435);
#1431 = LINE('',#1432,#1433);
#1432 = CARTESIAN_POINT('',(0.,0.));
#1433 = VECTOR('',#1434,1.);
#1434 = DIRECTION('',(1.,0.));
#1435 = ( GEOMETRIC_REPRESENTATION_CONTEXT(2) 
PARAMETRIC_REPRESENTATION_CONTEXT() REPRESENTATION_CONTEXT('2D SPACE',''
  ) );
#1436 = FACE_BOUND('',#1437,.T.);
#1437 = EDGE_LOOP('',(#1438));
#1438 = ORIENTED_EDGE('',*,*,#1439,.T.);
#1439 = EDGE_CURVE('',#1440,#1440,#1442,.T.);
#1440 = VERTEX_POINT('',#1441);
#1441 = CARTESIAN_POINT('',(-1.6,-45.,4.));
#1442 = SURFACE_CURVE('',#1443,(#1448,#1459),.PCURVE_S1.);
#1443 = CIRCLE('',#1444,1.6);
#1444 = AXIS2_PLACEMENT_3D('',#1445,#1446,#1447);
#1445 = CARTESIAN_POINT('',(0.,-45.,4.));
#1446 = DIRECTION('',(0.,0.,-1.));
#1447 = DIRECTION('',(-1.,0.,0.));
#1448 = PCURVE('',#44,#1449);
#1449 = DEFINITIONAL_REPRESENTATION('',(#1450),#1458);
#1450 = ( BOUNDED_CURVE() B_SPLINE_CURVE(2,(#1451,#1452,#1453,#1454,
#1455,#1456,#1457),.UNSPECIFIED.,.T.,.F.) B_SPLINE_CURVE_WITH_KNOTS((1,2
    ,2,2,2,1),(-2.094395102393,0.,2.094395102393,4.188790204786,
6.28318530718,8.377580409573),.UNSPECIFIED.) CURVE() 
GEOMETRIC_REPRESENTATION_ITEM() RATIONAL_B_SPLINE_CURVE((1.,0.5,1.,0.5,
1.,0.5,1.)) REPRESENTATION_ITEM('') );
#1451 = CARTESIAN_POINT('',(73.4,45.));
#1452 = CARTESIAN_POINT('',(73.4,47.77128129211));
#1453 = CARTESIAN_POINT('',(75.8,46.385640646055));
#1454 = CARTESIAN_POINT('',(78.2,45.));
#1455 = CARTESIAN_POINT('',(75.8,43.614359353945));
#1456 = CARTESIAN_POINT('',(73.4,42.22871870789));
#1457 = CARTESIAN_POINT('',(73.4,45.));
#1458 = ( GEOMETRIC_REPRESENTATION_CONTEXT(2) 
PARAMETRIC_REPRESENTATION_CONTEXT() REPRESENTATION_CONTEXT('2D SPACE',''
  ) );
#1459 = PCURVE('',#1460,#1465);
#1460 = CYLINDRICAL_SURFACE('',#1461,1.6);
#1461 = AXIS2_PLACEMENT_3D('',#1462,#1463,#1464);
#1462 = CARTESIAN_POINT('',(0.,-45.,4.));
#1463 = DIRECTION('',(0.,0.,-1.));
#1464 = DIRECTION('',(-1.,0.,0.));
#1465 = DEFINITIONAL_REPRESENTATION('',(#1466),#1470);
#1466 = LINE('',#1467,#1468);
#1467 = CARTESIAN_POINT('',(0.,0.));
#1468 = VECTOR('',#1469,1.);
#1469 = DIRECTION('',(1.,0.));
#1470 = ( GEOMETRIC_REPRESENTATION_CONTEXT(2) 
PARAMETRIC_REPRESENTATION_CONTEXT() REPRESENTATION_CONTEXT('2D SPACE',''
  ) );
#1471 = FACE_BOUND('',#1472,.T.);
#1472 = EDGE_LOOP('',(#1473));
#1473 = ORIENTED_EDGE('',*,*,#1474,.T.);
#1474 = EDGE_CURVE('',#1475,#1475,#1477,.T.);
#1475 = VERTEX_POINT('',#1476);
#1476 = CARTESIAN_POINT('',(13.4,-45.,4.));
#1477 = SURFACE_CURVE('',#1478,(#1483,#1494),.PCURVE_S1.);
#1478 = CIRCLE('',#1479,1.6);
#1479 = AXIS2_PLACEMENT_3D('',#1480,#1481,#1482);
#1480 = CARTESIAN_POINT('',(15.,-45.,4.));
#1481 = DIRECTION('',(0.,0.,-1.));
#1482 = DIRECTION('',(-1.,0.,0.));
#1483 = PCURVE('',#44,#1484);
#1484 = DEFINITIONAL_REPRESENTATION('',(#1485),#1493);
#1485 = ( BOUNDED_CURVE() B_SPLINE_CURVE(2,(#1486,#1487,#1488,#1489,
#1490,#1491,#1492),.UNSPECIFIED.,.T.,.F.) B_SPLINE_CURVE_WITH_KNOTS((1,2
    ,2,2,2,1),(-2.094395102393,0.,2.094395102393,4.188790204786,
6.28318530718,8.377580409573),.UNSPECIFIED.) CURVE() 
GEOMETRIC_REPRESENTATION_ITEM() RATIONAL_B_SPLINE_CURVE((1.,0.5,1.,0.5,
1.,0.5,1.)) REPRESENTATION_ITEM('') );
#1486 = CARTESIAN_POINT('',(88.4,45.));
#1487 = CARTESIAN_POINT('',(88.4,47.77128129211));
#1488 = CARTESIAN_POINT('',(90.8,46.385640646055));
#1489 = CARTESIAN_POINT('',(93.2,45.));
#1490 = CARTESIAN_POINT('',(90.8,43.614359353945));
#1491 = CARTESIAN_POINT('',(88.4,42.22871870789));
#1492 = CARTESIAN_POINT('',(88.4,45.));
#1493 = ( GEOMETRIC_REPRESENTATION_CONTEXT(2) 
PARAMETRIC_REPRESENTATION_CONTEXT() REPRESENTATION_CONTEXT('2D SPACE',''
  ) );
#1494 = PCURVE('',#1495,#1500);
#1495 = CYLINDRICAL_SURFACE('',#1496,1.6);
#1496 = AXIS2_PLACEMENT_3D('',#1497,#1498,#1499);
#1497 = CARTESIAN_POINT('',(15.,-45.,4.));
#1498 = DIRECTION('',(0.,0.,-1.));
#1499 = DIRECTION('',(-1.,0.,0.));
#1500 = DEFINITIONAL_REPRESENTATION('',(#1501),#1505);
#1501 = LINE('',#1502,#1503);
#1502 = CARTESIAN_POINT('',(0.,0.));
#1503 = VECTOR('',#1504,1.);
#1504 = DIRECTION('',(1.,0.));
#1505 = ( GEOMETRIC_REPRESENTATION_CONTEXT(2) 
PARAMETRIC_REPRESENTATION_CONTEXT() REPRESENTATION_CONTEXT('2D SPACE',''
  ) );
#1506 = FACE_BOUND('',#1507,.T.);
#1507 = EDGE_LOOP('',(#1508));
#1508 = ORIENTED_EDGE('',*,*,#1509,.T.);
#1509 = EDGE_CURVE('',#1510,#1510,#1512,.T.);
#1510 = VERTEX_POINT('',#1511);
#1511 = CARTESIAN_POINT('',(28.4,-45.,4.));
#1512 = SURFACE_CURVE('',#1513,(#1518,#1529),.PCURVE_S1.);
#1513 = CIRCLE('',#1514,1.6);
#1514 = AXIS2_PLACEMENT_3D('',#1515,#1516,#1517);
#1515 = CARTESIAN_POINT('',(30.,-45.,4.));
#1516 = DIRECTION('',(0.,0.,-1.));
#1517 = DIRECTION('',(-1.,0.,0.));
#1518 = PCURVE('',#44,#1519);
#1519 = DEFINITIONAL_REPRESENTATION('',(#1520),#1528);
#1520 = ( BOUNDED_CURVE() B_SPLINE_CURVE(2,(#1521,#1522,#1523,#1524,
#1525,#1526,#1527),.UNSPECIFIED.,.T.,.F.) B_SPLINE_CURVE_WITH_KNOTS((1,2
    ,2,2,2,1),(-2.094395102393,0.,2.094395102393,4.188790204786,
6.28318530718,8.377580409573),.UNSPECIFIED.) CURVE() 
GEOMETRIC_REPRESENTATION_ITEM() RATIONAL_B_SPLINE_CURVE((1.,0.5,1.,0.5,
1.,0.5,1.)) REPRESENTATION_ITEM('') );
#1521 = CARTESIAN_POINT('',(103.4,45.));
#1522 = CARTESIAN_POINT('',(103.4,47.77128129211));
#1523 = CARTESIAN_POINT('',(105.8,46.385640646055));
#1524 = CARTESIAN_POINT('',(108.2,45.));
#1525 = CARTESIAN_POINT('',(105.8,43.614359353945));
#1526 = CARTESIAN_POINT('',(103.4,42.22871870789));
#1527 = CARTESIAN_POINT('',(103.4,45.));
#1528 = ( GEOMETRIC_REPRESENTATION_CONTEXT(2) 
PARAMETRIC_REPRESENTATION_CONTEXT() REPRESENTATION_CONTEXT('2D SPACE',''
  ) );
#1529 = PCURVE('',#1530,#1535);
#1530 = CYLINDRICAL_SURFACE('',#1531,1.6);
#1531 = AXIS2_PLACEMENT_3D('',#1532,#1533,#1534);
#1532 = CARTESIAN_POINT('',(30.,-45.,4.));
#1533 = DIRECTION('',(0.,0.,-1.));
#1534 = DIRECTION('',(-1.,0.,0.));
#1535 = DEFINITIONAL_REPRESENTATION('',(#1536),#1540);
#1536 = LINE('',#1537,#1538);
#1537 = CARTESIAN_POINT('',(0.,0.));
#1538 = VECTOR('',#1539,1.);
#1539 = DIRECTION('',(1.,0.));
#1540 = ( GEOMETRIC_REPRESENTATION_CONTEXT(2) 
PARAMETRIC_REPRESENTATION_CONTEXT() REPRESENTATION_CONTEXT('2D SPACE',''
  ) );
#1541 = FACE_BOUND('',#1542,.T.);
#1542 = EDGE_LOOP('',(#1543));
#1543 = ORIENTED_EDGE('',*,*,#1544,.T.);
#1544 = EDGE_CURVE('',#1545,#1545,#1547,.T.);
#1545 = VERTEX_POINT('',#1546);
#1546 = CARTESIAN_POINT('',(43.4,-75.,4.));
#1547 = SURFACE_CURVE('',#1548,(#1553,#1564),.PCURVE_S1.);
#1548 = CIRCLE('',#1549,1.6);
#1549 = AXIS2_PLACEMENT_3D('',#1550,#1551,#1552);
#1550 = CARTESIAN_POINT('',(45.,-75.,4.));
#1551 = DIRECTION('',(0.,0.,-1.));
#1552 = DIRECTION('',(-1.,0.,0.));
#1553 = PCURVE('',#44,#1554);
#1554 = DEFINITIONAL_REPRESENTATION('',(#1555),#1563);
#1555 = ( BOUNDED_CURVE() B_SPLINE_CURVE(2,(#1556,#1557,#1558,#1559,
#1560,#1561,#1562),.UNSPECIFIED.,.T.,.F.) B_SPLINE_CURVE_WITH_KNOTS((1,2
    ,2,2,2,1),(-2.094395102393,0.,2.094395102393,4.188790204786,
6.28318530718,8.377580409573),.UNSPECIFIED.) CURVE() 
GEOMETRIC_REPRESENTATION_ITEM() RATIONAL_B_SPLINE_CURVE((1.,0.5,1.,0.5,
1.,0.5,1.)) REPRESENTATION_ITEM('') );
#1556 = CARTESIAN_POINT('',(118.4,15.));
#1557 = CARTESIAN_POINT('',(118.4,17.77128129211));
#1558 = CARTESIAN_POINT('',(120.8,16.385640646055));
#1559 = CARTESIAN_POINT('',(123.2,15.));
#1560 = CARTESIAN_POINT('',(120.8,13.614359353945));
#1561 = CARTESIAN_POINT('',(118.4,12.22871870789));
#1562 = CARTESIAN_POINT('',(118.4,15.));
#1563 = ( GEOMETRIC_REPRESENTATION_CONTEXT(2) 
PARAMETRIC_REPRESENTATION_CONTEXT() REPRESENTATION_CONTEXT('2D SPACE',''
  ) );
#1564 = PCURVE('',#1565,#1570);
#1565 = CYLINDRICAL_SURFACE('',#1566,1.6);
#1566 = AXIS2_PLACEMENT_3D('',#1567,#1568,#1569);
#1567 = CARTESIAN_POINT('',(45.,-75.,4.));
#1568 = DIRECTION('',(0.,0.,-1.));
#1569 = DIRECTION('',(-1.,0.,0.));
#1570 = DEFINITIONAL_REPRESENTATION('',(#1571),#1575);
#1571 = LINE('',#1572,#1573);
#1572 = CARTESIAN_POINT('',(0.,0.));
#1573 = VECTOR('',#1574,1.);
#1574 = DIRECTION('',(1.,0.));
#1575 = ( GEOMETRIC_REPRESENTATION_CONTEXT(2) 
PARAMETRIC_REPRESENTATION_CONTEXT() REPRESENTATION_CONTEXT('2D SPACE',''
  ) );
#1576 = FACE_BOUND('',#1577,.T.);
#1577 = EDGE_LOOP('',(#1578,#1609,#1635,#1664));
#1578 = ORIENTED_EDGE('',*,*,#1579,.F.);
#1579 = EDGE_CURVE('',#1580,#1582,#1584,.T.);
#1580 = VERTEX_POINT('',#1581);
#1581 = CARTESIAN_POINT('',(43.,-59.,4.));
#1582 = VERTEX_POINT('',#1583);
#1583 = CARTESIAN_POINT('',(43.,-63.,4.));
#1584 = SURFACE_CURVE('',#1585,(#1590,#1597),.PCURVE_S1.);
#1585 = CIRCLE('',#1586,2.);
#1586 = AXIS2_PLACEMENT_3D('',#1587,#1588,#1589);
#1587 = CARTESIAN_POINT('',(43.,-61.,4.));
#1588 = DIRECTION('',(0.,0.,1.));
#1589 = DIRECTION('',(-0.,-1.,0.));
#1590 = PCURVE('',#44,#1591);
#1591 = DEFINITIONAL_REPRESENTATION('',(#1592),#1596);
#1592 = CIRCLE('',#1593,2.);
#1593 = AXIS2_PLACEMENT_2D('',#1594,#1595);
#1594 = CARTESIAN_POINT('',(118.,29.));
#1595 = DIRECTION('',(0.,-1.));
#1596 = ( GEOMETRIC_REPRESENTATION_CONTEXT(2) 
PARAMETRIC_REPRESENTATION_CONTEXT() REPRESENTATION_CONTEXT('2D SPACE',''
  ) );
#1597 = PCURVE('',#1598,#1603);
#1598 = CYLINDRICAL_SURFACE('',#1599,2.);
#1599 = AXIS2_PLACEMENT_3D('',#1600,#1601,#1602);
#1600 = CARTESIAN_POINT('',(43.,-61.,184.0000003));
#1601 = DIRECTION('',(0.,-0.,1.));
#1602 = DIRECTION('',(0.,-1.,0.));
#1603 = DEFINITIONAL_REPRESENTATION('',(#1604),#1608);
#1604 = LINE('',#1605,#1606);
#1605 = CARTESIAN_POINT('',(-6.28318530718,-180.0000003));
#1606 = VECTOR('',#1607,1.);
#1607 = DIRECTION('',(1.,-0.));
#1608 = ( GEOMETRIC_REPRESENTATION_CONTEXT(2) 
PARAMETRIC_REPRESENTATION_CONTEXT() REPRESENTATION_CONTEXT('2D SPACE',''
  ) );
#1609 = ORIENTED_EDGE('',*,*,#1610,.T.);
#1610 = EDGE_CURVE('',#1580,#1611,#1613,.T.);
#1611 = VERTEX_POINT('',#1612);
#1612 = CARTESIAN_POINT('',(53.,-59.,4.));
#1613 = SURFACE_CURVE('',#1614,(#1618,#1624),.PCURVE_S1.);
#1614 = LINE('',#1615,#1616);
#1615 = CARTESIAN_POINT('',(-16.,-59.,4.));
#1616 = VECTOR('',#1617,1.);
#1617 = DIRECTION('',(1.,0.,-0.));
#1618 = PCURVE('',#44,#1619);
#1619 = DEFINITIONAL_REPRESENTATION('',(#1620),#1623);
#1620 = B_SPLINE_CURVE_WITH_KNOTS('',1,(#1621,#1622),.UNSPECIFIED.,.F.,
  .F.,(2,2),(59.,69.),.PIECEWISE_BEZIER_KNOTS.);
#1621 = CARTESIAN_POINT('',(118.,31.));
#1622 = CARTESIAN_POINT('',(128.,31.));
#1623 = ( GEOMETRIC_REPRESENTATION_CONTEXT(2) 
PARAMETRIC_REPRESENTATION_CONTEXT() REPRESENTATION_CONTEXT('2D SPACE',''
  ) );
#1624 = PCURVE('',#1625,#1630);
#1625 = PLANE('',#1626);
#1626 = AXIS2_PLACEMENT_3D('',#1627,#1628,#1629);
#1627 = CARTESIAN_POINT('',(43.,-59.,184.0000003));
#1628 = DIRECTION('',(0.,-1.,0.));
#1629 = DIRECTION('',(1.,0.,0.));
#1630 = DEFINITIONAL_REPRESENTATION('',(#1631),#1634);
#1631 = B_SPLINE_CURVE_WITH_KNOTS('',1,(#1632,#1633),.UNSPECIFIED.,.F.,
  .F.,(2,2),(59.,69.),.PIECEWISE_BEZIER_KNOTS.);
#1632 = CARTESIAN_POINT('',(0.,-180.0000003));
#1633 = CARTESIAN_POINT('',(10.,-180.0000003));
#1634 = ( GEOMETRIC_REPRESENTATION_CONTEXT(2) 
PARAMETRIC_REPRESENTATION_CONTEXT() REPRESENTATION_CONTEXT('2D SPACE',''
  ) );
#1635 = ORIENTED_EDGE('',*,*,#1636,.F.);
#1636 = EDGE_CURVE('',#1637,#1611,#1639,.T.);
#1637 = VERTEX_POINT('',#1638);
#1638 = CARTESIAN_POINT('',(53.,-63.,4.));
#1639 = SURFACE_CURVE('',#1640,(#1645,#1652),.PCURVE_S1.);
#1640 = CIRCLE('',#1641,2.);
#1641 = AXIS2_PLACEMENT_3D('',#1642,#1643,#1644);
#1642 = CARTESIAN_POINT('',(53.,-61.,4.));
#1643 = DIRECTION('',(0.,-0.,1.));
#1644 = DIRECTION('',(0.,1.,0.));
#1645 = PCURVE('',#44,#1646);
#1646 = DEFINITIONAL_REPRESENTATION('',(#1647),#1651);
#1647 = CIRCLE('',#1648,2.);
#1648 = AXIS2_PLACEMENT_2D('',#1649,#1650);
#1649 = CARTESIAN_POINT('',(128.,29.));
#1650 = DIRECTION('',(0.,1.));
#1651 = ( GEOMETRIC_REPRESENTATION_CONTEXT(2) 
PARAMETRIC_REPRESENTATION_CONTEXT() REPRESENTATION_CONTEXT('2D SPACE',''
  ) );
#1652 = PCURVE('',#1653,#1658);
#1653 = CYLINDRICAL_SURFACE('',#1654,2.);
#1654 = AXIS2_PLACEMENT_3D('',#1655,#1656,#1657);
#1655 = CARTESIAN_POINT('',(53.,-61.,184.0000003));
#1656 = DIRECTION('',(0.,0.,1.));
#1657 = DIRECTION('',(0.,1.,0.));
#1658 = DEFINITIONAL_REPRESENTATION('',(#1659),#1663);
#1659 = LINE('',#1660,#1661);
#1660 = CARTESIAN_POINT('',(-6.28318530718,-180.0000003));
#1661 = VECTOR('',#1662,1.);
#1662 = DIRECTION('',(1.,-0.));
#1663 = ( GEOMETRIC_REPRESENTATION_CONTEXT(2) 
PARAMETRIC_REPRESENTATION_CONTEXT() REPRESENTATION_CONTEXT('2D SPACE',''
  ) );
#1664 = ORIENTED_EDGE('',*,*,#1665,.T.);
#1665 = EDGE_CURVE('',#1637,#1582,#1666,.T.);
#1666 = SURFACE_CURVE('',#1667,(#1671,#1677),.PCURVE_S1.);
#1667 = LINE('',#1668,#1669);
#1668 = CARTESIAN_POINT('',(-11.,-63.,4.));
#1669 = VECTOR('',#1670,1.);
#1670 = DIRECTION('',(-1.,0.,0.));
#1671 = PCURVE('',#44,#1672);
#1672 = DEFINITIONAL_REPRESENTATION('',(#1673),#1676);
#1673 = B_SPLINE_CURVE_WITH_KNOTS('',1,(#1674,#1675),.UNSPECIFIED.,.F.,
  .F.,(2,2),(-64.,-54.),.PIECEWISE_BEZIER_KNOTS.);
#1674 = CARTESIAN_POINT('',(128.,27.));
#1675 = CARTESIAN_POINT('',(118.,27.));
#1676 = ( GEOMETRIC_REPRESENTATION_CONTEXT(2) 
PARAMETRIC_REPRESENTATION_CONTEXT() REPRESENTATION_CONTEXT('2D SPACE',''
  ) );
#1677 = PCURVE('',#1678,#1683);
#1678 = PLANE('',#1679);
#1679 = AXIS2_PLACEMENT_3D('',#1680,#1681,#1682);
#1680 = CARTESIAN_POINT('',(53.,-63.,184.0000003));
#1681 = DIRECTION('',(0.,1.,0.));
#1682 = DIRECTION('',(-1.,0.,0.));
#1683 = DEFINITIONAL_REPRESENTATION('',(#1684),#1687);
#1684 = B_SPLINE_CURVE_WITH_KNOTS('',1,(#1685,#1686),.UNSPECIFIED.,.F.,
  .F.,(2,2),(-64.,-54.),.PIECEWISE_BEZIER_KNOTS.);
#1685 = CARTESIAN_POINT('',(0.,-180.0000003));
#1686 = CARTESIAN_POINT('',(10.,-180.0000003));
#1687 = ( GEOMETRIC_REPRESENTATION_CONTEXT(2) 
PARAMETRIC_REPRESENTATION_CONTEXT() REPRESENTATION_CONTEXT('2D SPACE',''
  ) );
#1688 = FACE_BOUND('',#1689,.T.);
#1689 = EDGE_LOOP('',(#1690));
#1690 = ORIENTED_EDGE('',*,*,#1691,.T.);
#1691 = EDGE_CURVE('',#1692,#1692,#1694,.T.);
#1692 = VERTEX_POINT('',#1693);
#1693 = CARTESIAN_POINT('',(58.4,-75.,4.));
#1694 = SURFACE_CURVE('',#1695,(#1700,#1711),.PCURVE_S1.);
#1695 = CIRCLE('',#1696,1.6);
#1696 = AXIS2_PLACEMENT_3D('',#1697,#1698,#1699);
#1697 = CARTESIAN_POINT('',(60.,-75.,4.));
#1698 = DIRECTION('',(0.,0.,-1.));
#1699 = DIRECTION('',(-1.,0.,0.));
#1700 = PCURVE('',#44,#1701);
#1701 = DEFINITIONAL_REPRESENTATION('',(#1702),#1710);
#1702 = ( BOUNDED_CURVE() B_SPLINE_CURVE(2,(#1703,#1704,#1705,#1706,
#1707,#1708,#1709),.UNSPECIFIED.,.T.,.F.) B_SPLINE_CURVE_WITH_KNOTS((1,2
    ,2,2,2,1),(-2.094395102393,0.,2.094395102393,4.188790204786,
6.28318530718,8.377580409573),.UNSPECIFIED.) CURVE() 
GEOMETRIC_REPRESENTATION_ITEM() RATIONAL_B_SPLINE_CURVE((1.,0.5,1.,0.5,
1.,0.5,1.)) REPRESENTATION_ITEM('') );
#1703 = CARTESIAN_POINT('',(133.4,15.));
#1704 = CARTESIAN_POINT('',(133.4,17.77128129211));
#1705 = CARTESIAN_POINT('',(135.8,16.385640646055));
#1706 = CARTESIAN_POINT('',(138.2,15.));
#1707 = CARTESIAN_POINT('',(135.8,13.614359353945));
#1708 = CARTESIAN_POINT('',(133.4,12.22871870789));
#1709 = CARTESIAN_POINT('',(133.4,15.));
#1710 = ( GEOMETRIC_REPRESENTATION_CONTEXT(2) 
PARAMETRIC_REPRESENTATION_CONTEXT() REPRESENTATION_CONTEXT('2D SPACE',''
  ) );
#1711 = PCURVE('',#1712,#1717);
#1712 = CYLINDRICAL_SURFACE('',#1713,1.6);
#1713 = AXIS2_PLACEMENT_3D('',#1714,#1715,#1716);
#1714 = CARTESIAN_POINT('',(60.,-75.,4.));
#1715 = DIRECTION('',(0.,0.,-1.));
#1716 = DIRECTION('',(-1.,0.,0.));
#1717 = DEFINITIONAL_REPRESENTATION('',(#1718),#1722);
#1718 = LINE('',#1719,#1720);
#1719 = CARTESIAN_POINT('',(0.,0.));
#1720 = VECTOR('',#1721,1.);
#1721 = DIRECTION('',(1.,0.));
#1722 = ( GEOMETRIC_REPRESENTATION_CONTEXT(2) 
PARAMETRIC_REPRESENTATION_CONTEXT() REPRESENTATION_CONTEXT('2D SPACE',''
  ) );
#1723 = FACE_BOUND('',#1724,.T.);
#1724 = EDGE_LOOP('',(#1725));
#1725 = ORIENTED_EDGE('',*,*,#1726,.T.);
#1726 = EDGE_CURVE('',#1727,#1727,#1729,.T.);
#1727 = VERTEX_POINT('',#1728);
#1728 = CARTESIAN_POINT('',(-1.6,-30.,4.));
#1729 = SURFACE_CURVE('',#1730,(#1735,#1746),.PCURVE_S1.);
#1730 = CIRCLE('',#1731,1.6);
#1731 = AXIS2_PLACEMENT_3D('',#1732,#1733,#1734);
#1732 = CARTESIAN_POINT('',(0.,-30.,4.));
#1733 = DIRECTION('',(0.,0.,-1.));
#1734 = DIRECTION('',(-1.,0.,0.));
#1735 = PCURVE('',#44,#1736);
#1736 = DEFINITIONAL_REPRESENTATION('',(#1737),#1745);
#1737 = ( BOUNDED_CURVE() B_SPLINE_CURVE(2,(#1738,#1739,#1740,#1741,
#1742,#1743,#1744),.UNSPECIFIED.,.T.,.F.) B_SPLINE_CURVE_WITH_KNOTS((1,2
    ,2,2,2,1),(-2.094395102393,0.,2.094395102393,4.188790204786,
6.28318530718,8.377580409573),.UNSPECIFIED.) CURVE() 
GEOMETRIC_REPRESENTATION_ITEM() RATIONAL_B_SPLINE_CURVE((1.,0.5,1.,0.5,
1.,0.5,1.)) REPRESENTATION_ITEM('') );
#1738 = CARTESIAN_POINT('',(73.4,60.));
#1739 = CARTESIAN_POINT('',(73.4,62.77128129211));
#1740 = CARTESIAN_POINT('',(75.8,61.385640646055));
#1741 = CARTESIAN_POINT('',(78.2,60.));
#1742 = CARTESIAN_POINT('',(75.8,58.614359353945));
#1743 = CARTESIAN_POINT('',(73.4,57.22871870789));
#1744 = CARTESIAN_POINT('',(73.4,60.));
#1745 = ( GEOMETRIC_REPRESENTATION_CONTEXT(2) 
PARAMETRIC_REPRESENTATION_CONTEXT() REPRESENTATION_CONTEXT('2D SPACE',''
  ) );
#1746 = PCURVE('',#1747,#1752);
#1747 = CYLINDRICAL_SURFACE('',#1748,1.6);
#1748 = AXIS2_PLACEMENT_3D('',#1749,#1750,#1751);
#1749 = CARTESIAN_POINT('',(0.,-30.,4.));
#1750 = DIRECTION('',(0.,0.,-1.));
#1751 = DIRECTION('',(-1.,0.,0.));
#1752 = DEFINITIONAL_REPRESENTATION('',(#1753),#1757);
#1753 = LINE('',#1754,#1755);
#1754 = CARTESIAN_POINT('',(0.,0.));
#1755 = VECTOR('',#1756,1.);
#1756 = DIRECTION('',(1.,0.));
#1757 = ( GEOMETRIC_REPRESENTATION_CONTEXT(2) 
PARAMETRIC_REPRESENTATION_CONTEXT() REPRESENTATION_CONTEXT('2D SPACE',''
  ) );
#1758 = FACE_BOUND('',#1759,.T.);
#1759 = EDGE_LOOP('',(#1760));
#1760 = ORIENTED_EDGE('',*,*,#1761,.T.);
#1761 = EDGE_CURVE('',#1762,#1762,#1764,.T.);
#1762 = VERTEX_POINT('',#1763);
#1763 = CARTESIAN_POINT('',(13.4,-30.,4.));
#1764 = SURFACE_CURVE('',#1765,(#1770,#1781),.PCURVE_S1.);
#1765 = CIRCLE('',#1766,1.6);
#1766 = AXIS2_PLACEMENT_3D('',#1767,#1768,#1769);
#1767 = CARTESIAN_POINT('',(15.,-30.,4.));
#1768 = DIRECTION('',(0.,0.,-1.));
#1769 = DIRECTION('',(-1.,0.,0.));
#1770 = PCURVE('',#44,#1771);
#1771 = DEFINITIONAL_REPRESENTATION('',(#1772),#1780);
#1772 = ( BOUNDED_CURVE() B_SPLINE_CURVE(2,(#1773,#1774,#1775,#1776,
#1777,#1778,#1779),.UNSPECIFIED.,.T.,.F.) B_SPLINE_CURVE_WITH_KNOTS((1,2
    ,2,2,2,1),(-2.094395102393,0.,2.094395102393,4.188790204786,
6.28318530718,8.377580409573),.UNSPECIFIED.) CURVE() 
GEOMETRIC_REPRESENTATION_ITEM() RATIONAL_B_SPLINE_CURVE((1.,0.5,1.,0.5,
1.,0.5,1.)) REPRESENTATION_ITEM('') );
#1773 = CARTESIAN_POINT('',(88.4,60.));
#1774 = CARTESIAN_POINT('',(88.4,62.77128129211));
#1775 = CARTESIAN_POINT('',(90.8,61.385640646055));
#1776 = CARTESIAN_POINT('',(93.2,60.));
#1777 = CARTESIAN_POINT('',(90.8,58.614359353945));
#1778 = CARTESIAN_POINT('',(88.4,57.22871870789));
#1779 = CARTESIAN_POINT('',(88.4,60.));
#1780 = ( GEOMETRIC_REPRESENTATION_CONTEXT(2) 
PARAMETRIC_REPRESENTATION_CONTEXT() REPRESENTATION_CONTEXT('2D SPACE',''
  ) );
#1781 = PCURVE('',#1782,#1787);
#1782 = CYLINDRICAL_SURFACE('',#1783,1.6);
#1783 = AXIS2_PLACEMENT_3D('',#1784,#1785,#1786);
#1784 = CARTESIAN_POINT('',(15.,-30.,4.));
#1785 = DIRECTION('',(0.,0.,-1.));
#1786 = DIRECTION('',(-1.,0.,0.));
#1787 = DEFINITIONAL_REPRESENTATION('',(#1788),#1792);
#1788 = LINE('',#1789,#1790);
#1789 = CARTESIAN_POINT('',(0.,0.));
#1790 = VECTOR('',#1791,1.);
#1791 = DIRECTION('',(1.,0.));
#1792 = ( GEOMETRIC_REPRESENTATION_CONTEXT(2) 
PARAMETRIC_REPRESENTATION_CONTEXT() REPRESENTATION_CONTEXT('2D SPACE',''
  ) );
#1793 = FACE_BOUND('',#1794,.T.);
#1794 = EDGE_LOOP('',(#1795));
#1795 = ORIENTED_EDGE('',*,*,#1796,.T.);
#1796 = EDGE_CURVE('',#1797,#1797,#1799,.T.);
#1797 = VERTEX_POINT('',#1798);
#1798 = CARTESIAN_POINT('',(28.4,-30.,4.));
#1799 = SURFACE_CURVE('',#1800,(#1805,#1816),.PCURVE_S1.);
#1800 = CIRCLE('',#1801,1.6);
#1801 = AXIS2_PLACEMENT_3D('',#1802,#1803,#1804);
#1802 = CARTESIAN_POINT('',(30.,-30.,4.));
#1803 = DIRECTION('',(0.,0.,-1.));
#1804 = DIRECTION('',(-1.,0.,0.));
#1805 = PCURVE('',#44,#1806);
#1806 = DEFINITIONAL_REPRESENTATION('',(#1807),#1815);
#1807 = ( BOUNDED_CURVE() B_SPLINE_CURVE(2,(#1808,#1809,#1810,#1811,
#1812,#1813,#1814),.UNSPECIFIED.,.T.,.F.) B_SPLINE_CURVE_WITH_KNOTS((1,2
    ,2,2,2,1),(-2.094395102393,0.,2.094395102393,4.188790204786,
6.28318530718,8.377580409573),.UNSPECIFIED.) CURVE() 
GEOMETRIC_REPRESENTATION_ITEM() RATIONAL_B_SPLINE_CURVE((1.,0.5,1.,0.5,
1.,0.5,1.)) REPRESENTATION_ITEM('') );
#1808 = CARTESIAN_POINT('',(103.4,60.));
#1809 = CARTESIAN_POINT('',(103.4,62.77128129211));
#1810 = CARTESIAN_POINT('',(105.8,61.385640646055));
#1811 = CARTESIAN_POINT('',(108.2,60.));
#1812 = CARTESIAN_POINT('',(105.8,58.614359353945));
#1813 = CARTESIAN_POINT('',(103.4,57.22871870789));
#1814 = CARTESIAN_POINT('',(103.4,60.));
#1815 = ( GEOMETRIC_REPRESENTATION_CONTEXT(2) 
PARAMETRIC_REPRESENTATION_CONTEXT() REPRESENTATION_CONTEXT('2D SPACE',''
  ) );
#1816 = PCURVE('',#1817,#1822);
#1817 = CYLINDRICAL_SURFACE('',#1818,1.6);
#1818 = AXIS2_PLACEMENT_3D('',#1819,#1820,#1821);
#1819 = CARTESIAN_POINT('',(30.,-30.,4.));
#1820 = DIRECTION('',(0.,0.,-1.));
#1821 = DIRECTION('',(-1.,0.,0.));
#1822 = DEFINITIONAL_REPRESENTATION('',(#1823),#1827);
#1823 = LINE('',#1824,#1825);
#1824 = CARTESIAN_POINT('',(0.,0.));
#1825 = VECTOR('',#1826,1.);
#1826 = DIRECTION('',(1.,0.));
#1827 = ( GEOMETRIC_REPRESENTATION_CONTEXT(2) 
PARAMETRIC_REPRESENTATION_CONTEXT() REPRESENTATION_CONTEXT('2D SPACE',''
  ) );
#1828 = FACE_BOUND('',#1829,.T.);
#1829 = EDGE_LOOP('',(#1830));
#1830 = ORIENTED_EDGE('',*,*,#1831,.T.);
#1831 = EDGE_CURVE('',#1832,#1832,#1834,.T.);
#1832 = VERTEX_POINT('',#1833);
#1833 = CARTESIAN_POINT('',(-1.6,-15.,4.));
#1834 = SURFACE_CURVE('',#1835,(#1840,#1851),.PCURVE_S1.);
#1835 = CIRCLE('',#1836,1.6);
#1836 = AXIS2_PLACEMENT_3D('',#1837,#1838,#1839);
#1837 = CARTESIAN_POINT('',(0.,-15.,4.));
#1838 = DIRECTION('',(0.,0.,-1.));
#1839 = DIRECTION('',(-1.,0.,0.));
#1840 = PCURVE('',#44,#1841);
#1841 = DEFINITIONAL_REPRESENTATION('',(#1842),#1850);
#1842 = ( BOUNDED_CURVE() B_SPLINE_CURVE(2,(#1843,#1844,#1845,#1846,
#1847,#1848,#1849),.UNSPECIFIED.,.T.,.F.) B_SPLINE_CURVE_WITH_KNOTS((1,2
    ,2,2,2,1),(-2.094395102393,0.,2.094395102393,4.188790204786,
6.28318530718,8.377580409573),.UNSPECIFIED.) CURVE() 
GEOMETRIC_REPRESENTATION_ITEM() RATIONAL_B_SPLINE_CURVE((1.,0.5,1.,0.5,
1.,0.5,1.)) REPRESENTATION_ITEM('') );
#1843 = CARTESIAN_POINT('',(73.4,75.));
#1844 = CARTESIAN_POINT('',(73.4,77.77128129211));
#1845 = CARTESIAN_POINT('',(75.8,76.385640646055));
#1846 = CARTESIAN_POINT('',(78.2,75.));
#1847 = CARTESIAN_POINT('',(75.8,73.614359353945));
#1848 = CARTESIAN_POINT('',(73.4,72.22871870789));
#1849 = CARTESIAN_POINT('',(73.4,75.));
#1850 = ( GEOMETRIC_REPRESENTATION_CONTEXT(2) 
PARAMETRIC_REPRESENTATION_CONTEXT() REPRESENTATION_CONTEXT('2D SPACE',''
  ) );
#1851 = PCURVE('',#1852,#1857);
#1852 = CYLINDRICAL_SURFACE('',#1853,1.6);
#1853 = AXIS2_PLACEMENT_3D('',#1854,#1855,#1856);
#1854 = CARTESIAN_POINT('',(0.,-15.,4.));
#1855 = DIRECTION('',(0.,0.,-1.));
#1856 = DIRECTION('',(-1.,0.,0.));
#1857 = DEFINITIONAL_REPRESENTATION('',(#1858),#1862);
#1858 = LINE('',#1859,#1860);
#1859 = CARTESIAN_POINT('',(0.,0.));
#1860 = VECTOR('',#1861,1.);
#1861 = DIRECTION('',(1.,0.));
#1862 = ( GEOMETRIC_REPRESENTATION_CONTEXT(2) 
PARAMETRIC_REPRESENTATION_CONTEXT() REPRESENTATION_CONTEXT('2D SPACE',''
  ) );
#1863 = FACE_BOUND('',#1864,.T.);
#1864 = EDGE_LOOP('',(#1865));
#1865 = ORIENTED_EDGE('',*,*,#1866,.T.);
#1866 = EDGE_CURVE('',#1867,#1867,#1869,.T.);
#1867 = VERTEX_POINT('',#1868);
#1868 = CARTESIAN_POINT('',(13.4,-15.,4.));
#1869 = SURFACE_CURVE('',#1870,(#1875,#1886),.PCURVE_S1.);
#1870 = CIRCLE('',#1871,1.6);
#1871 = AXIS2_PLACEMENT_3D('',#1872,#1873,#1874);
#1872 = CARTESIAN_POINT('',(15.,-15.,4.));
#1873 = DIRECTION('',(0.,0.,-1.));
#1874 = DIRECTION('',(-1.,0.,0.));
#1875 = PCURVE('',#44,#1876);
#1876 = DEFINITIONAL_REPRESENTATION('',(#1877),#1885);
#1877 = ( BOUNDED_CURVE() B_SPLINE_CURVE(2,(#1878,#1879,#1880,#1881,
#1882,#1883,#1884),.UNSPECIFIED.,.T.,.F.) B_SPLINE_CURVE_WITH_KNOTS((1,2
    ,2,2,2,1),(-2.094395102393,0.,2.094395102393,4.188790204786,
6.28318530718,8.377580409573),.UNSPECIFIED.) CURVE() 
GEOMETRIC_REPRESENTATION_ITEM() RATIONAL_B_SPLINE_CURVE((1.,0.5,1.,0.5,
1.,0.5,1.)) REPRESENTATION_ITEM('') );
#1878 = CARTESIAN_POINT('',(88.4,75.));
#1879 = CARTESIAN_POINT('',(88.4,77.77128129211));
#1880 = CARTESIAN_POINT('',(90.8,76.385640646055));
#1881 = CARTESIAN_POINT('',(93.2,75.));
#1882 = CARTESIAN_POINT('',(90.8,73.614359353945));
#1883 = CARTESIAN_POINT('',(88.4,72.22871870789));
#1884 = CARTESIAN_POINT('',(88.4,75.));
#1885 = ( GEOMETRIC_REPRESENTATION_CONTEXT(2) 
PARAMETRIC_REPRESENTATION_CONTEXT() REPRESENTATION_CONTEXT('2D SPACE',''
  ) );
#1886 = PCURVE('',#1887,#1892);
#1887 = CYLINDRICAL_SURFACE('',#1888,1.6);
#1888 = AXIS2_PLACEMENT_3D('',#1889,#1890,#1891);
#1889 = CARTESIAN_POINT('',(15.,-15.,4.));
#1890 = DIRECTION('',(0.,0.,-1.));
#1891 = DIRECTION('',(-1.,0.,0.));
#1892 = DEFINITIONAL_REPRESENTATION('',(#1893),#1897);
#1893 = LINE('',#1894,#1895);
#1894 = CARTESIAN_POINT('',(0.,0.));
#1895 = VECTOR('',#1896,1.);
#1896 = DIRECTION('',(1.,0.));
#1897 = ( GEOMETRIC_REPRESENTATION_CONTEXT(2) 
PARAMETRIC_REPRESENTATION_CONTEXT() REPRESENTATION_CONTEXT('2D SPACE',''
  ) );
#1898 = FACE_BOUND('',#1899,.T.);
#1899 = EDGE_LOOP('',(#1900));
#1900 = ORIENTED_EDGE('',*,*,#1901,.T.);
#1901 = EDGE_CURVE('',#1902,#1902,#1904,.T.);
#1902 = VERTEX_POINT('',#1903);
#1903 = CARTESIAN_POINT('',(-1.6,-3.918869757272E-16,4.));
#1904 = SURFACE_CURVE('',#1905,(#1910,#1921),.PCURVE_S1.);
#1905 = CIRCLE('',#1906,1.6);
#1906 = AXIS2_PLACEMENT_3D('',#1907,#1908,#1909);
#1907 = CARTESIAN_POINT('',(0.,0.,4.));
#1908 = DIRECTION('',(0.,0.,-1.));
#1909 = DIRECTION('',(-1.,0.,0.));
#1910 = PCURVE('',#44,#1911);
#1911 = DEFINITIONAL_REPRESENTATION('',(#1912),#1920);
#1912 = ( BOUNDED_CURVE() B_SPLINE_CURVE(2,(#1913,#1914,#1915,#1916,
#1917,#1918,#1919),.UNSPECIFIED.,.T.,.F.) B_SPLINE_CURVE_WITH_KNOTS((1,2
    ,2,2,2,1),(-2.094395102393,0.,2.094395102393,4.188790204786,
6.28318530718,8.377580409573),.UNSPECIFIED.) CURVE() 
GEOMETRIC_REPRESENTATION_ITEM() RATIONAL_B_SPLINE_CURVE((1.,0.5,1.,0.5,
1.,0.5,1.)) REPRESENTATION_ITEM('') );
#1913 = CARTESIAN_POINT('',(73.4,90.));
#1914 = CARTESIAN_POINT('',(73.4,92.77128129211));
#1915 = CARTESIAN_POINT('',(75.8,91.385640646055));
#1916 = CARTESIAN_POINT('',(78.2,90.));
#1917 = CARTESIAN_POINT('',(75.8,88.614359353945));
#1918 = CARTESIAN_POINT('',(73.4,87.22871870789));
#1919 = CARTESIAN_POINT('',(73.4,90.));
#1920 = ( GEOMETRIC_REPRESENTATION_CONTEXT(2) 
PARAMETRIC_REPRESENTATION_CONTEXT() REPRESENTATION_CONTEXT('2D SPACE',''
  ) );
#1921 = PCURVE('',#1922,#1927);
#1922 = CYLINDRICAL_SURFACE('',#1923,1.6);
#1923 = AXIS2_PLACEMENT_3D('',#1924,#1925,#1926);
#1924 = CARTESIAN_POINT('',(0.,0.,4.));
#1925 = DIRECTION('',(0.,0.,-1.));
#1926 = DIRECTION('',(-1.,0.,0.));
#1927 = DEFINITIONAL_REPRESENTATION('',(#1928),#1932);
#1928 = LINE('',#1929,#1930);
#1929 = CARTESIAN_POINT('',(0.,0.));
#1930 = VECTOR('',#1931,1.);
#1931 = DIRECTION('',(1.,0.));
#1932 = ( GEOMETRIC_REPRESENTATION_CONTEXT(2) 
PARAMETRIC_REPRESENTATION_CONTEXT() REPRESENTATION_CONTEXT('2D SPACE',''
  ) );
#1933 = FACE_BOUND('',#1934,.T.);
#1934 = EDGE_LOOP('',(#1935));
#1935 = ORIENTED_EDGE('',*,*,#1936,.T.);
#1936 = EDGE_CURVE('',#1937,#1937,#1939,.T.);
#1937 = VERTEX_POINT('',#1938);
#1938 = CARTESIAN_POINT('',(13.4,-3.918869757272E-16,4.));
#1939 = SURFACE_CURVE('',#1940,(#1945,#1956),.PCURVE_S1.);
#1940 = CIRCLE('',#1941,1.6);
#1941 = AXIS2_PLACEMENT_3D('',#1942,#1943,#1944);
#1942 = CARTESIAN_POINT('',(15.,0.,4.));
#1943 = DIRECTION('',(0.,0.,-1.));
#1944 = DIRECTION('',(-1.,0.,0.));
#1945 = PCURVE('',#44,#1946);
#1946 = DEFINITIONAL_REPRESENTATION('',(#1947),#1955);
#1947 = ( BOUNDED_CURVE() B_SPLINE_CURVE(2,(#1948,#1949,#1950,#1951,
#1952,#1953,#1954),.UNSPECIFIED.,.T.,.F.) B_SPLINE_CURVE_WITH_KNOTS((1,2
    ,2,2,2,1),(-2.094395102393,0.,2.094395102393,4.188790204786,
6.28318530718,8.377580409573),.UNSPECIFIED.) CURVE() 
GEOMETRIC_REPRESENTATION_ITEM() RATIONAL_B_SPLINE_CURVE((1.,0.5,1.,0.5,
1.,0.5,1.)) REPRESENTATION_ITEM('') );
#1948 = CARTESIAN_POINT('',(88.4,90.));
#1949 = CARTESIAN_POINT('',(88.4,92.77128129211));
#1950 = CARTESIAN_POINT('',(90.8,91.385640646055));
#1951 = CARTESIAN_POINT('',(93.2,90.));
#1952 = CARTESIAN_POINT('',(90.8,88.614359353945));
#1953 = CARTESIAN_POINT('',(88.4,87.22871870789));
#1954 = CARTESIAN_POINT('',(88.4,90.));
#1955 = ( GEOMETRIC_REPRESENTATION_CONTEXT(2) 
PARAMETRIC_REPRESENTATION_CONTEXT() REPRESENTATION_CONTEXT('2D SPACE',''
  ) );
#1956 = PCURVE('',#1957,#1962);
#1957 = CYLINDRICAL_SURFACE('',#1958,1.6);
#1958 = AXIS2_PLACEMENT_3D('',#1959,#1960,#1961);
#1959 = CARTESIAN_POINT('',(15.,0.,4.));
#1960 = DIRECTION('',(0.,0.,-1.));
#1961 = DIRECTION('',(-1.,0.,0.));
#1962 = DEFINITIONAL_REPRESENTATION('',(#1963),#1967);
#1963 = LINE('',#1964,#1965);
#1964 = CARTESIAN_POINT('',(0.,0.));
#1965 = VECTOR('',#1966,1.);
#1966 = DIRECTION('',(1.,0.));
#1967 = ( GEOMETRIC_REPRESENTATION_CONTEXT(2) 
PARAMETRIC_REPRESENTATION_CONTEXT() REPRESENTATION_CONTEXT('2D SPACE',''
  ) );
#1968 = FACE_BOUND('',#1969,.T.);
#1969 = EDGE_LOOP('',(#1970));
#1970 = ORIENTED_EDGE('',*,*,#1971,.T.);
#1971 = EDGE_CURVE('',#1972,#1972,#1974,.T.);
#1972 = VERTEX_POINT('',#1973);
#1973 = CARTESIAN_POINT('',(28.4,-15.,4.));
#1974 = SURFACE_CURVE('',#1975,(#1980,#1991),.PCURVE_S1.);
#1975 = CIRCLE('',#1976,1.6);
#1976 = AXIS2_PLACEMENT_3D('',#1977,#1978,#1979);
#1977 = CARTESIAN_POINT('',(30.,-15.,4.));
#1978 = DIRECTION('',(0.,0.,-1.));
#1979 = DIRECTION('',(-1.,0.,0.));
#1980 = PCURVE('',#44,#1981);
#1981 = DEFINITIONAL_REPRESENTATION('',(#1982),#1990);
#1982 = ( BOUNDED_CURVE() B_SPLINE_CURVE(2,(#1983,#1984,#1985,#1986,
#1987,#1988,#1989),.UNSPECIFIED.,.T.,.F.) B_SPLINE_CURVE_WITH_KNOTS((1,2
    ,2,2,2,1),(-2.094395102393,0.,2.094395102393,4.188790204786,
6.28318530718,8.377580409573),.UNSPECIFIED.) CURVE() 
GEOMETRIC_REPRESENTATION_ITEM() RATIONAL_B_SPLINE_CURVE((1.,0.5,1.,0.5,
1.,0.5,1.)) REPRESENTATION_ITEM('') );
#1983 = CARTESIAN_POINT('',(103.4,75.));
#1984 = CARTESIAN_POINT('',(103.4,77.77128129211));
#1985 = CARTESIAN_POINT('',(105.8,76.385640646055));
#1986 = CARTESIAN_POINT('',(108.2,75.));
#1987 = CARTESIAN_POINT('',(105.8,73.614359353945));
#1988 = CARTESIAN_POINT('',(103.4,72.22871870789));
#1989 = CARTESIAN_POINT('',(103.4,75.));
#1990 = ( GEOMETRIC_REPRESENTATION_CONTEXT(2) 
PARAMETRIC_REPRESENTATION_CONTEXT() REPRESENTATION_CONTEXT('2D SPACE',''
  ) );
#1991 = PCURVE('',#1992,#1997);
#1992 = CYLINDRICAL_SURFACE('',#1993,1.6);
#1993 = AXIS2_PLACEMENT_3D('',#1994,#1995,#1996);
#1994 = CARTESIAN_POINT('',(30.,-15.,4.));
#1995 = DIRECTION('',(0.,0.,-1.));
#1996 = DIRECTION('',(-1.,0.,0.));
#1997 = DEFINITIONAL_REPRESENTATION('',(#1998),#2002);
#1998 = LINE('',#1999,#2000);
#1999 = CARTESIAN_POINT('',(0.,0.));
#2000 = VECTOR('',#2001,1.);
#2001 = DIRECTION('',(1.,0.));
#2002 = ( GEOMETRIC_REPRESENTATION_CONTEXT(2) 
PARAMETRIC_REPRESENTATION_CONTEXT() REPRESENTATION_CONTEXT('2D SPACE',''
  ) );
#2003 = FACE_BOUND('',#2004,.T.);
#2004 = EDGE_LOOP('',(#2005));
#2005 = ORIENTED_EDGE('',*,*,#2006,.T.);
#2006 = EDGE_CURVE('',#2007,#2007,#2009,.T.);
#2007 = VERTEX_POINT('',#2008);
#2008 = CARTESIAN_POINT('',(28.4,-3.918869757272E-16,4.));
#2009 = SURFACE_CURVE('',#2010,(#2015,#2026),.PCURVE_S1.);
#2010 = CIRCLE('',#2011,1.6);
#2011 = AXIS2_PLACEMENT_3D('',#2012,#2013,#2014);
#2012 = CARTESIAN_POINT('',(30.,0.,4.));
#2013 = DIRECTION('',(0.,0.,-1.));
#2014 = DIRECTION('',(-1.,0.,0.));
#2015 = PCURVE('',#44,#2016);
#2016 = DEFINITIONAL_REPRESENTATION('',(#2017),#2025);
#2017 = ( BOUNDED_CURVE() B_SPLINE_CURVE(2,(#2018,#2019,#2020,#2021,
#2022,#2023,#2024),.UNSPECIFIED.,.T.,.F.) B_SPLINE_CURVE_WITH_KNOTS((1,2
    ,2,2,2,1),(-2.094395102393,0.,2.094395102393,4.188790204786,
6.28318530718,8.377580409573),.UNSPECIFIED.) CURVE() 
GEOMETRIC_REPRESENTATION_ITEM() RATIONAL_B_SPLINE_CURVE((1.,0.5,1.,0.5,
1.,0.5,1.)) REPRESENTATION_ITEM('') );
#2018 = CARTESIAN_POINT('',(103.4,90.));
#2019 = CARTESIAN_POINT('',(103.4,92.77128129211));
#2020 = CARTESIAN_POINT('',(105.8,91.385640646055));
#2021 = CARTESIAN_POINT('',(108.2,90.));
#2022 = CARTESIAN_POINT('',(105.8,88.614359353945));
#2023 = CARTESIAN_POINT('',(103.4,87.22871870789));
#2024 = CARTESIAN_POINT('',(103.4,90.));
#2025 = ( GEOMETRIC_REPRESENTATION_CONTEXT(2) 
PARAMETRIC_REPRESENTATION_CONTEXT() REPRESENTATION_CONTEXT('2D SPACE',''
  ) );
#2026 = PCURVE('',#2027,#2032);
#2027 = CYLINDRICAL_SURFACE('',#2028,1.6);
#2028 = AXIS2_PLACEMENT_3D('',#2029,#2030,#2031);
#2029 = CARTESIAN_POINT('',(30.,0.,4.));
#2030 = DIRECTION('',(0.,0.,-1.));
#2031 = DIRECTION('',(-1.,0.,0.));
#2032 = DEFINITIONAL_REPRESENTATION('',(#2033),#2037);
#2033 = LINE('',#2034,#2035);
#2034 = CARTESIAN_POINT('',(0.,0.));
#2035 = VECTOR('',#2036,1.);
#2036 = DIRECTION('',(1.,0.));
#2037 = ( GEOMETRIC_REPRESENTATION_CONTEXT(2) 
PARAMETRIC_REPRESENTATION_CONTEXT() REPRESENTATION_CONTEXT('2D SPACE',''
  ) );
#2038 = FACE_BOUND('',#2039,.T.);
#2039 = EDGE_LOOP('',(#2040,#2071,#2097,#2126));
#2040 = ORIENTED_EDGE('',*,*,#2041,.F.);
#2041 = EDGE_CURVE('',#2042,#2044,#2046,.T.);
#2042 = VERTEX_POINT('',#2043);
#2043 = CARTESIAN_POINT('',(43.,-27.,4.));
#2044 = VERTEX_POINT('',#2045);
#2045 = CARTESIAN_POINT('',(43.,-31.,4.));
#2046 = SURFACE_CURVE('',#2047,(#2052,#2059),.PCURVE_S1.);
#2047 = CIRCLE('',#2048,2.);
#2048 = AXIS2_PLACEMENT_3D('',#2049,#2050,#2051);
#2049 = CARTESIAN_POINT('',(43.,-29.,4.));
#2050 = DIRECTION('',(0.,0.,1.));
#2051 = DIRECTION('',(-0.,-1.,0.));
#2052 = PCURVE('',#44,#2053);
#2053 = DEFINITIONAL_REPRESENTATION('',(#2054),#2058);
#2054 = CIRCLE('',#2055,2.);
#2055 = AXIS2_PLACEMENT_2D('',#2056,#2057);
#2056 = CARTESIAN_POINT('',(118.,61.));
#2057 = DIRECTION('',(0.,-1.));
#2058 = ( GEOMETRIC_REPRESENTATION_CONTEXT(2) 
PARAMETRIC_REPRESENTATION_CONTEXT() REPRESENTATION_CONTEXT('2D SPACE',''
  ) );
#2059 = PCURVE('',#2060,#2065);
#2060 = CYLINDRICAL_SURFACE('',#2061,2.);
#2061 = AXIS2_PLACEMENT_3D('',#2062,#2063,#2064);
#2062 = CARTESIAN_POINT('',(43.,-29.,184.0000003));
#2063 = DIRECTION('',(0.,-0.,1.));
#2064 = DIRECTION('',(0.,-1.,0.));
#2065 = DEFINITIONAL_REPRESENTATION('',(#2066),#2070);
#2066 = LINE('',#2067,#2068);
#2067 = CARTESIAN_POINT('',(-6.28318530718,-180.0000003));
#2068 = VECTOR('',#2069,1.);
#2069 = DIRECTION('',(1.,-0.));
#2070 = ( GEOMETRIC_REPRESENTATION_CONTEXT(2) 
PARAMETRIC_REPRESENTATION_CONTEXT() REPRESENTATION_CONTEXT('2D SPACE',''
  ) );
#2071 = ORIENTED_EDGE('',*,*,#2072,.T.);
#2072 = EDGE_CURVE('',#2042,#2073,#2075,.T.);
#2073 = VERTEX_POINT('',#2074);
#2074 = CARTESIAN_POINT('',(53.,-27.,4.));
#2075 = SURFACE_CURVE('',#2076,(#2080,#2086),.PCURVE_S1.);
#2076 = LINE('',#2077,#2078);
#2077 = CARTESIAN_POINT('',(-16.,-27.,4.));
#2078 = VECTOR('',#2079,1.);
#2079 = DIRECTION('',(1.,0.,-0.));
#2080 = PCURVE('',#44,#2081);
#2081 = DEFINITIONAL_REPRESENTATION('',(#2082),#2085);
#2082 = B_SPLINE_CURVE_WITH_KNOTS('',1,(#2083,#2084),.UNSPECIFIED.,.F.,
  .F.,(2,2),(59.,69.),.PIECEWISE_BEZIER_KNOTS.);
#2083 = CARTESIAN_POINT('',(118.,63.));
#2084 = CARTESIAN_POINT('',(128.,63.));
#2085 = ( GEOMETRIC_REPRESENTATION_CONTEXT(2) 
PARAMETRIC_REPRESENTATION_CONTEXT() REPRESENTATION_CONTEXT('2D SPACE',''
  ) );
#2086 = PCURVE('',#2087,#2092);
#2087 = PLANE('',#2088);
#2088 = AXIS2_PLACEMENT_3D('',#2089,#2090,#2091);
#2089 = CARTESIAN_POINT('',(43.,-27.,184.0000003));
#2090 = DIRECTION('',(0.,-1.,0.));
#2091 = DIRECTION('',(1.,0.,0.));
#2092 = DEFINITIONAL_REPRESENTATION('',(#2093),#2096);
#2093 = B_SPLINE_CURVE_WITH_KNOTS('',1,(#2094,#2095),.UNSPECIFIED.,.F.,
  .F.,(2,2),(59.,69.),.PIECEWISE_BEZIER_KNOTS.);
#2094 = CARTESIAN_POINT('',(0.,-180.0000003));
#2095 = CARTESIAN_POINT('',(10.,-180.0000003));
#2096 = ( GEOMETRIC_REPRESENTATION_CONTEXT(2) 
PARAMETRIC_REPRESENTATION_CONTEXT() REPRESENTATION_CONTEXT('2D SPACE',''
  ) );
#2097 = ORIENTED_EDGE('',*,*,#2098,.F.);
#2098 = EDGE_CURVE('',#2099,#2073,#2101,.T.);
#2099 = VERTEX_POINT('',#2100);
#2100 = CARTESIAN_POINT('',(53.,-31.,4.));
#2101 = SURFACE_CURVE('',#2102,(#2107,#2114),.PCURVE_S1.);
#2102 = CIRCLE('',#2103,2.);
#2103 = AXIS2_PLACEMENT_3D('',#2104,#2105,#2106);
#2104 = CARTESIAN_POINT('',(53.,-29.,4.));
#2105 = DIRECTION('',(0.,-0.,1.));
#2106 = DIRECTION('',(0.,1.,0.));
#2107 = PCURVE('',#44,#2108);
#2108 = DEFINITIONAL_REPRESENTATION('',(#2109),#2113);
#2109 = CIRCLE('',#2110,2.);
#2110 = AXIS2_PLACEMENT_2D('',#2111,#2112);
#2111 = CARTESIAN_POINT('',(128.,61.));
#2112 = DIRECTION('',(0.,1.));
#2113 = ( GEOMETRIC_REPRESENTATION_CONTEXT(2) 
PARAMETRIC_REPRESENTATION_CONTEXT() REPRESENTATION_CONTEXT('2D SPACE',''
  ) );
#2114 = PCURVE('',#2115,#2120);
#2115 = CYLINDRICAL_SURFACE('',#2116,2.);
#2116 = AXIS2_PLACEMENT_3D('',#2117,#2118,#2119);
#2117 = CARTESIAN_POINT('',(53.,-29.,184.0000003));
#2118 = DIRECTION('',(0.,0.,1.));
#2119 = DIRECTION('',(0.,1.,0.));
#2120 = DEFINITIONAL_REPRESENTATION('',(#2121),#2125);
#2121 = LINE('',#2122,#2123);
#2122 = CARTESIAN_POINT('',(-6.28318530718,-180.0000003));
#2123 = VECTOR('',#2124,1.);
#2124 = DIRECTION('',(1.,-0.));
#2125 = ( GEOMETRIC_REPRESENTATION_CONTEXT(2) 
PARAMETRIC_REPRESENTATION_CONTEXT() REPRESENTATION_CONTEXT('2D SPACE',''
  ) );
#2126 = ORIENTED_EDGE('',*,*,#2127,.T.);
#2127 = EDGE_CURVE('',#2099,#2044,#2128,.T.);
#2128 = SURFACE_CURVE('',#2129,(#2133,#2139),.PCURVE_S1.);
#2129 = LINE('',#2130,#2131);
#2130 = CARTESIAN_POINT('',(-11.,-31.,4.));
#2131 = VECTOR('',#2132,1.);
#2132 = DIRECTION('',(-1.,0.,0.));
#2133 = PCURVE('',#44,#2134);
#2134 = DEFINITIONAL_REPRESENTATION('',(#2135),#2138);
#2135 = B_SPLINE_CURVE_WITH_KNOTS('',1,(#2136,#2137),.UNSPECIFIED.,.F.,
  .F.,(2,2),(-64.,-54.),.PIECEWISE_BEZIER_KNOTS.);
#2136 = CARTESIAN_POINT('',(128.,59.));
#2137 = CARTESIAN_POINT('',(118.,59.));
#2138 = ( GEOMETRIC_REPRESENTATION_CONTEXT(2) 
PARAMETRIC_REPRESENTATION_CONTEXT() REPRESENTATION_CONTEXT('2D SPACE',''
  ) );
#2139 = PCURVE('',#2140,#2145);
#2140 = PLANE('',#2141);
#2141 = AXIS2_PLACEMENT_3D('',#2142,#2143,#2144);
#2142 = CARTESIAN_POINT('',(53.,-31.,184.0000003));
#2143 = DIRECTION('',(0.,1.,0.));
#2144 = DIRECTION('',(-1.,0.,0.));
#2145 = DEFINITIONAL_REPRESENTATION('',(#2146),#2149);
#2146 = B_SPLINE_CURVE_WITH_KNOTS('',1,(#2147,#2148),.UNSPECIFIED.,.F.,
  .F.,(2,2),(-64.,-54.),.PIECEWISE_BEZIER_KNOTS.);
#2147 = CARTESIAN_POINT('',(0.,-180.0000003));
#2148 = CARTESIAN_POINT('',(10.,-180.0000003));
#2149 = ( GEOMETRIC_REPRESENTATION_CONTEXT(2) 
PARAMETRIC_REPRESENTATION_CONTEXT() REPRESENTATION_CONTEXT('2D SPACE',''
  ) );
#2150 = FACE_BOUND('',#2151,.T.);
#2151 = EDGE_LOOP('',(#2152));
#2152 = ORIENTED_EDGE('',*,*,#2153,.T.);
#2153 = EDGE_CURVE('',#2154,#2154,#2156,.T.);
#2154 = VERTEX_POINT('',#2155);
#2155 = CARTESIAN_POINT('',(43.4,-15.,4.));
#2156 = SURFACE_CURVE('',#2157,(#2162,#2173),.PCURVE_S1.);
#2157 = CIRCLE('',#2158,1.6);
#2158 = AXIS2_PLACEMENT_3D('',#2159,#2160,#2161);
#2159 = CARTESIAN_POINT('',(45.,-15.,4.));
#2160 = DIRECTION('',(0.,0.,-1.));
#2161 = DIRECTION('',(-1.,0.,0.));
#2162 = PCURVE('',#44,#2163);
#2163 = DEFINITIONAL_REPRESENTATION('',(#2164),#2172);
#2164 = ( BOUNDED_CURVE() B_SPLINE_CURVE(2,(#2165,#2166,#2167,#2168,
#2169,#2170,#2171),.UNSPECIFIED.,.T.,.F.) B_SPLINE_CURVE_WITH_KNOTS((1,2
    ,2,2,2,1),(-2.094395102393,0.,2.094395102393,4.188790204786,
6.28318530718,8.377580409573),.UNSPECIFIED.) CURVE() 
GEOMETRIC_REPRESENTATION_ITEM() RATIONAL_B_SPLINE_CURVE((1.,0.5,1.,0.5,
1.,0.5,1.)) REPRESENTATION_ITEM('') );
#2165 = CARTESIAN_POINT('',(118.4,75.));
#2166 = CARTESIAN_POINT('',(118.4,77.77128129211));
#2167 = CARTESIAN_POINT('',(120.8,76.385640646055));
#2168 = CARTESIAN_POINT('',(123.2,75.));
#2169 = CARTESIAN_POINT('',(120.8,73.614359353945));
#2170 = CARTESIAN_POINT('',(118.4,72.22871870789));
#2171 = CARTESIAN_POINT('',(118.4,75.));
#2172 = ( GEOMETRIC_REPRESENTATION_CONTEXT(2) 
PARAMETRIC_REPRESENTATION_CONTEXT() REPRESENTATION_CONTEXT('2D SPACE',''
  ) );
#2173 = PCURVE('',#2174,#2179);
#2174 = CYLINDRICAL_SURFACE('',#2175,1.6);
#2175 = AXIS2_PLACEMENT_3D('',#2176,#2177,#2178);
#2176 = CARTESIAN_POINT('',(45.,-15.,4.));
#2177 = DIRECTION('',(0.,0.,-1.));
#2178 = DIRECTION('',(-1.,0.,0.));
#2179 = DEFINITIONAL_REPRESENTATION('',(#2180),#2184);
#2180 = LINE('',#2181,#2182);
#2181 = CARTESIAN_POINT('',(0.,0.));
#2182 = VECTOR('',#2183,1.);
#2183 = DIRECTION('',(1.,0.));
#2184 = ( GEOMETRIC_REPRESENTATION_CONTEXT(2) 
PARAMETRIC_REPRESENTATION_CONTEXT() REPRESENTATION_CONTEXT('2D SPACE',''
  ) );
#2185 = FACE_BOUND('',#2186,.T.);
#2186 = EDGE_LOOP('',(#2187));
#2187 = ORIENTED_EDGE('',*,*,#2188,.T.);
#2188 = EDGE_CURVE('',#2189,#2189,#2191,.T.);
#2189 = VERTEX_POINT('',#2190);
#2190 = CARTESIAN_POINT('',(43.4,-3.918869757272E-16,4.));
#2191 = SURFACE_CURVE('',#2192,(#2197,#2208),.PCURVE_S1.);
#2192 = CIRCLE('',#2193,1.6);
#2193 = AXIS2_PLACEMENT_3D('',#2194,#2195,#2196);
#2194 = CARTESIAN_POINT('',(45.,0.,4.));
#2195 = DIRECTION('',(0.,0.,-1.));
#2196 = DIRECTION('',(-1.,0.,0.));
#2197 = PCURVE('',#44,#2198);
#2198 = DEFINITIONAL_REPRESENTATION('',(#2199),#2207);
#2199 = ( BOUNDED_CURVE() B_SPLINE_CURVE(2,(#2200,#2201,#2202,#2203,
#2204,#2205,#2206),.UNSPECIFIED.,.T.,.F.) B_SPLINE_CURVE_WITH_KNOTS((1,2
    ,2,2,2,1),(-2.094395102393,0.,2.094395102393,4.188790204786,
6.28318530718,8.377580409573),.UNSPECIFIED.) CURVE() 
GEOMETRIC_REPRESENTATION_ITEM() RATIONAL_B_SPLINE_CURVE((1.,0.5,1.,0.5,
1.,0.5,1.)) REPRESENTATION_ITEM('') );
#2200 = CARTESIAN_POINT('',(118.4,90.));
#2201 = CARTESIAN_POINT('',(118.4,92.77128129211));
#2202 = CARTESIAN_POINT('',(120.8,91.385640646055));
#2203 = CARTESIAN_POINT('',(123.2,90.));
#2204 = CARTESIAN_POINT('',(120.8,88.614359353945));
#2205 = CARTESIAN_POINT('',(118.4,87.22871870789));
#2206 = CARTESIAN_POINT('',(118.4,90.));
#2207 = ( GEOMETRIC_REPRESENTATION_CONTEXT(2) 
PARAMETRIC_REPRESENTATION_CONTEXT() REPRESENTATION_CONTEXT('2D SPACE',''
  ) );
#2208 = PCURVE('',#2209,#2214);
#2209 = CYLINDRICAL_SURFACE('',#2210,1.6);
#2210 = AXIS2_PLACEMENT_3D('',#2211,#2212,#2213);
#2211 = CARTESIAN_POINT('',(45.,0.,4.));
#2212 = DIRECTION('',(0.,0.,-1.));
#2213 = DIRECTION('',(-1.,0.,0.));
#2214 = DEFINITIONAL_REPRESENTATION('',(#2215),#2219);
#2215 = LINE('',#2216,#2217);
#2216 = CARTESIAN_POINT('',(0.,0.));
#2217 = VECTOR('',#2218,1.);
#2218 = DIRECTION('',(1.,0.));
#2219 = ( GEOMETRIC_REPRESENTATION_CONTEXT(2) 
PARAMETRIC_REPRESENTATION_CONTEXT() REPRESENTATION_CONTEXT('2D SPACE',''
  ) );
#2220 = FACE_BOUND('',#2221,.T.);
#2221 = EDGE_LOOP('',(#2222));
#2222 = ORIENTED_EDGE('',*,*,#2223,.T.);
#2223 = EDGE_CURVE('',#2224,#2224,#2226,.T.);
#2224 = VERTEX_POINT('',#2225);
#2225 = CARTESIAN_POINT('',(58.4,-15.,4.));
#2226 = SURFACE_CURVE('',#2227,(#2232,#2243),.PCURVE_S1.);
#2227 = CIRCLE('',#2228,1.6);
#2228 = AXIS2_PLACEMENT_3D('',#2229,#2230,#2231);
#2229 = CARTESIAN_POINT('',(60.,-15.,4.));
#2230 = DIRECTION('',(0.,0.,-1.));
#2231 = DIRECTION('',(-1.,0.,0.));
#2232 = PCURVE('',#44,#2233);
#2233 = DEFINITIONAL_REPRESENTATION('',(#2234),#2242);
#2234 = ( BOUNDED_CURVE() B_SPLINE_CURVE(2,(#2235,#2236,#2237,#2238,
#2239,#2240,#2241),.UNSPECIFIED.,.T.,.F.) B_SPLINE_CURVE_WITH_KNOTS((1,2
    ,2,2,2,1),(-2.094395102393,0.,2.094395102393,4.188790204786,
6.28318530718,8.377580409573),.UNSPECIFIED.) CURVE() 
GEOMETRIC_REPRESENTATION_ITEM() RATIONAL_B_SPLINE_CURVE((1.,0.5,1.,0.5,
1.,0.5,1.)) REPRESENTATION_ITEM('') );
#2235 = CARTESIAN_POINT('',(133.4,75.));
#2236 = CARTESIAN_POINT('',(133.4,77.77128129211));
#2237 = CARTESIAN_POINT('',(135.8,76.385640646055));
#2238 = CARTESIAN_POINT('',(138.2,75.));
#2239 = CARTESIAN_POINT('',(135.8,73.614359353945));
#2240 = CARTESIAN_POINT('',(133.4,72.22871870789));
#2241 = CARTESIAN_POINT('',(133.4,75.));
#2242 = ( GEOMETRIC_REPRESENTATION_CONTEXT(2) 
PARAMETRIC_REPRESENTATION_CONTEXT() REPRESENTATION_CONTEXT('2D SPACE',''
  ) );
#2243 = PCURVE('',#2244,#2249);
#2244 = CYLINDRICAL_SURFACE('',#2245,1.6);
#2245 = AXIS2_PLACEMENT_3D('',#2246,#2247,#2248);
#2246 = CARTESIAN_POINT('',(60.,-15.,4.));
#2247 = DIRECTION('',(0.,0.,-1.));
#2248 = DIRECTION('',(-1.,0.,0.));
#2249 = DEFINITIONAL_REPRESENTATION('',(#2250),#2254);
#2250 = LINE('',#2251,#2252);
#2251 = CARTESIAN_POINT('',(0.,0.));
#2252 = VECTOR('',#2253,1.);
#2253 = DIRECTION('',(1.,0.));
#2254 = ( GEOMETRIC_REPRESENTATION_CONTEXT(2) 
PARAMETRIC_REPRESENTATION_CONTEXT() REPRESENTATION_CONTEXT('2D SPACE',''
  ) );
#2255 = FACE_BOUND('',#2256,.T.);
#2256 = EDGE_LOOP('',(#2257));
#2257 = ORIENTED_EDGE('',*,*,#2258,.T.);
#2258 = EDGE_CURVE('',#2259,#2259,#2261,.T.);
#2259 = VERTEX_POINT('',#2260);
#2260 = CARTESIAN_POINT('',(64.4,-11.,4.));
#2261 = SURFACE_CURVE('',#2262,(#2267,#2278),.PCURVE_S1.);
#2262 = CIRCLE('',#2263,1.6);
#2263 = AXIS2_PLACEMENT_3D('',#2264,#2265,#2266);
#2264 = CARTESIAN_POINT('',(66.,-11.,4.));
#2265 = DIRECTION('',(0.,0.,-1.));
#2266 = DIRECTION('',(-1.,0.,0.));
#2267 = PCURVE('',#44,#2268);
#2268 = DEFINITIONAL_REPRESENTATION('',(#2269),#2277);
#2269 = ( BOUNDED_CURVE() B_SPLINE_CURVE(2,(#2270,#2271,#2272,#2273,
#2274,#2275,#2276),.UNSPECIFIED.,.T.,.F.) B_SPLINE_CURVE_WITH_KNOTS((1,2
    ,2,2,2,1),(-2.094395102393,0.,2.094395102393,4.188790204786,
6.28318530718,8.377580409573),.UNSPECIFIED.) CURVE() 
GEOMETRIC_REPRESENTATION_ITEM() RATIONAL_B_SPLINE_CURVE((1.,0.5,1.,0.5,
1.,0.5,1.)) REPRESENTATION_ITEM('') );
#2270 = CARTESIAN_POINT('',(139.4,79.));
#2271 = CARTESIAN_POINT('',(139.4,81.77128129211));
#2272 = CARTESIAN_POINT('',(141.8,80.385640646055));
#2273 = CARTESIAN_POINT('',(144.2,79.));
#2274 = CARTESIAN_POINT('',(141.8,77.614359353945));
#2275 = CARTESIAN_POINT('',(139.4,76.22871870789));
#2276 = CARTESIAN_POINT('',(139.4,79.));
#2277 = ( GEOMETRIC_REPRESENTATION_CONTEXT(2) 
PARAMETRIC_REPRESENTATION_CONTEXT() REPRESENTATION_CONTEXT('2D SPACE',''
  ) );
#2278 = PCURVE('',#2279,#2284);
#2279 = CYLINDRICAL_SURFACE('',#2280,1.6);
#2280 = AXIS2_PLACEMENT_3D('',#2281,#2282,#2283);
#2281 = CARTESIAN_POINT('',(66.,-11.,4.));
#2282 = DIRECTION('',(0.,0.,-1.));
#2283 = DIRECTION('',(-1.,0.,0.));
#2284 = DEFINITIONAL_REPRESENTATION('',(#2285),#2289);
#2285 = LINE('',#2286,#2287);
#2286 = CARTESIAN_POINT('',(0.,0.));
#2287 = VECTOR('',#2288,1.);
#2288 = DIRECTION('',(1.,0.));
#2289 = ( GEOMETRIC_REPRESENTATION_CONTEXT(2) 
PARAMETRIC_REPRESENTATION_CONTEXT() REPRESENTATION_CONTEXT('2D SPACE',''
  ) );
#2290 = FACE_BOUND('',#2291,.T.);
#2291 = EDGE_LOOP('',(#2292));
#2292 = ORIENTED_EDGE('',*,*,#2293,.T.);
#2293 = EDGE_CURVE('',#2294,#2294,#2296,.T.);
#2294 = VERTEX_POINT('',#2295);
#2295 = CARTESIAN_POINT('',(58.4,-3.918869757272E-16,4.));
#2296 = SURFACE_CURVE('',#2297,(#2302,#2313),.PCURVE_S1.);
#2297 = CIRCLE('',#2298,1.6);
#2298 = AXIS2_PLACEMENT_3D('',#2299,#2300,#2301);
#2299 = CARTESIAN_POINT('',(60.,0.,4.));
#2300 = DIRECTION('',(0.,0.,-1.));
#2301 = DIRECTION('',(-1.,0.,0.));
#2302 = PCURVE('',#44,#2303);
#2303 = DEFINITIONAL_REPRESENTATION('',(#2304),#2312);
#2304 = ( BOUNDED_CURVE() B_SPLINE_CURVE(2,(#2305,#2306,#2307,#2308,
#2309,#2310,#2311),.UNSPECIFIED.,.T.,.F.) B_SPLINE_CURVE_WITH_KNOTS((1,2
    ,2,2,2,1),(-2.094395102393,0.,2.094395102393,4.188790204786,
6.28318530718,8.377580409573),.UNSPECIFIED.) CURVE() 
GEOMETRIC_REPRESENTATION_ITEM() RATIONAL_B_SPLINE_CURVE((1.,0.5,1.,0.5,
1.,0.5,1.)) REPRESENTATION_ITEM('') );
#2305 = CARTESIAN_POINT('',(133.4,90.));
#2306 = CARTESIAN_POINT('',(133.4,92.77128129211));
#2307 = CARTESIAN_POINT('',(135.8,91.385640646055));
#2308 = CARTESIAN_POINT('',(138.2,90.));
#2309 = CARTESIAN_POINT('',(135.8,88.614359353945));
#2310 = CARTESIAN_POINT('',(133.4,87.22871870789));
#2311 = CARTESIAN_POINT('',(133.4,90.));
#2312 = ( GEOMETRIC_REPRESENTATION_CONTEXT(2) 
PARAMETRIC_REPRESENTATION_CONTEXT() REPRESENTATION_CONTEXT('2D SPACE',''
  ) );
#2313 = PCURVE('',#2314,#2319);
#2314 = CYLINDRICAL_SURFACE('',#2315,1.6);
#2315 = AXIS2_PLACEMENT_3D('',#2316,#2317,#2318);
#2316 = CARTESIAN_POINT('',(60.,0.,4.));
#2317 = DIRECTION('',(0.,0.,-1.));
#2318 = DIRECTION('',(-1.,0.,0.));
#2319 = DEFINITIONAL_REPRESENTATION('',(#2320),#2324);
#2320 = LINE('',#2321,#2322);
#2321 = CARTESIAN_POINT('',(0.,0.));
#2322 = VECTOR('',#2323,1.);
#2323 = DIRECTION('',(1.,0.));
#2324 = ( GEOMETRIC_REPRESENTATION_CONTEXT(2) 
PARAMETRIC_REPRESENTATION_CONTEXT() REPRESENTATION_CONTEXT('2D SPACE',''
  ) );
#2325 = FACE_BOUND('',#2326,.T.);
#2326 = EDGE_LOOP('',(#2327));
#2327 = ORIENTED_EDGE('',*,*,#2328,.T.);
#2328 = EDGE_CURVE('',#2329,#2329,#2331,.T.);
#2329 = VERTEX_POINT('',#2330);
#2330 = CARTESIAN_POINT('',(-67.6,11.,4.));
#2331 = SURFACE_CURVE('',#2332,(#2337,#2348),.PCURVE_S1.);
#2332 = CIRCLE('',#2333,1.6);
#2333 = AXIS2_PLACEMENT_3D('',#2334,#2335,#2336);
#2334 = CARTESIAN_POINT('',(-66.,11.,4.));
#2335 = DIRECTION('',(0.,0.,-1.));
#2336 = DIRECTION('',(-1.,0.,0.));
#2337 = PCURVE('',#44,#2338);
#2338 = DEFINITIONAL_REPRESENTATION('',(#2339),#2347);
#2339 = ( BOUNDED_CURVE() B_SPLINE_CURVE(2,(#2340,#2341,#2342,#2343,
#2344,#2345,#2346),.UNSPECIFIED.,.T.,.F.) B_SPLINE_CURVE_WITH_KNOTS((1,2
    ,2,2,2,1),(-2.094395102393,0.,2.094395102393,4.188790204786,
6.28318530718,8.377580409573),.UNSPECIFIED.) CURVE() 
GEOMETRIC_REPRESENTATION_ITEM() RATIONAL_B_SPLINE_CURVE((1.,0.5,1.,0.5,
1.,0.5,1.)) REPRESENTATION_ITEM('') );
#2340 = CARTESIAN_POINT('',(7.4,101.));
#2341 = CARTESIAN_POINT('',(7.4,103.77128129211));
#2342 = CARTESIAN_POINT('',(9.8,102.38564064605));
#2343 = CARTESIAN_POINT('',(12.2,101.));
#2344 = CARTESIAN_POINT('',(9.8,99.614359353945));
#2345 = CARTESIAN_POINT('',(7.4,98.22871870789));
#2346 = CARTESIAN_POINT('',(7.4,101.));
#2347 = ( GEOMETRIC_REPRESENTATION_CONTEXT(2) 
PARAMETRIC_REPRESENTATION_CONTEXT() REPRESENTATION_CONTEXT('2D SPACE',''
  ) );
#2348 = PCURVE('',#2349,#2354);
#2349 = CYLINDRICAL_SURFACE('',#2350,1.6);
#2350 = AXIS2_PLACEMENT_3D('',#2351,#2352,#2353);
#2351 = CARTESIAN_POINT('',(-66.,11.,4.));
#2352 = DIRECTION('',(0.,0.,-1.));
#2353 = DIRECTION('',(-1.,0.,0.));
#2354 = DEFINITIONAL_REPRESENTATION('',(#2355),#2359);
#2355 = LINE('',#2356,#2357);
#2356 = CARTESIAN_POINT('',(0.,0.));
#2357 = VECTOR('',#2358,1.);
#2358 = DIRECTION('',(1.,0.));
#2359 = ( GEOMETRIC_REPRESENTATION_CONTEXT(2) 
PARAMETRIC_REPRESENTATION_CONTEXT() REPRESENTATION_CONTEXT('2D SPACE',''
  ) );
#2360 = FACE_BOUND('',#2361,.T.);
#2361 = EDGE_LOOP('',(#2362));
#2362 = ORIENTED_EDGE('',*,*,#2363,.T.);
#2363 = EDGE_CURVE('',#2364,#2364,#2366,.T.);
#2364 = VERTEX_POINT('',#2365);
#2365 = CARTESIAN_POINT('',(-61.6,15.,4.));
#2366 = SURFACE_CURVE('',#2367,(#2372,#2383),.PCURVE_S1.);
#2367 = CIRCLE('',#2368,1.6);
#2368 = AXIS2_PLACEMENT_3D('',#2369,#2370,#2371);
#2369 = CARTESIAN_POINT('',(-60.,15.,4.));
#2370 = DIRECTION('',(0.,0.,-1.));
#2371 = DIRECTION('',(-1.,0.,0.));
#2372 = PCURVE('',#44,#2373);
#2373 = DEFINITIONAL_REPRESENTATION('',(#2374),#2382);
#2374 = ( BOUNDED_CURVE() B_SPLINE_CURVE(2,(#2375,#2376,#2377,#2378,
#2379,#2380,#2381),.UNSPECIFIED.,.T.,.F.) B_SPLINE_CURVE_WITH_KNOTS((1,2
    ,2,2,2,1),(-2.094395102393,0.,2.094395102393,4.188790204786,
6.28318530718,8.377580409573),.UNSPECIFIED.) CURVE() 
GEOMETRIC_REPRESENTATION_ITEM() RATIONAL_B_SPLINE_CURVE((1.,0.5,1.,0.5,
1.,0.5,1.)) REPRESENTATION_ITEM('') );
#2375 = CARTESIAN_POINT('',(13.4,105.));
#2376 = CARTESIAN_POINT('',(13.4,107.77128129211));
#2377 = CARTESIAN_POINT('',(15.8,106.38564064605));
#2378 = CARTESIAN_POINT('',(18.2,105.));
#2379 = CARTESIAN_POINT('',(15.8,103.61435935394));
#2380 = CARTESIAN_POINT('',(13.4,102.22871870789));
#2381 = CARTESIAN_POINT('',(13.4,105.));
#2382 = ( GEOMETRIC_REPRESENTATION_CONTEXT(2) 
PARAMETRIC_REPRESENTATION_CONTEXT() REPRESENTATION_CONTEXT('2D SPACE',''
  ) );
#2383 = PCURVE('',#2384,#2389);
#2384 = CYLINDRICAL_SURFACE('',#2385,1.6);
#2385 = AXIS2_PLACEMENT_3D('',#2386,#2387,#2388);
#2386 = CARTESIAN_POINT('',(-60.,15.,4.));
#2387 = DIRECTION('',(0.,0.,-1.));
#2388 = DIRECTION('',(-1.,0.,0.));
#2389 = DEFINITIONAL_REPRESENTATION('',(#2390),#2394);
#2390 = LINE('',#2391,#2392);
#2391 = CARTESIAN_POINT('',(0.,0.));
#2392 = VECTOR('',#2393,1.);
#2393 = DIRECTION('',(1.,0.));
#2394 = ( GEOMETRIC_REPRESENTATION_CONTEXT(2) 
PARAMETRIC_REPRESENTATION_CONTEXT() REPRESENTATION_CONTEXT('2D SPACE',''
  ) );
#2395 = FACE_BOUND('',#2396,.T.);
#2396 = EDGE_LOOP('',(#2397));
#2397 = ORIENTED_EDGE('',*,*,#2398,.T.);
#2398 = EDGE_CURVE('',#2399,#2399,#2401,.T.);
#2399 = VERTEX_POINT('',#2400);
#2400 = CARTESIAN_POINT('',(-46.6,15.,4.));
#2401 = SURFACE_CURVE('',#2402,(#2407,#2418),.PCURVE_S1.);
#2402 = CIRCLE('',#2403,1.6);
#2403 = AXIS2_PLACEMENT_3D('',#2404,#2405,#2406);
#2404 = CARTESIAN_POINT('',(-45.,15.,4.));
#2405 = DIRECTION('',(0.,0.,-1.));
#2406 = DIRECTION('',(-1.,0.,0.));
#2407 = PCURVE('',#44,#2408);
#2408 = DEFINITIONAL_REPRESENTATION('',(#2409),#2417);
#2409 = ( BOUNDED_CURVE() B_SPLINE_CURVE(2,(#2410,#2411,#2412,#2413,
#2414,#2415,#2416),.UNSPECIFIED.,.T.,.F.) B_SPLINE_CURVE_WITH_KNOTS((1,2
    ,2,2,2,1),(-2.094395102393,0.,2.094395102393,4.188790204786,
6.28318530718,8.377580409573),.UNSPECIFIED.) CURVE() 
GEOMETRIC_REPRESENTATION_ITEM() RATIONAL_B_SPLINE_CURVE((1.,0.5,1.,0.5,
1.,0.5,1.)) REPRESENTATION_ITEM('') );
#2410 = CARTESIAN_POINT('',(28.4,105.));
#2411 = CARTESIAN_POINT('',(28.4,107.77128129211));
#2412 = CARTESIAN_POINT('',(30.8,106.38564064605));
#2413 = CARTESIAN_POINT('',(33.2,105.));
#2414 = CARTESIAN_POINT('',(30.8,103.61435935394));
#2415 = CARTESIAN_POINT('',(28.4,102.22871870789));
#2416 = CARTESIAN_POINT('',(28.4,105.));
#2417 = ( GEOMETRIC_REPRESENTATION_CONTEXT(2) 
PARAMETRIC_REPRESENTATION_CONTEXT() REPRESENTATION_CONTEXT('2D SPACE',''
  ) );
#2418 = PCURVE('',#2419,#2424);
#2419 = CYLINDRICAL_SURFACE('',#2420,1.6);
#2420 = AXIS2_PLACEMENT_3D('',#2421,#2422,#2423);
#2421 = CARTESIAN_POINT('',(-45.,15.,4.));
#2422 = DIRECTION('',(0.,0.,-1.));
#2423 = DIRECTION('',(-1.,0.,0.));
#2424 = DEFINITIONAL_REPRESENTATION('',(#2425),#2429);
#2425 = LINE('',#2426,#2427);
#2426 = CARTESIAN_POINT('',(0.,0.));
#2427 = VECTOR('',#2428,1.);
#2428 = DIRECTION('',(1.,0.));
#2429 = ( GEOMETRIC_REPRESENTATION_CONTEXT(2) 
PARAMETRIC_REPRESENTATION_CONTEXT() REPRESENTATION_CONTEXT('2D SPACE',''
  ) );
#2430 = FACE_BOUND('',#2431,.T.);
#2431 = EDGE_LOOP('',(#2432));
#2432 = ORIENTED_EDGE('',*,*,#2433,.T.);
#2433 = EDGE_CURVE('',#2434,#2434,#2436,.T.);
#2434 = VERTEX_POINT('',#2435);
#2435 = CARTESIAN_POINT('',(-61.6,30.,4.));
#2436 = SURFACE_CURVE('',#2437,(#2442,#2453),.PCURVE_S1.);
#2437 = CIRCLE('',#2438,1.6);
#2438 = AXIS2_PLACEMENT_3D('',#2439,#2440,#2441);
#2439 = CARTESIAN_POINT('',(-60.,30.,4.));
#2440 = DIRECTION('',(0.,0.,-1.));
#2441 = DIRECTION('',(-1.,0.,0.));
#2442 = PCURVE('',#44,#2443);
#2443 = DEFINITIONAL_REPRESENTATION('',(#2444),#2452);
#2444 = ( BOUNDED_CURVE() B_SPLINE_CURVE(2,(#2445,#2446,#2447,#2448,
#2449,#2450,#2451),.UNSPECIFIED.,.T.,.F.) B_SPLINE_CURVE_WITH_KNOTS((1,2
    ,2,2,2,1),(-2.094395102393,0.,2.094395102393,4.188790204786,
6.28318530718,8.377580409573),.UNSPECIFIED.) CURVE() 
GEOMETRIC_REPRESENTATION_ITEM() RATIONAL_B_SPLINE_CURVE((1.,0.5,1.,0.5,
1.,0.5,1.)) REPRESENTATION_ITEM('') );
#2445 = CARTESIAN_POINT('',(13.4,120.));
#2446 = CARTESIAN_POINT('',(13.4,122.77128129211));
#2447 = CARTESIAN_POINT('',(15.8,121.38564064605));
#2448 = CARTESIAN_POINT('',(18.2,120.));
#2449 = CARTESIAN_POINT('',(15.8,118.61435935394));
#2450 = CARTESIAN_POINT('',(13.4,117.22871870789));
#2451 = CARTESIAN_POINT('',(13.4,120.));
#2452 = ( GEOMETRIC_REPRESENTATION_CONTEXT(2) 
PARAMETRIC_REPRESENTATION_CONTEXT() REPRESENTATION_CONTEXT('2D SPACE',''
  ) );
#2453 = PCURVE('',#2454,#2459);
#2454 = CYLINDRICAL_SURFACE('',#2455,1.6);
#2455 = AXIS2_PLACEMENT_3D('',#2456,#2457,#2458);
#2456 = CARTESIAN_POINT('',(-60.,30.,4.));
#2457 = DIRECTION('',(0.,0.,-1.));
#2458 = DIRECTION('',(-1.,0.,0.));
#2459 = DEFINITIONAL_REPRESENTATION('',(#2460),#2464);
#2460 = LINE('',#2461,#2462);
#2461 = CARTESIAN_POINT('',(0.,0.));
#2462 = VECTOR('',#2463,1.);
#2463 = DIRECTION('',(1.,0.));
#2464 = ( GEOMETRIC_REPRESENTATION_CONTEXT(2) 
PARAMETRIC_REPRESENTATION_CONTEXT() REPRESENTATION_CONTEXT('2D SPACE',''
  ) );
#2465 = FACE_BOUND('',#2466,.T.);
#2466 = EDGE_LOOP('',(#2467));
#2467 = ORIENTED_EDGE('',*,*,#2468,.T.);
#2468 = EDGE_CURVE('',#2469,#2469,#2471,.T.);
#2469 = VERTEX_POINT('',#2470);
#2470 = CARTESIAN_POINT('',(-61.6,45.,4.));
#2471 = SURFACE_CURVE('',#2472,(#2477,#2488),.PCURVE_S1.);
#2472 = CIRCLE('',#2473,1.6);
#2473 = AXIS2_PLACEMENT_3D('',#2474,#2475,#2476);
#2474 = CARTESIAN_POINT('',(-60.,45.,4.));
#2475 = DIRECTION('',(0.,0.,-1.));
#2476 = DIRECTION('',(-1.,0.,0.));
#2477 = PCURVE('',#44,#2478);
#2478 = DEFINITIONAL_REPRESENTATION('',(#2479),#2487);
#2479 = ( BOUNDED_CURVE() B_SPLINE_CURVE(2,(#2480,#2481,#2482,#2483,
#2484,#2485,#2486),.UNSPECIFIED.,.T.,.F.) B_SPLINE_CURVE_WITH_KNOTS((1,2
    ,2,2,2,1),(-2.094395102393,0.,2.094395102393,4.188790204786,
6.28318530718,8.377580409573),.UNSPECIFIED.) CURVE() 
GEOMETRIC_REPRESENTATION_ITEM() RATIONAL_B_SPLINE_CURVE((1.,0.5,1.,0.5,
1.,0.5,1.)) REPRESENTATION_ITEM('') );
#2480 = CARTESIAN_POINT('',(13.4,135.));
#2481 = CARTESIAN_POINT('',(13.4,137.77128129211));
#2482 = CARTESIAN_POINT('',(15.8,136.38564064605));
#2483 = CARTESIAN_POINT('',(18.2,135.));
#2484 = CARTESIAN_POINT('',(15.8,133.61435935394));
#2485 = CARTESIAN_POINT('',(13.4,132.22871870789));
#2486 = CARTESIAN_POINT('',(13.4,135.));
#2487 = ( GEOMETRIC_REPRESENTATION_CONTEXT(2) 
PARAMETRIC_REPRESENTATION_CONTEXT() REPRESENTATION_CONTEXT('2D SPACE',''
  ) );
#2488 = PCURVE('',#2489,#2494);
#2489 = CYLINDRICAL_SURFACE('',#2490,1.6);
#2490 = AXIS2_PLACEMENT_3D('',#2491,#2492,#2493);
#2491 = CARTESIAN_POINT('',(-60.,45.,4.));
#2492 = DIRECTION('',(0.,0.,-1.));
#2493 = DIRECTION('',(-1.,0.,0.));
#2494 = DEFINITIONAL_REPRESENTATION('',(#2495),#2499);
#2495 = LINE('',#2496,#2497);
#2496 = CARTESIAN_POINT('',(0.,0.));
#2497 = VECTOR('',#2498,1.);
#2498 = DIRECTION('',(1.,0.));
#2499 = ( GEOMETRIC_REPRESENTATION_CONTEXT(2) 
PARAMETRIC_REPRESENTATION_CONTEXT() REPRESENTATION_CONTEXT('2D SPACE',''
  ) );
#2500 = FACE_BOUND('',#2501,.T.);
#2501 = EDGE_LOOP('',(#2502));
#2502 = ORIENTED_EDGE('',*,*,#2503,.T.);
#2503 = EDGE_CURVE('',#2504,#2504,#2506,.T.);
#2504 = VERTEX_POINT('',#2505);
#2505 = CARTESIAN_POINT('',(-46.6,30.,4.));
#2506 = SURFACE_CURVE('',#2507,(#2512,#2523),.PCURVE_S1.);
#2507 = CIRCLE('',#2508,1.6);
#2508 = AXIS2_PLACEMENT_3D('',#2509,#2510,#2511);
#2509 = CARTESIAN_POINT('',(-45.,30.,4.));
#2510 = DIRECTION('',(0.,0.,-1.));
#2511 = DIRECTION('',(-1.,0.,0.));
#2512 = PCURVE('',#44,#2513);
#2513 = DEFINITIONAL_REPRESENTATION('',(#2514),#2522);
#2514 = ( BOUNDED_CURVE() B_SPLINE_CURVE(2,(#2515,#2516,#2517,#2518,
#2519,#2520,#2521),.UNSPECIFIED.,.T.,.F.) B_SPLINE_CURVE_WITH_KNOTS((1,2
    ,2,2,2,1),(-2.094395102393,0.,2.094395102393,4.188790204786,
6.28318530718,8.377580409573),.UNSPECIFIED.) CURVE() 
GEOMETRIC_REPRESENTATION_ITEM() RATIONAL_B_SPLINE_CURVE((1.,0.5,1.,0.5,
1.,0.5,1.)) REPRESENTATION_ITEM('') );
#2515 = CARTESIAN_POINT('',(28.4,120.));
#2516 = CARTESIAN_POINT('',(28.4,122.77128129211));
#2517 = CARTESIAN_POINT('',(30.8,121.38564064605));
#2518 = CARTESIAN_POINT('',(33.2,120.));
#2519 = CARTESIAN_POINT('',(30.8,118.61435935394));
#2520 = CARTESIAN_POINT('',(28.4,117.22871870789));
#2521 = CARTESIAN_POINT('',(28.4,120.));
#2522 = ( GEOMETRIC_REPRESENTATION_CONTEXT(2) 
PARAMETRIC_REPRESENTATION_CONTEXT() REPRESENTATION_CONTEXT('2D SPACE',''
  ) );
#2523 = PCURVE('',#2524,#2529);
#2524 = CYLINDRICAL_SURFACE('',#2525,1.6);
#2525 = AXIS2_PLACEMENT_3D('',#2526,#2527,#2528);
#2526 = CARTESIAN_POINT('',(-45.,30.,4.));
#2527 = DIRECTION('',(0.,0.,-1.));
#2528 = DIRECTION('',(-1.,0.,0.));
#2529 = DEFINITIONAL_REPRESENTATION('',(#2530),#2534);
#2530 = LINE('',#2531,#2532);
#2531 = CARTESIAN_POINT('',(0.,0.));
#2532 = VECTOR('',#2533,1.);
#2533 = DIRECTION('',(1.,0.));
#2534 = ( GEOMETRIC_REPRESENTATION_CONTEXT(2) 
PARAMETRIC_REPRESENTATION_CONTEXT() REPRESENTATION_CONTEXT('2D SPACE',''
  ) );
#2535 = FACE_BOUND('',#2536,.T.);
#2536 = EDGE_LOOP('',(#2537));
#2537 = ORIENTED_EDGE('',*,*,#2538,.T.);
#2538 = EDGE_CURVE('',#2539,#2539,#2541,.T.);
#2539 = VERTEX_POINT('',#2540);
#2540 = CARTESIAN_POINT('',(-46.6,45.,4.));
#2541 = SURFACE_CURVE('',#2542,(#2547,#2558),.PCURVE_S1.);
#2542 = CIRCLE('',#2543,1.6);
#2543 = AXIS2_PLACEMENT_3D('',#2544,#2545,#2546);
#2544 = CARTESIAN_POINT('',(-45.,45.,4.));
#2545 = DIRECTION('',(0.,0.,-1.));
#2546 = DIRECTION('',(-1.,0.,0.));
#2547 = PCURVE('',#44,#2548);
#2548 = DEFINITIONAL_REPRESENTATION('',(#2549),#2557);
#2549 = ( BOUNDED_CURVE() B_SPLINE_CURVE(2,(#2550,#2551,#2552,#2553,
#2554,#2555,#2556),.UNSPECIFIED.,.T.,.F.) B_SPLINE_CURVE_WITH_KNOTS((1,2
    ,2,2,2,1),(-2.094395102393,0.,2.094395102393,4.188790204786,
6.28318530718,8.377580409573),.UNSPECIFIED.) CURVE() 
GEOMETRIC_REPRESENTATION_ITEM() RATIONAL_B_SPLINE_CURVE((1.,0.5,1.,0.5,
1.,0.5,1.)) REPRESENTATION_ITEM('') );
#2550 = CARTESIAN_POINT('',(28.4,135.));
#2551 = CARTESIAN_POINT('',(28.4,137.77128129211));
#2552 = CARTESIAN_POINT('',(30.8,136.38564064605));
#2553 = CARTESIAN_POINT('',(33.2,135.));
#2554 = CARTESIAN_POINT('',(30.8,133.61435935394));
#2555 = CARTESIAN_POINT('',(28.4,132.22871870789));
#2556 = CARTESIAN_POINT('',(28.4,135.));
#2557 = ( GEOMETRIC_REPRESENTATION_CONTEXT(2) 
PARAMETRIC_REPRESENTATION_CONTEXT() REPRESENTATION_CONTEXT('2D SPACE',''
  ) );
#2558 = PCURVE('',#2559,#2564);
#2559 = CYLINDRICAL_SURFACE('',#2560,1.6);
#2560 = AXIS2_PLACEMENT_3D('',#2561,#2562,#2563);
#2561 = CARTESIAN_POINT('',(-45.,45.,4.));
#2562 = DIRECTION('',(0.,0.,-1.));
#2563 = DIRECTION('',(-1.,0.,0.));
#2564 = DEFINITIONAL_REPRESENTATION('',(#2565),#2569);
#2565 = LINE('',#2566,#2567);
#2566 = CARTESIAN_POINT('',(0.,0.));
#2567 = VECTOR('',#2568,1.);
#2568 = DIRECTION('',(1.,0.));
#2569 = ( GEOMETRIC_REPRESENTATION_CONTEXT(2) 
PARAMETRIC_REPRESENTATION_CONTEXT() REPRESENTATION_CONTEXT('2D SPACE',''
  ) );
#2570 = FACE_BOUND('',#2571,.T.);
#2571 = EDGE_LOOP('',(#2572));
#2572 = ORIENTED_EDGE('',*,*,#2573,.T.);
#2573 = EDGE_CURVE('',#2574,#2574,#2576,.T.);
#2574 = VERTEX_POINT('',#2575);
#2575 = CARTESIAN_POINT('',(-31.6,15.,4.));
#2576 = SURFACE_CURVE('',#2577,(#2582,#2593),.PCURVE_S1.);
#2577 = CIRCLE('',#2578,1.6);
#2578 = AXIS2_PLACEMENT_3D('',#2579,#2580,#2581);
#2579 = CARTESIAN_POINT('',(-30.,15.,4.));
#2580 = DIRECTION('',(0.,0.,-1.));
#2581 = DIRECTION('',(-1.,0.,0.));
#2582 = PCURVE('',#44,#2583);
#2583 = DEFINITIONAL_REPRESENTATION('',(#2584),#2592);
#2584 = ( BOUNDED_CURVE() B_SPLINE_CURVE(2,(#2585,#2586,#2587,#2588,
#2589,#2590,#2591),.UNSPECIFIED.,.T.,.F.) B_SPLINE_CURVE_WITH_KNOTS((1,2
    ,2,2,2,1),(-2.094395102393,0.,2.094395102393,4.188790204786,
6.28318530718,8.377580409573),.UNSPECIFIED.) CURVE() 
GEOMETRIC_REPRESENTATION_ITEM() RATIONAL_B_SPLINE_CURVE((1.,0.5,1.,0.5,
1.,0.5,1.)) REPRESENTATION_ITEM('') );
#2585 = CARTESIAN_POINT('',(43.4,105.));
#2586 = CARTESIAN_POINT('',(43.4,107.77128129211));
#2587 = CARTESIAN_POINT('',(45.8,106.38564064605));
#2588 = CARTESIAN_POINT('',(48.2,105.));
#2589 = CARTESIAN_POINT('',(45.8,103.61435935394));
#2590 = CARTESIAN_POINT('',(43.4,102.22871870789));
#2591 = CARTESIAN_POINT('',(43.4,105.));
#2592 = ( GEOMETRIC_REPRESENTATION_CONTEXT(2) 
PARAMETRIC_REPRESENTATION_CONTEXT() REPRESENTATION_CONTEXT('2D SPACE',''
  ) );
#2593 = PCURVE('',#2594,#2599);
#2594 = CYLINDRICAL_SURFACE('',#2595,1.6);
#2595 = AXIS2_PLACEMENT_3D('',#2596,#2597,#2598);
#2596 = CARTESIAN_POINT('',(-30.,15.,4.));
#2597 = DIRECTION('',(0.,0.,-1.));
#2598 = DIRECTION('',(-1.,0.,0.));
#2599 = DEFINITIONAL_REPRESENTATION('',(#2600),#2604);
#2600 = LINE('',#2601,#2602);
#2601 = CARTESIAN_POINT('',(0.,0.));
#2602 = VECTOR('',#2603,1.);
#2603 = DIRECTION('',(1.,0.));
#2604 = ( GEOMETRIC_REPRESENTATION_CONTEXT(2) 
PARAMETRIC_REPRESENTATION_CONTEXT() REPRESENTATION_CONTEXT('2D SPACE',''
  ) );
#2605 = FACE_BOUND('',#2606,.T.);
#2606 = EDGE_LOOP('',(#2607));
#2607 = ORIENTED_EDGE('',*,*,#2608,.T.);
#2608 = EDGE_CURVE('',#2609,#2609,#2611,.T.);
#2609 = VERTEX_POINT('',#2610);
#2610 = CARTESIAN_POINT('',(-16.6,15.,4.));
#2611 = SURFACE_CURVE('',#2612,(#2617,#2628),.PCURVE_S1.);
#2612 = CIRCLE('',#2613,1.6);
#2613 = AXIS2_PLACEMENT_3D('',#2614,#2615,#2616);
#2614 = CARTESIAN_POINT('',(-15.,15.,4.));
#2615 = DIRECTION('',(0.,0.,-1.));
#2616 = DIRECTION('',(-1.,0.,0.));
#2617 = PCURVE('',#44,#2618);
#2618 = DEFINITIONAL_REPRESENTATION('',(#2619),#2627);
#2619 = ( BOUNDED_CURVE() B_SPLINE_CURVE(2,(#2620,#2621,#2622,#2623,
#2624,#2625,#2626),.UNSPECIFIED.,.T.,.F.) B_SPLINE_CURVE_WITH_KNOTS((1,2
    ,2,2,2,1),(-2.094395102393,0.,2.094395102393,4.188790204786,
6.28318530718,8.377580409573),.UNSPECIFIED.) CURVE() 
GEOMETRIC_REPRESENTATION_ITEM() RATIONAL_B_SPLINE_CURVE((1.,0.5,1.,0.5,
1.,0.5,1.)) REPRESENTATION_ITEM('') );
#2620 = CARTESIAN_POINT('',(58.4,105.));
#2621 = CARTESIAN_POINT('',(58.4,107.77128129211));
#2622 = CARTESIAN_POINT('',(60.8,106.38564064605));
#2623 = CARTESIAN_POINT('',(63.2,105.));
#2624 = CARTESIAN_POINT('',(60.8,103.61435935394));
#2625 = CARTESIAN_POINT('',(58.4,102.22871870789));
#2626 = CARTESIAN_POINT('',(58.4,105.));
#2627 = ( GEOMETRIC_REPRESENTATION_CONTEXT(2) 
PARAMETRIC_REPRESENTATION_CONTEXT() REPRESENTATION_CONTEXT('2D SPACE',''
  ) );
#2628 = PCURVE('',#2629,#2634);
#2629 = CYLINDRICAL_SURFACE('',#2630,1.6);
#2630 = AXIS2_PLACEMENT_3D('',#2631,#2632,#2633);
#2631 = CARTESIAN_POINT('',(-15.,15.,4.));
#2632 = DIRECTION('',(0.,0.,-1.));
#2633 = DIRECTION('',(-1.,0.,0.));
#2634 = DEFINITIONAL_REPRESENTATION('',(#2635),#2639);
#2635 = LINE('',#2636,#2637);
#2636 = CARTESIAN_POINT('',(0.,0.));
#2637 = VECTOR('',#2638,1.);
#2638 = DIRECTION('',(1.,0.));
#2639 = ( GEOMETRIC_REPRESENTATION_CONTEXT(2) 
PARAMETRIC_REPRESENTATION_CONTEXT() REPRESENTATION_CONTEXT('2D SPACE',''
  ) );
#2640 = FACE_BOUND('',#2641,.T.);
#2641 = EDGE_LOOP('',(#2642));
#2642 = ORIENTED_EDGE('',*,*,#2643,.T.);
#2643 = EDGE_CURVE('',#2644,#2644,#2646,.T.);
#2644 = VERTEX_POINT('',#2645);
#2645 = CARTESIAN_POINT('',(-31.6,30.,4.));
#2646 = SURFACE_CURVE('',#2647,(#2652,#2663),.PCURVE_S1.);
#2647 = CIRCLE('',#2648,1.6);
#2648 = AXIS2_PLACEMENT_3D('',#2649,#2650,#2651);
#2649 = CARTESIAN_POINT('',(-30.,30.,4.));
#2650 = DIRECTION('',(0.,0.,-1.));
#2651 = DIRECTION('',(-1.,0.,0.));
#2652 = PCURVE('',#44,#2653);
#2653 = DEFINITIONAL_REPRESENTATION('',(#2654),#2662);
#2654 = ( BOUNDED_CURVE() B_SPLINE_CURVE(2,(#2655,#2656,#2657,#2658,
#2659,#2660,#2661),.UNSPECIFIED.,.T.,.F.) B_SPLINE_CURVE_WITH_KNOTS((1,2
    ,2,2,2,1),(-2.094395102393,0.,2.094395102393,4.188790204786,
6.28318530718,8.377580409573),.UNSPECIFIED.) CURVE() 
GEOMETRIC_REPRESENTATION_ITEM() RATIONAL_B_SPLINE_CURVE((1.,0.5,1.,0.5,
1.,0.5,1.)) REPRESENTATION_ITEM('') );
#2655 = CARTESIAN_POINT('',(43.4,120.));
#2656 = CARTESIAN_POINT('',(43.4,122.77128129211));
#2657 = CARTESIAN_POINT('',(45.8,121.38564064605));
#2658 = CARTESIAN_POINT('',(48.2,120.));
#2659 = CARTESIAN_POINT('',(45.8,118.61435935394));
#2660 = CARTESIAN_POINT('',(43.4,117.22871870789));
#2661 = CARTESIAN_POINT('',(43.4,120.));
#2662 = ( GEOMETRIC_REPRESENTATION_CONTEXT(2) 
PARAMETRIC_REPRESENTATION_CONTEXT() REPRESENTATION_CONTEXT('2D SPACE',''
  ) );
#2663 = PCURVE('',#2664,#2669);
#2664 = CYLINDRICAL_SURFACE('',#2665,1.6);
#2665 = AXIS2_PLACEMENT_3D('',#2666,#2667,#2668);
#2666 = CARTESIAN_POINT('',(-30.,30.,4.));
#2667 = DIRECTION('',(0.,0.,-1.));
#2668 = DIRECTION('',(-1.,0.,0.));
#2669 = DEFINITIONAL_REPRESENTATION('',(#2670),#2674);
#2670 = LINE('',#2671,#2672);
#2671 = CARTESIAN_POINT('',(0.,0.));
#2672 = VECTOR('',#2673,1.);
#2673 = DIRECTION('',(1.,0.));
#2674 = ( GEOMETRIC_REPRESENTATION_CONTEXT(2) 
PARAMETRIC_REPRESENTATION_CONTEXT() REPRESENTATION_CONTEXT('2D SPACE',''
  ) );
#2675 = FACE_BOUND('',#2676,.T.);
#2676 = EDGE_LOOP('',(#2677));
#2677 = ORIENTED_EDGE('',*,*,#2678,.T.);
#2678 = EDGE_CURVE('',#2679,#2679,#2681,.T.);
#2679 = VERTEX_POINT('',#2680);
#2680 = CARTESIAN_POINT('',(-31.6,45.,4.));
#2681 = SURFACE_CURVE('',#2682,(#2687,#2698),.PCURVE_S1.);
#2682 = CIRCLE('',#2683,1.6);
#2683 = AXIS2_PLACEMENT_3D('',#2684,#2685,#2686);
#2684 = CARTESIAN_POINT('',(-30.,45.,4.));
#2685 = DIRECTION('',(0.,0.,-1.));
#2686 = DIRECTION('',(-1.,0.,0.));
#2687 = PCURVE('',#44,#2688);
#2688 = DEFINITIONAL_REPRESENTATION('',(#2689),#2697);
#2689 = ( BOUNDED_CURVE() B_SPLINE_CURVE(2,(#2690,#2691,#2692,#2693,
#2694,#2695,#2696),.UNSPECIFIED.,.T.,.F.) B_SPLINE_CURVE_WITH_KNOTS((1,2
    ,2,2,2,1),(-2.094395102393,0.,2.094395102393,4.188790204786,
6.28318530718,8.377580409573),.UNSPECIFIED.) CURVE() 
GEOMETRIC_REPRESENTATION_ITEM() RATIONAL_B_SPLINE_CURVE((1.,0.5,1.,0.5,
1.,0.5,1.)) REPRESENTATION_ITEM('') );
#2690 = CARTESIAN_POINT('',(43.4,135.));
#2691 = CARTESIAN_POINT('',(43.4,137.77128129211));
#2692 = CARTESIAN_POINT('',(45.8,136.38564064605));
#2693 = CARTESIAN_POINT('',(48.2,135.));
#2694 = CARTESIAN_POINT('',(45.8,133.61435935394));
#2695 = CARTESIAN_POINT('',(43.4,132.22871870789));
#2696 = CARTESIAN_POINT('',(43.4,135.));
#2697 = ( GEOMETRIC_REPRESENTATION_CONTEXT(2) 
PARAMETRIC_REPRESENTATION_CONTEXT() REPRESENTATION_CONTEXT('2D SPACE',''
  ) );
#2698 = PCURVE('',#2699,#2704);
#2699 = CYLINDRICAL_SURFACE('',#2700,1.6);
#2700 = AXIS2_PLACEMENT_3D('',#2701,#2702,#2703);
#2701 = CARTESIAN_POINT('',(-30.,45.,4.));
#2702 = DIRECTION('',(0.,0.,-1.));
#2703 = DIRECTION('',(-1.,0.,0.));
#2704 = DEFINITIONAL_REPRESENTATION('',(#2705),#2709);
#2705 = LINE('',#2706,#2707);
#2706 = CARTESIAN_POINT('',(0.,0.));
#2707 = VECTOR('',#2708,1.);
#2708 = DIRECTION('',(1.,0.));
#2709 = ( GEOMETRIC_REPRESENTATION_CONTEXT(2) 
PARAMETRIC_REPRESENTATION_CONTEXT() REPRESENTATION_CONTEXT('2D SPACE',''
  ) );
#2710 = FACE_BOUND('',#2711,.T.);
#2711 = EDGE_LOOP('',(#2712));
#2712 = ORIENTED_EDGE('',*,*,#2713,.T.);
#2713 = EDGE_CURVE('',#2714,#2714,#2716,.T.);
#2714 = VERTEX_POINT('',#2715);
#2715 = CARTESIAN_POINT('',(-61.6,60.,4.));
#2716 = SURFACE_CURVE('',#2717,(#2722,#2733),.PCURVE_S1.);
#2717 = CIRCLE('',#2718,1.6);
#2718 = AXIS2_PLACEMENT_3D('',#2719,#2720,#2721);
#2719 = CARTESIAN_POINT('',(-60.,60.,4.));
#2720 = DIRECTION('',(0.,0.,-1.));
#2721 = DIRECTION('',(-1.,0.,0.));
#2722 = PCURVE('',#44,#2723);
#2723 = DEFINITIONAL_REPRESENTATION('',(#2724),#2732);
#2724 = ( BOUNDED_CURVE() B_SPLINE_CURVE(2,(#2725,#2726,#2727,#2728,
#2729,#2730,#2731),.UNSPECIFIED.,.T.,.F.) B_SPLINE_CURVE_WITH_KNOTS((1,2
    ,2,2,2,1),(-2.094395102393,0.,2.094395102393,4.188790204786,
6.28318530718,8.377580409573),.UNSPECIFIED.) CURVE() 
GEOMETRIC_REPRESENTATION_ITEM() RATIONAL_B_SPLINE_CURVE((1.,0.5,1.,0.5,
1.,0.5,1.)) REPRESENTATION_ITEM('') );
#2725 = CARTESIAN_POINT('',(13.4,150.));
#2726 = CARTESIAN_POINT('',(13.4,152.77128129211));
#2727 = CARTESIAN_POINT('',(15.8,151.38564064605));
#2728 = CARTESIAN_POINT('',(18.2,150.));
#2729 = CARTESIAN_POINT('',(15.8,148.61435935394));
#2730 = CARTESIAN_POINT('',(13.4,147.22871870789));
#2731 = CARTESIAN_POINT('',(13.4,150.));
#2732 = ( GEOMETRIC_REPRESENTATION_CONTEXT(2) 
PARAMETRIC_REPRESENTATION_CONTEXT() REPRESENTATION_CONTEXT('2D SPACE',''
  ) );
#2733 = PCURVE('',#2734,#2739);
#2734 = CYLINDRICAL_SURFACE('',#2735,1.6);
#2735 = AXIS2_PLACEMENT_3D('',#2736,#2737,#2738);
#2736 = CARTESIAN_POINT('',(-60.,60.,4.));
#2737 = DIRECTION('',(0.,0.,-1.));
#2738 = DIRECTION('',(-1.,0.,0.));
#2739 = DEFINITIONAL_REPRESENTATION('',(#2740),#2744);
#2740 = LINE('',#2741,#2742);
#2741 = CARTESIAN_POINT('',(0.,0.));
#2742 = VECTOR('',#2743,1.);
#2743 = DIRECTION('',(1.,0.));
#2744 = ( GEOMETRIC_REPRESENTATION_CONTEXT(2) 
PARAMETRIC_REPRESENTATION_CONTEXT() REPRESENTATION_CONTEXT('2D SPACE',''
  ) );
#2745 = FACE_BOUND('',#2746,.T.);
#2746 = EDGE_LOOP('',(#2747));
#2747 = ORIENTED_EDGE('',*,*,#2748,.T.);
#2748 = EDGE_CURVE('',#2749,#2749,#2751,.T.);
#2749 = VERTEX_POINT('',#2750);
#2750 = CARTESIAN_POINT('',(-46.6,60.,4.));
#2751 = SURFACE_CURVE('',#2752,(#2757,#2768),.PCURVE_S1.);
#2752 = CIRCLE('',#2753,1.6);
#2753 = AXIS2_PLACEMENT_3D('',#2754,#2755,#2756);
#2754 = CARTESIAN_POINT('',(-45.,60.,4.));
#2755 = DIRECTION('',(0.,0.,-1.));
#2756 = DIRECTION('',(-1.,0.,0.));
#2757 = PCURVE('',#44,#2758);
#2758 = DEFINITIONAL_REPRESENTATION('',(#2759),#2767);
#2759 = ( BOUNDED_CURVE() B_SPLINE_CURVE(2,(#2760,#2761,#2762,#2763,
#2764,#2765,#2766),.UNSPECIFIED.,.T.,.F.) B_SPLINE_CURVE_WITH_KNOTS((1,2
    ,2,2,2,1),(-2.094395102393,0.,2.094395102393,4.188790204786,
6.28318530718,8.377580409573),.UNSPECIFIED.) CURVE() 
GEOMETRIC_REPRESENTATION_ITEM() RATIONAL_B_SPLINE_CURVE((1.,0.5,1.,0.5,
1.,0.5,1.)) REPRESENTATION_ITEM('') );
#2760 = CARTESIAN_POINT('',(28.4,150.));
#2761 = CARTESIAN_POINT('',(28.4,152.77128129211));
#2762 = CARTESIAN_POINT('',(30.8,151.38564064605));
#2763 = CARTESIAN_POINT('',(33.2,150.));
#2764 = CARTESIAN_POINT('',(30.8,148.61435935394));
#2765 = CARTESIAN_POINT('',(28.4,147.22871870789));
#2766 = CARTESIAN_POINT('',(28.4,150.));
#2767 = ( GEOMETRIC_REPRESENTATION_CONTEXT(2) 
PARAMETRIC_REPRESENTATION_CONTEXT() REPRESENTATION_CONTEXT('2D SPACE',''
  ) );
#2768 = PCURVE('',#2769,#2774);
#2769 = CYLINDRICAL_SURFACE('',#2770,1.6);
#2770 = AXIS2_PLACEMENT_3D('',#2771,#2772,#2773);
#2771 = CARTESIAN_POINT('',(-45.,60.,4.));
#2772 = DIRECTION('',(0.,0.,-1.));
#2773 = DIRECTION('',(-1.,0.,0.));
#2774 = DEFINITIONAL_REPRESENTATION('',(#2775),#2779);
#2775 = LINE('',#2776,#2777);
#2776 = CARTESIAN_POINT('',(0.,0.));
#2777 = VECTOR('',#2778,1.);
#2778 = DIRECTION('',(1.,0.));
#2779 = ( GEOMETRIC_REPRESENTATION_CONTEXT(2) 
PARAMETRIC_REPRESENTATION_CONTEXT() REPRESENTATION_CONTEXT('2D SPACE',''
  ) );
#2780 = FACE_BOUND('',#2781,.T.);
#2781 = EDGE_LOOP('',(#2782));
#2782 = ORIENTED_EDGE('',*,*,#2783,.T.);
#2783 = EDGE_CURVE('',#2784,#2784,#2786,.T.);
#2784 = VERTEX_POINT('',#2785);
#2785 = CARTESIAN_POINT('',(-61.6,75.,4.));
#2786 = SURFACE_CURVE('',#2787,(#2792,#2803),.PCURVE_S1.);
#2787 = CIRCLE('',#2788,1.6);
#2788 = AXIS2_PLACEMENT_3D('',#2789,#2790,#2791);
#2789 = CARTESIAN_POINT('',(-60.,75.,4.));
#2790 = DIRECTION('',(0.,0.,-1.));
#2791 = DIRECTION('',(-1.,0.,0.));
#2792 = PCURVE('',#44,#2793);
#2793 = DEFINITIONAL_REPRESENTATION('',(#2794),#2802);
#2794 = ( BOUNDED_CURVE() B_SPLINE_CURVE(2,(#2795,#2796,#2797,#2798,
#2799,#2800,#2801),.UNSPECIFIED.,.T.,.F.) B_SPLINE_CURVE_WITH_KNOTS((1,2
    ,2,2,2,1),(-2.094395102393,0.,2.094395102393,4.188790204786,
6.28318530718,8.377580409573),.UNSPECIFIED.) CURVE() 
GEOMETRIC_REPRESENTATION_ITEM() RATIONAL_B_SPLINE_CURVE((1.,0.5,1.,0.5,
1.,0.5,1.)) REPRESENTATION_ITEM('') );
#2795 = CARTESIAN_POINT('',(13.4,165.));
#2796 = CARTESIAN_POINT('',(13.4,167.77128129211));
#2797 = CARTESIAN_POINT('',(15.8,166.38564064605));
#2798 = CARTESIAN_POINT('',(18.2,165.));
#2799 = CARTESIAN_POINT('',(15.8,163.61435935394));
#2800 = CARTESIAN_POINT('',(13.4,162.22871870789));
#2801 = CARTESIAN_POINT('',(13.4,165.));
#2802 = ( GEOMETRIC_REPRESENTATION_CONTEXT(2) 
PARAMETRIC_REPRESENTATION_CONTEXT() REPRESENTATION_CONTEXT('2D SPACE',''
  ) );
#2803 = PCURVE('',#2804,#2809);
#2804 = CYLINDRICAL_SURFACE('',#2805,1.6);
#2805 = AXIS2_PLACEMENT_3D('',#2806,#2807,#2808);
#2806 = CARTESIAN_POINT('',(-60.,75.,4.));
#2807 = DIRECTION('',(0.,0.,-1.));
#2808 = DIRECTION('',(-1.,0.,0.));
#2809 = DEFINITIONAL_REPRESENTATION('',(#2810),#2814);
#2810 = LINE('',#2811,#2812);
#2811 = CARTESIAN_POINT('',(0.,0.));
#2812 = VECTOR('',#2813,1.);
#2813 = DIRECTION('',(1.,0.));
#2814 = ( GEOMETRIC_REPRESENTATION_CONTEXT(2) 
PARAMETRIC_REPRESENTATION_CONTEXT() REPRESENTATION_CONTEXT('2D SPACE',''
  ) );
#2815 = FACE_BOUND('',#2816,.T.);
#2816 = EDGE_LOOP('',(#2817));
#2817 = ORIENTED_EDGE('',*,*,#2818,.T.);
#2818 = EDGE_CURVE('',#2819,#2819,#2821,.T.);
#2819 = VERTEX_POINT('',#2820);
#2820 = CARTESIAN_POINT('',(-46.6,75.,4.));
#2821 = SURFACE_CURVE('',#2822,(#2827,#2838),.PCURVE_S1.);
#2822 = CIRCLE('',#2823,1.6);
#2823 = AXIS2_PLACEMENT_3D('',#2824,#2825,#2826);
#2824 = CARTESIAN_POINT('',(-45.,75.,4.));
#2825 = DIRECTION('',(0.,0.,-1.));
#2826 = DIRECTION('',(-1.,0.,0.));
#2827 = PCURVE('',#44,#2828);
#2828 = DEFINITIONAL_REPRESENTATION('',(#2829),#2837);
#2829 = ( BOUNDED_CURVE() B_SPLINE_CURVE(2,(#2830,#2831,#2832,#2833,
#2834,#2835,#2836),.UNSPECIFIED.,.T.,.F.) B_SPLINE_CURVE_WITH_KNOTS((1,2
    ,2,2,2,1),(-2.094395102393,0.,2.094395102393,4.188790204786,
6.28318530718,8.377580409573),.UNSPECIFIED.) CURVE() 
GEOMETRIC_REPRESENTATION_ITEM() RATIONAL_B_SPLINE_CURVE((1.,0.5,1.,0.5,
1.,0.5,1.)) REPRESENTATION_ITEM('') );
#2830 = CARTESIAN_POINT('',(28.4,165.));
#2831 = CARTESIAN_POINT('',(28.4,167.77128129211));
#2832 = CARTESIAN_POINT('',(30.8,166.38564064605));
#2833 = CARTESIAN_POINT('',(33.2,165.));
#2834 = CARTESIAN_POINT('',(30.8,163.61435935394));
#2835 = CARTESIAN_POINT('',(28.4,162.22871870789));
#2836 = CARTESIAN_POINT('',(28.4,165.));
#2837 = ( GEOMETRIC_REPRESENTATION_CONTEXT(2) 
PARAMETRIC_REPRESENTATION_CONTEXT() REPRESENTATION_CONTEXT('2D SPACE',''
  ) );
#2838 = PCURVE('',#2839,#2844);
#2839 = CYLINDRICAL_SURFACE('',#2840,1.6);
#2840 = AXIS2_PLACEMENT_3D('',#2841,#2842,#2843);
#2841 = CARTESIAN_POINT('',(-45.,75.,4.));
#2842 = DIRECTION('',(0.,0.,-1.));
#2843 = DIRECTION('',(-1.,0.,0.));
#2844 = DEFINITIONAL_REPRESENTATION('',(#2845),#2849);
#2845 = LINE('',#2846,#2847);
#2846 = CARTESIAN_POINT('',(0.,0.));
#2847 = VECTOR('',#2848,1.);
#2848 = DIRECTION('',(1.,0.));
#2849 = ( GEOMETRIC_REPRESENTATION_CONTEXT(2) 
PARAMETRIC_REPRESENTATION_CONTEXT() REPRESENTATION_CONTEXT('2D SPACE',''
  ) );
#2850 = FACE_BOUND('',#2851,.T.);
#2851 = EDGE_LOOP('',(#2852));
#2852 = ORIENTED_EDGE('',*,*,#2853,.T.);
#2853 = EDGE_CURVE('',#2854,#2854,#2856,.T.);
#2854 = VERTEX_POINT('',#2855);
#2855 = CARTESIAN_POINT('',(-31.6,60.,4.));
#2856 = SURFACE_CURVE('',#2857,(#2862,#2873),.PCURVE_S1.);
#2857 = CIRCLE('',#2858,1.6);
#2858 = AXIS2_PLACEMENT_3D('',#2859,#2860,#2861);
#2859 = CARTESIAN_POINT('',(-30.,60.,4.));
#2860 = DIRECTION('',(0.,0.,-1.));
#2861 = DIRECTION('',(-1.,0.,0.));
#2862 = PCURVE('',#44,#2863);
#2863 = DEFINITIONAL_REPRESENTATION('',(#2864),#2872);
#2864 = ( BOUNDED_CURVE() B_SPLINE_CURVE(2,(#2865,#2866,#2867,#2868,
#2869,#2870,#2871),.UNSPECIFIED.,.T.,.F.) B_SPLINE_CURVE_WITH_KNOTS((1,2
    ,2,2,2,1),(-2.094395102393,0.,2.094395102393,4.188790204786,
6.28318530718,8.377580409573),.UNSPECIFIED.) CURVE() 
GEOMETRIC_REPRESENTATION_ITEM() RATIONAL_B_SPLINE_CURVE((1.,0.5,1.,0.5,
1.,0.5,1.)) REPRESENTATION_ITEM('') );
#2865 = CARTESIAN_POINT('',(43.4,150.));
#2866 = CARTESIAN_POINT('',(43.4,152.77128129211));
#2867 = CARTESIAN_POINT('',(45.8,151.38564064605));
#2868 = CARTESIAN_POINT('',(48.2,150.));
#2869 = CARTESIAN_POINT('',(45.8,148.61435935394));
#2870 = CARTESIAN_POINT('',(43.4,147.22871870789));
#2871 = CARTESIAN_POINT('',(43.4,150.));
#2872 = ( GEOMETRIC_REPRESENTATION_CONTEXT(2) 
PARAMETRIC_REPRESENTATION_CONTEXT() REPRESENTATION_CONTEXT('2D SPACE',''
  ) );
#2873 = PCURVE('',#2874,#2879);
#2874 = CYLINDRICAL_SURFACE('',#2875,1.6);
#2875 = AXIS2_PLACEMENT_3D('',#2876,#2877,#2878);
#2876 = CARTESIAN_POINT('',(-30.,60.,4.));
#2877 = DIRECTION('',(0.,0.,-1.));
#2878 = DIRECTION('',(-1.,0.,0.));
#2879 = DEFINITIONAL_REPRESENTATION('',(#2880),#2884);
#2880 = LINE('',#2881,#2882);
#2881 = CARTESIAN_POINT('',(0.,0.));
#2882 = VECTOR('',#2883,1.);
#2883 = DIRECTION('',(1.,0.));
#2884 = ( GEOMETRIC_REPRESENTATION_CONTEXT(2) 
PARAMETRIC_REPRESENTATION_CONTEXT() REPRESENTATION_CONTEXT('2D SPACE',''
  ) );
#2885 = FACE_BOUND('',#2886,.T.);
#2886 = EDGE_LOOP('',(#2887));
#2887 = ORIENTED_EDGE('',*,*,#2888,.T.);
#2888 = EDGE_CURVE('',#2889,#2889,#2891,.T.);
#2889 = VERTEX_POINT('',#2890);
#2890 = CARTESIAN_POINT('',(-12.6,64.,4.));
#2891 = SURFACE_CURVE('',#2892,(#2897,#2908),.PCURVE_S1.);
#2892 = CIRCLE('',#2893,1.6);
#2893 = AXIS2_PLACEMENT_3D('',#2894,#2895,#2896);
#2894 = CARTESIAN_POINT('',(-11.,64.,4.));
#2895 = DIRECTION('',(0.,0.,-1.));
#2896 = DIRECTION('',(-1.,0.,0.));
#2897 = PCURVE('',#44,#2898);
#2898 = DEFINITIONAL_REPRESENTATION('',(#2899),#2907);
#2899 = ( BOUNDED_CURVE() B_SPLINE_CURVE(2,(#2900,#2901,#2902,#2903,
#2904,#2905,#2906),.UNSPECIFIED.,.T.,.F.) B_SPLINE_CURVE_WITH_KNOTS((1,2
    ,2,2,2,1),(-2.094395102393,0.,2.094395102393,4.188790204786,
6.28318530718,8.377580409573),.UNSPECIFIED.) CURVE() 
GEOMETRIC_REPRESENTATION_ITEM() RATIONAL_B_SPLINE_CURVE((1.,0.5,1.,0.5,
1.,0.5,1.)) REPRESENTATION_ITEM('') );
#2900 = CARTESIAN_POINT('',(62.4,154.));
#2901 = CARTESIAN_POINT('',(62.4,156.77128129211));
#2902 = CARTESIAN_POINT('',(64.8,155.38564064605));
#2903 = CARTESIAN_POINT('',(67.2,154.));
#2904 = CARTESIAN_POINT('',(64.8,152.61435935394));
#2905 = CARTESIAN_POINT('',(62.4,151.22871870789));
#2906 = CARTESIAN_POINT('',(62.4,154.));
#2907 = ( GEOMETRIC_REPRESENTATION_CONTEXT(2) 
PARAMETRIC_REPRESENTATION_CONTEXT() REPRESENTATION_CONTEXT('2D SPACE',''
  ) );
#2908 = PCURVE('',#2909,#2914);
#2909 = CYLINDRICAL_SURFACE('',#2910,1.6);
#2910 = AXIS2_PLACEMENT_3D('',#2911,#2912,#2913);
#2911 = CARTESIAN_POINT('',(-11.,64.,4.));
#2912 = DIRECTION('',(0.,0.,-1.));
#2913 = DIRECTION('',(-1.,0.,0.));
#2914 = DEFINITIONAL_REPRESENTATION('',(#2915),#2919);
#2915 = LINE('',#2916,#2917);
#2916 = CARTESIAN_POINT('',(0.,0.));
#2917 = VECTOR('',#2918,1.);
#2918 = DIRECTION('',(1.,0.));
#2919 = ( GEOMETRIC_REPRESENTATION_CONTEXT(2) 
PARAMETRIC_REPRESENTATION_CONTEXT() REPRESENTATION_CONTEXT('2D SPACE',''
  ) );
#2920 = FACE_BOUND('',#2921,.T.);
#2921 = EDGE_LOOP('',(#2922));
#2922 = ORIENTED_EDGE('',*,*,#2923,.T.);
#2923 = EDGE_CURVE('',#2924,#2924,#2926,.T.);
#2924 = VERTEX_POINT('',#2925);
#2925 = CARTESIAN_POINT('',(-31.6,75.,4.));
#2926 = SURFACE_CURVE('',#2927,(#2932,#2943),.PCURVE_S1.);
#2927 = CIRCLE('',#2928,1.6);
#2928 = AXIS2_PLACEMENT_3D('',#2929,#2930,#2931);
#2929 = CARTESIAN_POINT('',(-30.,75.,4.));
#2930 = DIRECTION('',(0.,0.,-1.));
#2931 = DIRECTION('',(-1.,0.,0.));
#2932 = PCURVE('',#44,#2933);
#2933 = DEFINITIONAL_REPRESENTATION('',(#2934),#2942);
#2934 = ( BOUNDED_CURVE() B_SPLINE_CURVE(2,(#2935,#2936,#2937,#2938,
#2939,#2940,#2941),.UNSPECIFIED.,.T.,.F.) B_SPLINE_CURVE_WITH_KNOTS((1,2
    ,2,2,2,1),(-2.094395102393,0.,2.094395102393,4.188790204786,
6.28318530718,8.377580409573),.UNSPECIFIED.) CURVE() 
GEOMETRIC_REPRESENTATION_ITEM() RATIONAL_B_SPLINE_CURVE((1.,0.5,1.,0.5,
1.,0.5,1.)) REPRESENTATION_ITEM('') );
#2935 = CARTESIAN_POINT('',(43.4,165.));
#2936 = CARTESIAN_POINT('',(43.4,167.77128129211));
#2937 = CARTESIAN_POINT('',(45.8,166.38564064605));
#2938 = CARTESIAN_POINT('',(48.2,165.));
#2939 = CARTESIAN_POINT('',(45.8,163.61435935394));
#2940 = CARTESIAN_POINT('',(43.4,162.22871870789));
#2941 = CARTESIAN_POINT('',(43.4,165.));
#2942 = ( GEOMETRIC_REPRESENTATION_CONTEXT(2) 
PARAMETRIC_REPRESENTATION_CONTEXT() REPRESENTATION_CONTEXT('2D SPACE',''
  ) );
#2943 = PCURVE('',#2944,#2949);
#2944 = CYLINDRICAL_SURFACE('',#2945,1.6);
#2945 = AXIS2_PLACEMENT_3D('',#2946,#2947,#2948);
#2946 = CARTESIAN_POINT('',(-30.,75.,4.));
#2947 = DIRECTION('',(0.,0.,-1.));
#2948 = DIRECTION('',(-1.,0.,0.));
#2949 = DEFINITIONAL_REPRESENTATION('',(#2950),#2954);
#2950 = LINE('',#2951,#2952);
#2951 = CARTESIAN_POINT('',(0.,0.));
#2952 = VECTOR('',#2953,1.);
#2953 = DIRECTION('',(1.,0.));
#2954 = ( GEOMETRIC_REPRESENTATION_CONTEXT(2) 
PARAMETRIC_REPRESENTATION_CONTEXT() REPRESENTATION_CONTEXT('2D SPACE',''
  ) );
#2955 = FACE_BOUND('',#2956,.T.);
#2956 = EDGE_LOOP('',(#2957));
#2957 = ORIENTED_EDGE('',*,*,#2958,.T.);
#2958 = EDGE_CURVE('',#2959,#2959,#2961,.T.);
#2959 = VERTEX_POINT('',#2960);
#2960 = CARTESIAN_POINT('',(-12.6,79.,4.));
#2961 = SURFACE_CURVE('',#2962,(#2967,#2978),.PCURVE_S1.);
#2962 = CIRCLE('',#2963,1.6);
#2963 = AXIS2_PLACEMENT_3D('',#2964,#2965,#2966);
#2964 = CARTESIAN_POINT('',(-11.,79.,4.));
#2965 = DIRECTION('',(0.,0.,-1.));
#2966 = DIRECTION('',(-1.,0.,0.));
#2967 = PCURVE('',#44,#2968);
#2968 = DEFINITIONAL_REPRESENTATION('',(#2969),#2977);
#2969 = ( BOUNDED_CURVE() B_SPLINE_CURVE(2,(#2970,#2971,#2972,#2973,
#2974,#2975,#2976),.UNSPECIFIED.,.T.,.F.) B_SPLINE_CURVE_WITH_KNOTS((1,2
    ,2,2,2,1),(-2.094395102393,0.,2.094395102393,4.188790204786,
6.28318530718,8.377580409573),.UNSPECIFIED.) CURVE() 
GEOMETRIC_REPRESENTATION_ITEM() RATIONAL_B_SPLINE_CURVE((1.,0.5,1.,0.5,
1.,0.5,1.)) REPRESENTATION_ITEM('') );
#2970 = CARTESIAN_POINT('',(62.4,169.));
#2971 = CARTESIAN_POINT('',(62.4,171.77128129211));
#2972 = CARTESIAN_POINT('',(64.8,170.38564064605));
#2973 = CARTESIAN_POINT('',(67.2,169.));
#2974 = CARTESIAN_POINT('',(64.8,167.61435935394));
#2975 = CARTESIAN_POINT('',(62.4,166.22871870789));
#2976 = CARTESIAN_POINT('',(62.4,169.));
#2977 = ( GEOMETRIC_REPRESENTATION_CONTEXT(2) 
PARAMETRIC_REPRESENTATION_CONTEXT() REPRESENTATION_CONTEXT('2D SPACE',''
  ) );
#2978 = PCURVE('',#2979,#2984);
#2979 = CYLINDRICAL_SURFACE('',#2980,1.6);
#2980 = AXIS2_PLACEMENT_3D('',#2981,#2982,#2983);
#2981 = CARTESIAN_POINT('',(-11.,79.,4.));
#2982 = DIRECTION('',(0.,0.,-1.));
#2983 = DIRECTION('',(-1.,0.,0.));
#2984 = DEFINITIONAL_REPRESENTATION('',(#2985),#2989);
#2985 = LINE('',#2986,#2987);
#2986 = CARTESIAN_POINT('',(0.,0.));
#2987 = VECTOR('',#2988,1.);
#2988 = DIRECTION('',(1.,0.));
#2989 = ( GEOMETRIC_REPRESENTATION_CONTEXT(2) 
PARAMETRIC_REPRESENTATION_CONTEXT() REPRESENTATION_CONTEXT('2D SPACE',''
  ) );
#2990 = FACE_BOUND('',#2991,.T.);
#2991 = EDGE_LOOP('',(#2992));
#2992 = ORIENTED_EDGE('',*,*,#2993,.T.);
#2993 = EDGE_CURVE('',#2994,#2994,#2996,.T.);
#2994 = VERTEX_POINT('',#2995);
#2995 = CARTESIAN_POINT('',(-12.6,86.,4.));
#2996 = SURFACE_CURVE('',#2997,(#3002,#3013),.PCURVE_S1.);
#2997 = CIRCLE('',#2998,1.6);
#2998 = AXIS2_PLACEMENT_3D('',#2999,#3000,#3001);
#2999 = CARTESIAN_POINT('',(-11.,86.,4.));
#3000 = DIRECTION('',(0.,0.,-1.));
#3001 = DIRECTION('',(-1.,0.,0.));
#3002 = PCURVE('',#44,#3003);
#3003 = DEFINITIONAL_REPRESENTATION('',(#3004),#3012);
#3004 = ( BOUNDED_CURVE() B_SPLINE_CURVE(2,(#3005,#3006,#3007,#3008,
#3009,#3010,#3011),.UNSPECIFIED.,.T.,.F.) B_SPLINE_CURVE_WITH_KNOTS((1,2
    ,2,2,2,1),(-2.094395102393,0.,2.094395102393,4.188790204786,
6.28318530718,8.377580409573),.UNSPECIFIED.) CURVE() 
GEOMETRIC_REPRESENTATION_ITEM() RATIONAL_B_SPLINE_CURVE((1.,0.5,1.,0.5,
1.,0.5,1.)) REPRESENTATION_ITEM('') );
#3005 = CARTESIAN_POINT('',(62.4,176.));
#3006 = CARTESIAN_POINT('',(62.4,178.77128129211));
#3007 = CARTESIAN_POINT('',(64.8,177.38564064605));
#3008 = CARTESIAN_POINT('',(67.2,176.));
#3009 = CARTESIAN_POINT('',(64.8,174.61435935394));
#3010 = CARTESIAN_POINT('',(62.4,173.22871870789));
#3011 = CARTESIAN_POINT('',(62.4,176.));
#3012 = ( GEOMETRIC_REPRESENTATION_CONTEXT(2) 
PARAMETRIC_REPRESENTATION_CONTEXT() REPRESENTATION_CONTEXT('2D SPACE',''
  ) );
#3013 = PCURVE('',#3014,#3019);
#3014 = CYLINDRICAL_SURFACE('',#3015,1.6);
#3015 = AXIS2_PLACEMENT_3D('',#3016,#3017,#3018);
#3016 = CARTESIAN_POINT('',(-11.,86.,4.));
#3017 = DIRECTION('',(0.,0.,-1.));
#3018 = DIRECTION('',(-1.,0.,0.));
#3019 = DEFINITIONAL_REPRESENTATION('',(#3020),#3024);
#3020 = LINE('',#3021,#3022);
#3021 = CARTESIAN_POINT('',(0.,0.));
#3022 = VECTOR('',#3023,1.);
#3023 = DIRECTION('',(1.,0.));
#3024 = ( GEOMETRIC_REPRESENTATION_CONTEXT(2) 
PARAMETRIC_REPRESENTATION_CONTEXT() REPRESENTATION_CONTEXT('2D SPACE',''
  ) );
#3025 = FACE_BOUND('',#3026,.T.);
#3026 = EDGE_LOOP('',(#3027));
#3027 = ORIENTED_EDGE('',*,*,#3028,.T.);
#3028 = EDGE_CURVE('',#3029,#3029,#3031,.T.);
#3029 = VERTEX_POINT('',#3030);
#3030 = CARTESIAN_POINT('',(-1.6,15.,4.));
#3031 = SURFACE_CURVE('',#3032,(#3037,#3048),.PCURVE_S1.);
#3032 = CIRCLE('',#3033,1.6);
#3033 = AXIS2_PLACEMENT_3D('',#3034,#3035,#3036);
#3034 = CARTESIAN_POINT('',(0.,15.,4.));
#3035 = DIRECTION('',(0.,0.,-1.));
#3036 = DIRECTION('',(-1.,0.,0.));
#3037 = PCURVE('',#44,#3038);
#3038 = DEFINITIONAL_REPRESENTATION('',(#3039),#3047);
#3039 = ( BOUNDED_CURVE() B_SPLINE_CURVE(2,(#3040,#3041,#3042,#3043,
#3044,#3045,#3046),.UNSPECIFIED.,.T.,.F.) B_SPLINE_CURVE_WITH_KNOTS((1,2
    ,2,2,2,1),(-2.094395102393,0.,2.094395102393,4.188790204786,
6.28318530718,8.377580409573),.UNSPECIFIED.) CURVE() 
GEOMETRIC_REPRESENTATION_ITEM() RATIONAL_B_SPLINE_CURVE((1.,0.5,1.,0.5,
1.,0.5,1.)) REPRESENTATION_ITEM('') );
#3040 = CARTESIAN_POINT('',(73.4,105.));
#3041 = CARTESIAN_POINT('',(73.4,107.77128129211));
#3042 = CARTESIAN_POINT('',(75.8,106.38564064605));
#3043 = CARTESIAN_POINT('',(78.2,105.));
#3044 = CARTESIAN_POINT('',(75.8,103.61435935394));
#3045 = CARTESIAN_POINT('',(73.4,102.22871870789));
#3046 = CARTESIAN_POINT('',(73.4,105.));
#3047 = ( GEOMETRIC_REPRESENTATION_CONTEXT(2) 
PARAMETRIC_REPRESENTATION_CONTEXT() REPRESENTATION_CONTEXT('2D SPACE',''
  ) );
#3048 = PCURVE('',#3049,#3054);
#3049 = CYLINDRICAL_SURFACE('',#3050,1.6);
#3050 = AXIS2_PLACEMENT_3D('',#3051,#3052,#3053);
#3051 = CARTESIAN_POINT('',(0.,15.,4.));
#3052 = DIRECTION('',(0.,0.,-1.));
#3053 = DIRECTION('',(-1.,0.,0.));
#3054 = DEFINITIONAL_REPRESENTATION('',(#3055),#3059);
#3055 = LINE('',#3056,#3057);
#3056 = CARTESIAN_POINT('',(0.,0.));
#3057 = VECTOR('',#3058,1.);
#3058 = DIRECTION('',(1.,0.));
#3059 = ( GEOMETRIC_REPRESENTATION_CONTEXT(2) 
PARAMETRIC_REPRESENTATION_CONTEXT() REPRESENTATION_CONTEXT('2D SPACE',''
  ) );
#3060 = FACE_BOUND('',#3061,.T.);
#3061 = EDGE_LOOP('',(#3062));
#3062 = ORIENTED_EDGE('',*,*,#3063,.T.);
#3063 = EDGE_CURVE('',#3064,#3064,#3066,.T.);
#3064 = VERTEX_POINT('',#3065);
#3065 = CARTESIAN_POINT('',(13.4,15.,4.));
#3066 = SURFACE_CURVE('',#3067,(#3072,#3083),.PCURVE_S1.);
#3067 = CIRCLE('',#3068,1.6);
#3068 = AXIS2_PLACEMENT_3D('',#3069,#3070,#3071);
#3069 = CARTESIAN_POINT('',(15.,15.,4.));
#3070 = DIRECTION('',(0.,0.,-1.));
#3071 = DIRECTION('',(-1.,0.,0.));
#3072 = PCURVE('',#44,#3073);
#3073 = DEFINITIONAL_REPRESENTATION('',(#3074),#3082);
#3074 = ( BOUNDED_CURVE() B_SPLINE_CURVE(2,(#3075,#3076,#3077,#3078,
#3079,#3080,#3081),.UNSPECIFIED.,.T.,.F.) B_SPLINE_CURVE_WITH_KNOTS((1,2
    ,2,2,2,1),(-2.094395102393,0.,2.094395102393,4.188790204786,
6.28318530718,8.377580409573),.UNSPECIFIED.) CURVE() 
GEOMETRIC_REPRESENTATION_ITEM() RATIONAL_B_SPLINE_CURVE((1.,0.5,1.,0.5,
1.,0.5,1.)) REPRESENTATION_ITEM('') );
#3075 = CARTESIAN_POINT('',(88.4,105.));
#3076 = CARTESIAN_POINT('',(88.4,107.77128129211));
#3077 = CARTESIAN_POINT('',(90.8,106.38564064605));
#3078 = CARTESIAN_POINT('',(93.2,105.));
#3079 = CARTESIAN_POINT('',(90.8,103.61435935394));
#3080 = CARTESIAN_POINT('',(88.4,102.22871870789));
#3081 = CARTESIAN_POINT('',(88.4,105.));
#3082 = ( GEOMETRIC_REPRESENTATION_CONTEXT(2) 
PARAMETRIC_REPRESENTATION_CONTEXT() REPRESENTATION_CONTEXT('2D SPACE',''
  ) );
#3083 = PCURVE('',#3084,#3089);
#3084 = CYLINDRICAL_SURFACE('',#3085,1.6);
#3085 = AXIS2_PLACEMENT_3D('',#3086,#3087,#3088);
#3086 = CARTESIAN_POINT('',(15.,15.,4.));
#3087 = DIRECTION('',(0.,0.,-1.));
#3088 = DIRECTION('',(-1.,0.,0.));
#3089 = DEFINITIONAL_REPRESENTATION('',(#3090),#3094);
#3090 = LINE('',#3091,#3092);
#3091 = CARTESIAN_POINT('',(0.,0.));
#3092 = VECTOR('',#3093,1.);
#3093 = DIRECTION('',(1.,0.));
#3094 = ( GEOMETRIC_REPRESENTATION_CONTEXT(2) 
PARAMETRIC_REPRESENTATION_CONTEXT() REPRESENTATION_CONTEXT('2D SPACE',''
  ) );
#3095 = FACE_BOUND('',#3096,.T.);
#3096 = EDGE_LOOP('',(#3097));
#3097 = ORIENTED_EDGE('',*,*,#3098,.T.);
#3098 = EDGE_CURVE('',#3099,#3099,#3101,.T.);
#3099 = VERTEX_POINT('',#3100);
#3100 = CARTESIAN_POINT('',(28.4,15.,4.));
#3101 = SURFACE_CURVE('',#3102,(#3107,#3118),.PCURVE_S1.);
#3102 = CIRCLE('',#3103,1.6);
#3103 = AXIS2_PLACEMENT_3D('',#3104,#3105,#3106);
#3104 = CARTESIAN_POINT('',(30.,15.,4.));
#3105 = DIRECTION('',(0.,0.,-1.));
#3106 = DIRECTION('',(-1.,0.,0.));
#3107 = PCURVE('',#44,#3108);
#3108 = DEFINITIONAL_REPRESENTATION('',(#3109),#3117);
#3109 = ( BOUNDED_CURVE() B_SPLINE_CURVE(2,(#3110,#3111,#3112,#3113,
#3114,#3115,#3116),.UNSPECIFIED.,.T.,.F.) B_SPLINE_CURVE_WITH_KNOTS((1,2
    ,2,2,2,1),(-2.094395102393,0.,2.094395102393,4.188790204786,
6.28318530718,8.377580409573),.UNSPECIFIED.) CURVE() 
GEOMETRIC_REPRESENTATION_ITEM() RATIONAL_B_SPLINE_CURVE((1.,0.5,1.,0.5,
1.,0.5,1.)) REPRESENTATION_ITEM('') );
#3110 = CARTESIAN_POINT('',(103.4,105.));
#3111 = CARTESIAN_POINT('',(103.4,107.77128129211));
#3112 = CARTESIAN_POINT('',(105.8,106.38564064605));
#3113 = CARTESIAN_POINT('',(108.2,105.));
#3114 = CARTESIAN_POINT('',(105.8,103.61435935394));
#3115 = CARTESIAN_POINT('',(103.4,102.22871870789));
#3116 = CARTESIAN_POINT('',(103.4,105.));
#3117 = ( GEOMETRIC_REPRESENTATION_CONTEXT(2) 
PARAMETRIC_REPRESENTATION_CONTEXT() REPRESENTATION_CONTEXT('2D SPACE',''
  ) );
#3118 = PCURVE('',#3119,#3124);
#3119 = CYLINDRICAL_SURFACE('',#3120,1.6);
#3120 = AXIS2_PLACEMENT_3D('',#3121,#3122,#3123);
#3121 = CARTESIAN_POINT('',(30.,15.,4.));
#3122 = DIRECTION('',(0.,0.,-1.));
#3123 = DIRECTION('',(-1.,0.,0.));
#3124 = DEFINITIONAL_REPRESENTATION('',(#3125),#3129);
#3125 = LINE('',#3126,#3127);
#3126 = CARTESIAN_POINT('',(0.,0.));
#3127 = VECTOR('',#3128,1.);
#3128 = DIRECTION('',(1.,0.));
#3129 = ( GEOMETRIC_REPRESENTATION_CONTEXT(2) 
PARAMETRIC_REPRESENTATION_CONTEXT() REPRESENTATION_CONTEXT('2D SPACE',''
  ) );
#3130 = FACE_BOUND('',#3131,.T.);
#3131 = EDGE_LOOP('',(#3132,#3160,#3186,#3212));
#3132 = ORIENTED_EDGE('',*,*,#3133,.T.);
#3133 = EDGE_CURVE('',#3134,#3136,#3138,.T.);
#3134 = VERTEX_POINT('',#3135);
#3135 = CARTESIAN_POINT('',(13.,53.,4.));
#3136 = VERTEX_POINT('',#3137);
#3137 = CARTESIAN_POINT('',(13.,27.,4.));
#3138 = SURFACE_CURVE('',#3139,(#3143,#3149),.PCURVE_S1.);
#3139 = LINE('',#3140,#3141);
#3140 = CARTESIAN_POINT('',(13.,-31.5,4.));
#3141 = VECTOR('',#3142,1.);
#3142 = DIRECTION('',(0.,-1.,0.));
#3143 = PCURVE('',#44,#3144);
#3144 = DEFINITIONAL_REPRESENTATION('',(#3145),#3148);
#3145 = B_SPLINE_CURVE_WITH_KNOTS('',1,(#3146,#3147),.UNSPECIFIED.,.F.,
  .F.,(2,2),(-84.5,-58.5),.PIECEWISE_BEZIER_KNOTS.);
#3146 = CARTESIAN_POINT('',(88.,143.));
#3147 = CARTESIAN_POINT('',(88.,117.));
#3148 = ( GEOMETRIC_REPRESENTATION_CONTEXT(2) 
PARAMETRIC_REPRESENTATION_CONTEXT() REPRESENTATION_CONTEXT('2D SPACE',''
  ) );
#3149 = PCURVE('',#3150,#3155);
#3150 = PLANE('',#3151);
#3151 = AXIS2_PLACEMENT_3D('',#3152,#3153,#3154);
#3152 = CARTESIAN_POINT('',(13.,27.,-176.0000002));
#3153 = DIRECTION('',(-1.,0.,0.));
#3154 = DIRECTION('',(0.,1.,0.));
#3155 = DEFINITIONAL_REPRESENTATION('',(#3156),#3159);
#3156 = B_SPLINE_CURVE_WITH_KNOTS('',1,(#3157,#3158),.UNSPECIFIED.,.F.,
  .F.,(2,2),(-84.5,-58.5),.PIECEWISE_BEZIER_KNOTS.);
#3157 = CARTESIAN_POINT('',(26.,-180.0000002));
#3158 = CARTESIAN_POINT('',(0.,-180.0000002));
#3159 = ( GEOMETRIC_REPRESENTATION_CONTEXT(2) 
PARAMETRIC_REPRESENTATION_CONTEXT() REPRESENTATION_CONTEXT('2D SPACE',''
  ) );
#3160 = ORIENTED_EDGE('',*,*,#3161,.T.);
#3161 = EDGE_CURVE('',#3136,#3162,#3164,.T.);
#3162 = VERTEX_POINT('',#3163);
#3163 = CARTESIAN_POINT('',(-13.,27.,4.));
#3164 = SURFACE_CURVE('',#3165,(#3169,#3175),.PCURVE_S1.);
#3165 = LINE('',#3166,#3167);
#3166 = CARTESIAN_POINT('',(-44.,27.,4.));
#3167 = VECTOR('',#3168,1.);
#3168 = DIRECTION('',(-1.,0.,0.));
#3169 = PCURVE('',#44,#3170);
#3170 = DEFINITIONAL_REPRESENTATION('',(#3171),#3174);
#3171 = B_SPLINE_CURVE_WITH_KNOTS('',1,(#3172,#3173),.UNSPECIFIED.,.F.,
  .F.,(2,2),(-57.,-31.),.PIECEWISE_BEZIER_KNOTS.);
#3172 = CARTESIAN_POINT('',(88.,117.));
#3173 = CARTESIAN_POINT('',(62.,117.));
#3174 = ( GEOMETRIC_REPRESENTATION_CONTEXT(2) 
PARAMETRIC_REPRESENTATION_CONTEXT() REPRESENTATION_CONTEXT('2D SPACE',''
  ) );
#3175 = PCURVE('',#3176,#3181);
#3176 = PLANE('',#3177);
#3177 = AXIS2_PLACEMENT_3D('',#3178,#3179,#3180);
#3178 = CARTESIAN_POINT('',(-13.,27.,-176.0000002));
#3179 = DIRECTION('',(0.,1.,0.));
#3180 = DIRECTION('',(1.,0.,0.));
#3181 = DEFINITIONAL_REPRESENTATION('',(#3182),#3185);
#3182 = B_SPLINE_CURVE_WITH_KNOTS('',1,(#3183,#3184),.UNSPECIFIED.,.F.,
  .F.,(2,2),(-57.,-31.),.PIECEWISE_BEZIER_KNOTS.);
#3183 = CARTESIAN_POINT('',(26.,-180.0000002));
#3184 = CARTESIAN_POINT('',(0.,-180.0000002));
#3185 = ( GEOMETRIC_REPRESENTATION_CONTEXT(2) 
PARAMETRIC_REPRESENTATION_CONTEXT() REPRESENTATION_CONTEXT('2D SPACE',''
  ) );
#3186 = ORIENTED_EDGE('',*,*,#3187,.T.);
#3187 = EDGE_CURVE('',#3162,#3188,#3190,.T.);
#3188 = VERTEX_POINT('',#3189);
#3189 = CARTESIAN_POINT('',(-13.,53.,4.));
#3190 = SURFACE_CURVE('',#3191,(#3195,#3201),.PCURVE_S1.);
#3191 = LINE('',#3192,#3193);
#3192 = CARTESIAN_POINT('',(-13.,-18.5,4.));
#3193 = VECTOR('',#3194,1.);
#3194 = DIRECTION('',(0.,1.,0.));
#3195 = PCURVE('',#44,#3196);
#3196 = DEFINITIONAL_REPRESENTATION('',(#3197),#3200);
#3197 = B_SPLINE_CURVE_WITH_KNOTS('',1,(#3198,#3199),.UNSPECIFIED.,.F.,
  .F.,(2,2),(45.5,71.5),.PIECEWISE_BEZIER_KNOTS.);
#3198 = CARTESIAN_POINT('',(62.,117.));
#3199 = CARTESIAN_POINT('',(62.,143.));
#3200 = ( GEOMETRIC_REPRESENTATION_CONTEXT(2) 
PARAMETRIC_REPRESENTATION_CONTEXT() REPRESENTATION_CONTEXT('2D SPACE',''
  ) );
#3201 = PCURVE('',#3202,#3207);
#3202 = PLANE('',#3203);
#3203 = AXIS2_PLACEMENT_3D('',#3204,#3205,#3206);
#3204 = CARTESIAN_POINT('',(-13.,53.,-176.0000002));
#3205 = DIRECTION('',(1.,0.,0.));
#3206 = DIRECTION('',(0.,-1.,0.));
#3207 = DEFINITIONAL_REPRESENTATION('',(#3208),#3211);
#3208 = B_SPLINE_CURVE_WITH_KNOTS('',1,(#3209,#3210),.UNSPECIFIED.,.F.,
  .F.,(2,2),(45.5,71.5),.PIECEWISE_BEZIER_KNOTS.);
#3209 = CARTESIAN_POINT('',(26.,-180.0000002));
#3210 = CARTESIAN_POINT('',(0.,-180.0000002));
#3211 = ( GEOMETRIC_REPRESENTATION_CONTEXT(2) 
PARAMETRIC_REPRESENTATION_CONTEXT() REPRESENTATION_CONTEXT('2D SPACE',''
  ) );
#3212 = ORIENTED_EDGE('',*,*,#3213,.T.);
#3213 = EDGE_CURVE('',#3188,#3134,#3214,.T.);
#3214 = SURFACE_CURVE('',#3215,(#3219,#3225),.PCURVE_S1.);
#3215 = LINE('',#3216,#3217);
#3216 = CARTESIAN_POINT('',(-31.,53.,4.));
#3217 = VECTOR('',#3218,1.);
#3218 = DIRECTION('',(1.,0.,-0.));
#3219 = PCURVE('',#44,#3220);
#3220 = DEFINITIONAL_REPRESENTATION('',(#3221),#3224);
#3221 = B_SPLINE_CURVE_WITH_KNOTS('',1,(#3222,#3223),.UNSPECIFIED.,.F.,
  .F.,(2,2),(18.,44.),.PIECEWISE_BEZIER_KNOTS.);
#3222 = CARTESIAN_POINT('',(62.,143.));
#3223 = CARTESIAN_POINT('',(88.,143.));
#3224 = ( GEOMETRIC_REPRESENTATION_CONTEXT(2) 
PARAMETRIC_REPRESENTATION_CONTEXT() REPRESENTATION_CONTEXT('2D SPACE',''
  ) );
#3225 = PCURVE('',#3226,#3231);
#3226 = PLANE('',#3227);
#3227 = AXIS2_PLACEMENT_3D('',#3228,#3229,#3230);
#3228 = CARTESIAN_POINT('',(13.,53.,-176.0000002));
#3229 = DIRECTION('',(0.,-1.,0.));
#3230 = DIRECTION('',(-1.,0.,0.));
#3231 = DEFINITIONAL_REPRESENTATION('',(#3232),#3235);
#3232 = B_SPLINE_CURVE_WITH_KNOTS('',1,(#3233,#3234),.UNSPECIFIED.,.F.,
  .F.,(2,2),(18.,44.),.PIECEWISE_BEZIER_KNOTS.);
#3233 = CARTESIAN_POINT('',(26.,-180.0000002));
#3234 = CARTESIAN_POINT('',(0.,-180.0000002));
#3235 = ( GEOMETRIC_REPRESENTATION_CONTEXT(2) 
PARAMETRIC_REPRESENTATION_CONTEXT() REPRESENTATION_CONTEXT('2D SPACE',''
  ) );
#3236 = FACE_BOUND('',#3237,.T.);
#3237 = EDGE_LOOP('',(#3238));
#3238 = ORIENTED_EDGE('',*,*,#3239,.T.);
#3239 = EDGE_CURVE('',#3240,#3240,#3242,.T.);
#3240 = VERTEX_POINT('',#3241);
#3241 = CARTESIAN_POINT('',(28.4,30.,4.));
#3242 = SURFACE_CURVE('',#3243,(#3248,#3259),.PCURVE_S1.);
#3243 = CIRCLE('',#3244,1.6);
#3244 = AXIS2_PLACEMENT_3D('',#3245,#3246,#3247);
#3245 = CARTESIAN_POINT('',(30.,30.,4.));
#3246 = DIRECTION('',(0.,0.,-1.));
#3247 = DIRECTION('',(-1.,0.,0.));
#3248 = PCURVE('',#44,#3249);
#3249 = DEFINITIONAL_REPRESENTATION('',(#3250),#3258);
#3250 = ( BOUNDED_CURVE() B_SPLINE_CURVE(2,(#3251,#3252,#3253,#3254,
#3255,#3256,#3257),.UNSPECIFIED.,.T.,.F.) B_SPLINE_CURVE_WITH_KNOTS((1,2
    ,2,2,2,1),(-2.094395102393,0.,2.094395102393,4.188790204786,
6.28318530718,8.377580409573),.UNSPECIFIED.) CURVE() 
GEOMETRIC_REPRESENTATION_ITEM() RATIONAL_B_SPLINE_CURVE((1.,0.5,1.,0.5,
1.,0.5,1.)) REPRESENTATION_ITEM('') );
#3251 = CARTESIAN_POINT('',(103.4,120.));
#3252 = CARTESIAN_POINT('',(103.4,122.77128129211));
#3253 = CARTESIAN_POINT('',(105.8,121.38564064605));
#3254 = CARTESIAN_POINT('',(108.2,120.));
#3255 = CARTESIAN_POINT('',(105.8,118.61435935394));
#3256 = CARTESIAN_POINT('',(103.4,117.22871870789));
#3257 = CARTESIAN_POINT('',(103.4,120.));
#3258 = ( GEOMETRIC_REPRESENTATION_CONTEXT(2) 
PARAMETRIC_REPRESENTATION_CONTEXT() REPRESENTATION_CONTEXT('2D SPACE',''
  ) );
#3259 = PCURVE('',#3260,#3265);
#3260 = CYLINDRICAL_SURFACE('',#3261,1.6);
#3261 = AXIS2_PLACEMENT_3D('',#3262,#3263,#3264);
#3262 = CARTESIAN_POINT('',(30.,30.,4.));
#3263 = DIRECTION('',(0.,0.,-1.));
#3264 = DIRECTION('',(-1.,0.,0.));
#3265 = DEFINITIONAL_REPRESENTATION('',(#3266),#3270);
#3266 = LINE('',#3267,#3268);
#3267 = CARTESIAN_POINT('',(0.,0.));
#3268 = VECTOR('',#3269,1.);
#3269 = DIRECTION('',(1.,0.));
#3270 = ( GEOMETRIC_REPRESENTATION_CONTEXT(2) 
PARAMETRIC_REPRESENTATION_CONTEXT() REPRESENTATION_CONTEXT('2D SPACE',''
  ) );
#3271 = FACE_BOUND('',#3272,.T.);
#3272 = EDGE_LOOP('',(#3273));
#3273 = ORIENTED_EDGE('',*,*,#3274,.T.);
#3274 = EDGE_CURVE('',#3275,#3275,#3277,.T.);
#3275 = VERTEX_POINT('',#3276);
#3276 = CARTESIAN_POINT('',(28.4,45.,4.));
#3277 = SURFACE_CURVE('',#3278,(#3283,#3294),.PCURVE_S1.);
#3278 = CIRCLE('',#3279,1.6);
#3279 = AXIS2_PLACEMENT_3D('',#3280,#3281,#3282);
#3280 = CARTESIAN_POINT('',(30.,45.,4.));
#3281 = DIRECTION('',(0.,0.,-1.));
#3282 = DIRECTION('',(-1.,0.,0.));
#3283 = PCURVE('',#44,#3284);
#3284 = DEFINITIONAL_REPRESENTATION('',(#3285),#3293);
#3285 = ( BOUNDED_CURVE() B_SPLINE_CURVE(2,(#3286,#3287,#3288,#3289,
#3290,#3291,#3292),.UNSPECIFIED.,.T.,.F.) B_SPLINE_CURVE_WITH_KNOTS((1,2
    ,2,2,2,1),(-2.094395102393,0.,2.094395102393,4.188790204786,
6.28318530718,8.377580409573),.UNSPECIFIED.) CURVE() 
GEOMETRIC_REPRESENTATION_ITEM() RATIONAL_B_SPLINE_CURVE((1.,0.5,1.,0.5,
1.,0.5,1.)) REPRESENTATION_ITEM('') );
#3286 = CARTESIAN_POINT('',(103.4,135.));
#3287 = CARTESIAN_POINT('',(103.4,137.77128129211));
#3288 = CARTESIAN_POINT('',(105.8,136.38564064605));
#3289 = CARTESIAN_POINT('',(108.2,135.));
#3290 = CARTESIAN_POINT('',(105.8,133.61435935394));
#3291 = CARTESIAN_POINT('',(103.4,132.22871870789));
#3292 = CARTESIAN_POINT('',(103.4,135.));
#3293 = ( GEOMETRIC_REPRESENTATION_CONTEXT(2) 
PARAMETRIC_REPRESENTATION_CONTEXT() REPRESENTATION_CONTEXT('2D SPACE',''
  ) );
#3294 = PCURVE('',#3295,#3300);
#3295 = CYLINDRICAL_SURFACE('',#3296,1.6);
#3296 = AXIS2_PLACEMENT_3D('',#3297,#3298,#3299);
#3297 = CARTESIAN_POINT('',(30.,45.,4.));
#3298 = DIRECTION('',(0.,0.,-1.));
#3299 = DIRECTION('',(-1.,0.,0.));
#3300 = DEFINITIONAL_REPRESENTATION('',(#3301),#3305);
#3301 = LINE('',#3302,#3303);
#3302 = CARTESIAN_POINT('',(0.,0.));
#3303 = VECTOR('',#3304,1.);
#3304 = DIRECTION('',(1.,0.));
#3305 = ( GEOMETRIC_REPRESENTATION_CONTEXT(2) 
PARAMETRIC_REPRESENTATION_CONTEXT() REPRESENTATION_CONTEXT('2D SPACE',''
  ) );
#3306 = FACE_BOUND('',#3307,.T.);
#3307 = EDGE_LOOP('',(#3308));
#3308 = ORIENTED_EDGE('',*,*,#3309,.T.);
#3309 = EDGE_CURVE('',#3310,#3310,#3312,.T.);
#3310 = VERTEX_POINT('',#3311);
#3311 = CARTESIAN_POINT('',(43.4,15.,4.));
#3312 = SURFACE_CURVE('',#3313,(#3318,#3329),.PCURVE_S1.);
#3313 = CIRCLE('',#3314,1.6);
#3314 = AXIS2_PLACEMENT_3D('',#3315,#3316,#3317);
#3315 = CARTESIAN_POINT('',(45.,15.,4.));
#3316 = DIRECTION('',(0.,0.,-1.));
#3317 = DIRECTION('',(-1.,0.,0.));
#3318 = PCURVE('',#44,#3319);
#3319 = DEFINITIONAL_REPRESENTATION('',(#3320),#3328);
#3320 = ( BOUNDED_CURVE() B_SPLINE_CURVE(2,(#3321,#3322,#3323,#3324,
#3325,#3326,#3327),.UNSPECIFIED.,.T.,.F.) B_SPLINE_CURVE_WITH_KNOTS((1,2
    ,2,2,2,1),(-2.094395102393,0.,2.094395102393,4.188790204786,
6.28318530718,8.377580409573),.UNSPECIFIED.) CURVE() 
GEOMETRIC_REPRESENTATION_ITEM() RATIONAL_B_SPLINE_CURVE((1.,0.5,1.,0.5,
1.,0.5,1.)) REPRESENTATION_ITEM('') );
#3321 = CARTESIAN_POINT('',(118.4,105.));
#3322 = CARTESIAN_POINT('',(118.4,107.77128129211));
#3323 = CARTESIAN_POINT('',(120.8,106.38564064605));
#3324 = CARTESIAN_POINT('',(123.2,105.));
#3325 = CARTESIAN_POINT('',(120.8,103.61435935394));
#3326 = CARTESIAN_POINT('',(118.4,102.22871870789));
#3327 = CARTESIAN_POINT('',(118.4,105.));
#3328 = ( GEOMETRIC_REPRESENTATION_CONTEXT(2) 
PARAMETRIC_REPRESENTATION_CONTEXT() REPRESENTATION_CONTEXT('2D SPACE',''
  ) );
#3329 = PCURVE('',#3330,#3335);
#3330 = CYLINDRICAL_SURFACE('',#3331,1.6);
#3331 = AXIS2_PLACEMENT_3D('',#3332,#3333,#3334);
#3332 = CARTESIAN_POINT('',(45.,15.,4.));
#3333 = DIRECTION('',(0.,0.,-1.));
#3334 = DIRECTION('',(-1.,0.,0.));
#3335 = DEFINITIONAL_REPRESENTATION('',(#3336),#3340);
#3336 = LINE('',#3337,#3338);
#3337 = CARTESIAN_POINT('',(0.,0.));
#3338 = VECTOR('',#3339,1.);
#3339 = DIRECTION('',(1.,0.));
#3340 = ( GEOMETRIC_REPRESENTATION_CONTEXT(2) 
PARAMETRIC_REPRESENTATION_CONTEXT() REPRESENTATION_CONTEXT('2D SPACE',''
  ) );
#3341 = FACE_BOUND('',#3342,.T.);
#3342 = EDGE_LOOP('',(#3343));
#3343 = ORIENTED_EDGE('',*,*,#3344,.T.);
#3344 = EDGE_CURVE('',#3345,#3345,#3347,.T.);
#3345 = VERTEX_POINT('',#3346);
#3346 = CARTESIAN_POINT('',(58.4,15.,4.));
#3347 = SURFACE_CURVE('',#3348,(#3353,#3364),.PCURVE_S1.);
#3348 = CIRCLE('',#3349,1.6);
#3349 = AXIS2_PLACEMENT_3D('',#3350,#3351,#3352);
#3350 = CARTESIAN_POINT('',(60.,15.,4.));
#3351 = DIRECTION('',(0.,0.,-1.));
#3352 = DIRECTION('',(-1.,0.,0.));
#3353 = PCURVE('',#44,#3354);
#3354 = DEFINITIONAL_REPRESENTATION('',(#3355),#3363);
#3355 = ( BOUNDED_CURVE() B_SPLINE_CURVE(2,(#3356,#3357,#3358,#3359,
#3360,#3361,#3362),.UNSPECIFIED.,.T.,.F.) B_SPLINE_CURVE_WITH_KNOTS((1,2
    ,2,2,2,1),(-2.094395102393,0.,2.094395102393,4.188790204786,
6.28318530718,8.377580409573),.UNSPECIFIED.) CURVE() 
GEOMETRIC_REPRESENTATION_ITEM() RATIONAL_B_SPLINE_CURVE((1.,0.5,1.,0.5,
1.,0.5,1.)) REPRESENTATION_ITEM('') );
#3356 = CARTESIAN_POINT('',(133.4,105.));
#3357 = CARTESIAN_POINT('',(133.4,107.77128129211));
#3358 = CARTESIAN_POINT('',(135.8,106.38564064605));
#3359 = CARTESIAN_POINT('',(138.2,105.));
#3360 = CARTESIAN_POINT('',(135.8,103.61435935394));
#3361 = CARTESIAN_POINT('',(133.4,102.22871870789));
#3362 = CARTESIAN_POINT('',(133.4,105.));
#3363 = ( GEOMETRIC_REPRESENTATION_CONTEXT(2) 
PARAMETRIC_REPRESENTATION_CONTEXT() REPRESENTATION_CONTEXT('2D SPACE',''
  ) );
#3364 = PCURVE('',#3365,#3370);
#3365 = CYLINDRICAL_SURFACE('',#3366,1.6);
#3366 = AXIS2_PLACEMENT_3D('',#3367,#3368,#3369);
#3367 = CARTESIAN_POINT('',(60.,15.,4.));
#3368 = DIRECTION('',(0.,0.,-1.));
#3369 = DIRECTION('',(-1.,0.,0.));
#3370 = DEFINITIONAL_REPRESENTATION('',(#3371),#3375);
#3371 = LINE('',#3372,#3373);
#3372 = CARTESIAN_POINT('',(0.,0.));
#3373 = VECTOR('',#3374,1.);
#3374 = DIRECTION('',(1.,0.));
#3375 = ( GEOMETRIC_REPRESENTATION_CONTEXT(2) 
PARAMETRIC_REPRESENTATION_CONTEXT() REPRESENTATION_CONTEXT('2D SPACE',''
  ) );
#3376 = FACE_BOUND('',#3377,.T.);
#3377 = EDGE_LOOP('',(#3378));
#3378 = ORIENTED_EDGE('',*,*,#3379,.T.);
#3379 = EDGE_CURVE('',#3380,#3380,#3382,.T.);
#3380 = VERTEX_POINT('',#3381);
#3381 = CARTESIAN_POINT('',(64.4,11.,4.));
#3382 = SURFACE_CURVE('',#3383,(#3388,#3399),.PCURVE_S1.);
#3383 = CIRCLE('',#3384,1.6);
#3384 = AXIS2_PLACEMENT_3D('',#3385,#3386,#3387);
#3385 = CARTESIAN_POINT('',(66.,11.,4.));
#3386 = DIRECTION('',(0.,0.,-1.));
#3387 = DIRECTION('',(-1.,0.,0.));
#3388 = PCURVE('',#44,#3389);
#3389 = DEFINITIONAL_REPRESENTATION('',(#3390),#3398);
#3390 = ( BOUNDED_CURVE() B_SPLINE_CURVE(2,(#3391,#3392,#3393,#3394,
#3395,#3396,#3397),.UNSPECIFIED.,.T.,.F.) B_SPLINE_CURVE_WITH_KNOTS((1,2
    ,2,2,2,1),(-2.094395102393,0.,2.094395102393,4.188790204786,
6.28318530718,8.377580409573),.UNSPECIFIED.) CURVE() 
GEOMETRIC_REPRESENTATION_ITEM() RATIONAL_B_SPLINE_CURVE((1.,0.5,1.,0.5,
1.,0.5,1.)) REPRESENTATION_ITEM('') );
#3391 = CARTESIAN_POINT('',(139.4,101.));
#3392 = CARTESIAN_POINT('',(139.4,103.77128129211));
#3393 = CARTESIAN_POINT('',(141.8,102.38564064605));
#3394 = CARTESIAN_POINT('',(144.2,101.));
#3395 = CARTESIAN_POINT('',(141.8,99.614359353945));
#3396 = CARTESIAN_POINT('',(139.4,98.22871870789));
#3397 = CARTESIAN_POINT('',(139.4,101.));
#3398 = ( GEOMETRIC_REPRESENTATION_CONTEXT(2) 
PARAMETRIC_REPRESENTATION_CONTEXT() REPRESENTATION_CONTEXT('2D SPACE',''
  ) );
#3399 = PCURVE('',#3400,#3405);
#3400 = CYLINDRICAL_SURFACE('',#3401,1.6);
#3401 = AXIS2_PLACEMENT_3D('',#3402,#3403,#3404);
#3402 = CARTESIAN_POINT('',(66.,11.,4.));
#3403 = DIRECTION('',(0.,0.,-1.));
#3404 = DIRECTION('',(-1.,0.,0.));
#3405 = DEFINITIONAL_REPRESENTATION('',(#3406),#3410);
#3406 = LINE('',#3407,#3408);
#3407 = CARTESIAN_POINT('',(0.,0.));
#3408 = VECTOR('',#3409,1.);
#3409 = DIRECTION('',(1.,0.));
#3410 = ( GEOMETRIC_REPRESENTATION_CONTEXT(2) 
PARAMETRIC_REPRESENTATION_CONTEXT() REPRESENTATION_CONTEXT('2D SPACE',''
  ) );
#3411 = FACE_BOUND('',#3412,.T.);
#3412 = EDGE_LOOP('',(#3413));
#3413 = ORIENTED_EDGE('',*,*,#3414,.T.);
#3414 = EDGE_CURVE('',#3415,#3415,#3417,.T.);
#3415 = VERTEX_POINT('',#3416);
#3416 = CARTESIAN_POINT('',(43.4,30.,4.));
#3417 = SURFACE_CURVE('',#3418,(#3423,#3434),.PCURVE_S1.);
#3418 = CIRCLE('',#3419,1.6);
#3419 = AXIS2_PLACEMENT_3D('',#3420,#3421,#3422);
#3420 = CARTESIAN_POINT('',(45.,30.,4.));
#3421 = DIRECTION('',(0.,0.,-1.));
#3422 = DIRECTION('',(-1.,0.,0.));
#3423 = PCURVE('',#44,#3424);
#3424 = DEFINITIONAL_REPRESENTATION('',(#3425),#3433);
#3425 = ( BOUNDED_CURVE() B_SPLINE_CURVE(2,(#3426,#3427,#3428,#3429,
#3430,#3431,#3432),.UNSPECIFIED.,.T.,.F.) B_SPLINE_CURVE_WITH_KNOTS((1,2
    ,2,2,2,1),(-2.094395102393,0.,2.094395102393,4.188790204786,
6.28318530718,8.377580409573),.UNSPECIFIED.) CURVE() 
GEOMETRIC_REPRESENTATION_ITEM() RATIONAL_B_SPLINE_CURVE((1.,0.5,1.,0.5,
1.,0.5,1.)) REPRESENTATION_ITEM('') );
#3426 = CARTESIAN_POINT('',(118.4,120.));
#3427 = CARTESIAN_POINT('',(118.4,122.77128129211));
#3428 = CARTESIAN_POINT('',(120.8,121.38564064605));
#3429 = CARTESIAN_POINT('',(123.2,120.));
#3430 = CARTESIAN_POINT('',(120.8,118.61435935394));
#3431 = CARTESIAN_POINT('',(118.4,117.22871870789));
#3432 = CARTESIAN_POINT('',(118.4,120.));
#3433 = ( GEOMETRIC_REPRESENTATION_CONTEXT(2) 
PARAMETRIC_REPRESENTATION_CONTEXT() REPRESENTATION_CONTEXT('2D SPACE',''
  ) );
#3434 = PCURVE('',#3435,#3440);
#3435 = CYLINDRICAL_SURFACE('',#3436,1.6);
#3436 = AXIS2_PLACEMENT_3D('',#3437,#3438,#3439);
#3437 = CARTESIAN_POINT('',(45.,30.,4.));
#3438 = DIRECTION('',(0.,0.,-1.));
#3439 = DIRECTION('',(-1.,0.,0.));
#3440 = DEFINITIONAL_REPRESENTATION('',(#3441),#3445);
#3441 = LINE('',#3442,#3443);
#3442 = CARTESIAN_POINT('',(0.,0.));
#3443 = VECTOR('',#3444,1.);
#3444 = DIRECTION('',(1.,0.));
#3445 = ( GEOMETRIC_REPRESENTATION_CONTEXT(2) 
PARAMETRIC_REPRESENTATION_CONTEXT() REPRESENTATION_CONTEXT('2D SPACE',''
  ) );
#3446 = FACE_BOUND('',#3447,.T.);
#3447 = EDGE_LOOP('',(#3448));
#3448 = ORIENTED_EDGE('',*,*,#3449,.T.);
#3449 = EDGE_CURVE('',#3450,#3450,#3452,.T.);
#3450 = VERTEX_POINT('',#3451);
#3451 = CARTESIAN_POINT('',(43.4,45.,4.));
#3452 = SURFACE_CURVE('',#3453,(#3458,#3469),.PCURVE_S1.);
#3453 = CIRCLE('',#3454,1.6);
#3454 = AXIS2_PLACEMENT_3D('',#3455,#3456,#3457);
#3455 = CARTESIAN_POINT('',(45.,45.,4.));
#3456 = DIRECTION('',(0.,0.,-1.));
#3457 = DIRECTION('',(-1.,0.,0.));
#3458 = PCURVE('',#44,#3459);
#3459 = DEFINITIONAL_REPRESENTATION('',(#3460),#3468);
#3460 = ( BOUNDED_CURVE() B_SPLINE_CURVE(2,(#3461,#3462,#3463,#3464,
#3465,#3466,#3467),.UNSPECIFIED.,.T.,.F.) B_SPLINE_CURVE_WITH_KNOTS((1,2
    ,2,2,2,1),(-2.094395102393,0.,2.094395102393,4.188790204786,
6.28318530718,8.377580409573),.UNSPECIFIED.) CURVE() 
GEOMETRIC_REPRESENTATION_ITEM() RATIONAL_B_SPLINE_CURVE((1.,0.5,1.,0.5,
1.,0.5,1.)) REPRESENTATION_ITEM('') );
#3461 = CARTESIAN_POINT('',(118.4,135.));
#3462 = CARTESIAN_POINT('',(118.4,137.77128129211));
#3463 = CARTESIAN_POINT('',(120.8,136.38564064605));
#3464 = CARTESIAN_POINT('',(123.2,135.));
#3465 = CARTESIAN_POINT('',(120.8,133.61435935394));
#3466 = CARTESIAN_POINT('',(118.4,132.22871870789));
#3467 = CARTESIAN_POINT('',(118.4,135.));
#3468 = ( GEOMETRIC_REPRESENTATION_CONTEXT(2) 
PARAMETRIC_REPRESENTATION_CONTEXT() REPRESENTATION_CONTEXT('2D SPACE',''
  ) );
#3469 = PCURVE('',#3470,#3475);
#3470 = CYLINDRICAL_SURFACE('',#3471,1.6);
#3471 = AXIS2_PLACEMENT_3D('',#3472,#3473,#3474);
#3472 = CARTESIAN_POINT('',(45.,45.,4.));
#3473 = DIRECTION('',(0.,0.,-1.));
#3474 = DIRECTION('',(-1.,0.,0.));
#3475 = DEFINITIONAL_REPRESENTATION('',(#3476),#3480);
#3476 = LINE('',#3477,#3478);
#3477 = CARTESIAN_POINT('',(0.,0.));
#3478 = VECTOR('',#3479,1.);
#3479 = DIRECTION('',(1.,0.));
#3480 = ( GEOMETRIC_REPRESENTATION_CONTEXT(2) 
PARAMETRIC_REPRESENTATION_CONTEXT() REPRESENTATION_CONTEXT('2D SPACE',''
  ) );
#3481 = FACE_BOUND('',#3482,.T.);
#3482 = EDGE_LOOP('',(#3483));
#3483 = ORIENTED_EDGE('',*,*,#3484,.T.);
#3484 = EDGE_CURVE('',#3485,#3485,#3487,.T.);
#3485 = VERTEX_POINT('',#3486);
#3486 = CARTESIAN_POINT('',(58.4,30.,4.));
#3487 = SURFACE_CURVE('',#3488,(#3493,#3504),.PCURVE_S1.);
#3488 = CIRCLE('',#3489,1.6);
#3489 = AXIS2_PLACEMENT_3D('',#3490,#3491,#3492);
#3490 = CARTESIAN_POINT('',(60.,30.,4.));
#3491 = DIRECTION('',(0.,0.,-1.));
#3492 = DIRECTION('',(-1.,0.,0.));
#3493 = PCURVE('',#44,#3494);
#3494 = DEFINITIONAL_REPRESENTATION('',(#3495),#3503);
#3495 = ( BOUNDED_CURVE() B_SPLINE_CURVE(2,(#3496,#3497,#3498,#3499,
#3500,#3501,#3502),.UNSPECIFIED.,.T.,.F.) B_SPLINE_CURVE_WITH_KNOTS((1,2
    ,2,2,2,1),(-2.094395102393,0.,2.094395102393,4.188790204786,
6.28318530718,8.377580409573),.UNSPECIFIED.) CURVE() 
GEOMETRIC_REPRESENTATION_ITEM() RATIONAL_B_SPLINE_CURVE((1.,0.5,1.,0.5,
1.,0.5,1.)) REPRESENTATION_ITEM('') );
#3496 = CARTESIAN_POINT('',(133.4,120.));
#3497 = CARTESIAN_POINT('',(133.4,122.77128129211));
#3498 = CARTESIAN_POINT('',(135.8,121.38564064605));
#3499 = CARTESIAN_POINT('',(138.2,120.));
#3500 = CARTESIAN_POINT('',(135.8,118.61435935394));
#3501 = CARTESIAN_POINT('',(133.4,117.22871870789));
#3502 = CARTESIAN_POINT('',(133.4,120.));
#3503 = ( GEOMETRIC_REPRESENTATION_CONTEXT(2) 
PARAMETRIC_REPRESENTATION_CONTEXT() REPRESENTATION_CONTEXT('2D SPACE',''
  ) );
#3504 = PCURVE('',#3505,#3510);
#3505 = CYLINDRICAL_SURFACE('',#3506,1.6);
#3506 = AXIS2_PLACEMENT_3D('',#3507,#3508,#3509);
#3507 = CARTESIAN_POINT('',(60.,30.,4.));
#3508 = DIRECTION('',(0.,0.,-1.));
#3509 = DIRECTION('',(-1.,0.,0.));
#3510 = DEFINITIONAL_REPRESENTATION('',(#3511),#3515);
#3511 = LINE('',#3512,#3513);
#3512 = CARTESIAN_POINT('',(0.,0.));
#3513 = VECTOR('',#3514,1.);
#3514 = DIRECTION('',(1.,0.));
#3515 = ( GEOMETRIC_REPRESENTATION_CONTEXT(2) 
PARAMETRIC_REPRESENTATION_CONTEXT() REPRESENTATION_CONTEXT('2D SPACE',''
  ) );
#3516 = FACE_BOUND('',#3517,.T.);
#3517 = EDGE_LOOP('',(#3518));
#3518 = ORIENTED_EDGE('',*,*,#3519,.T.);
#3519 = EDGE_CURVE('',#3520,#3520,#3522,.T.);
#3520 = VERTEX_POINT('',#3521);
#3521 = CARTESIAN_POINT('',(58.4,45.,4.));
#3522 = SURFACE_CURVE('',#3523,(#3528,#3539),.PCURVE_S1.);
#3523 = CIRCLE('',#3524,1.6);
#3524 = AXIS2_PLACEMENT_3D('',#3525,#3526,#3527);
#3525 = CARTESIAN_POINT('',(60.,45.,4.));
#3526 = DIRECTION('',(0.,0.,-1.));
#3527 = DIRECTION('',(-1.,0.,0.));
#3528 = PCURVE('',#44,#3529);
#3529 = DEFINITIONAL_REPRESENTATION('',(#3530),#3538);
#3530 = ( BOUNDED_CURVE() B_SPLINE_CURVE(2,(#3531,#3532,#3533,#3534,
#3535,#3536,#3537),.UNSPECIFIED.,.T.,.F.) B_SPLINE_CURVE_WITH_KNOTS((1,2
    ,2,2,2,1),(-2.094395102393,0.,2.094395102393,4.188790204786,
6.28318530718,8.377580409573),.UNSPECIFIED.) CURVE() 
GEOMETRIC_REPRESENTATION_ITEM() RATIONAL_B_SPLINE_CURVE((1.,0.5,1.,0.5,
1.,0.5,1.)) REPRESENTATION_ITEM('') );
#3531 = CARTESIAN_POINT('',(133.4,135.));
#3532 = CARTESIAN_POINT('',(133.4,137.77128129211));
#3533 = CARTESIAN_POINT('',(135.8,136.38564064605));
#3534 = CARTESIAN_POINT('',(138.2,135.));
#3535 = CARTESIAN_POINT('',(135.8,133.61435935394));
#3536 = CARTESIAN_POINT('',(133.4,132.22871870789));
#3537 = CARTESIAN_POINT('',(133.4,135.));
#3538 = ( GEOMETRIC_REPRESENTATION_CONTEXT(2) 
PARAMETRIC_REPRESENTATION_CONTEXT() REPRESENTATION_CONTEXT('2D SPACE',''
  ) );
#3539 = PCURVE('',#3540,#3545);
#3540 = CYLINDRICAL_SURFACE('',#3541,1.6);
#3541 = AXIS2_PLACEMENT_3D('',#3542,#3543,#3544);
#3542 = CARTESIAN_POINT('',(60.,45.,4.));
#3543 = DIRECTION('',(0.,0.,-1.));
#3544 = DIRECTION('',(-1.,0.,0.));
#3545 = DEFINITIONAL_REPRESENTATION('',(#3546),#3550);
#3546 = LINE('',#3547,#3548);
#3547 = CARTESIAN_POINT('',(0.,0.));
#3548 = VECTOR('',#3549,1.);
#3549 = DIRECTION('',(1.,0.));
#3550 = ( GEOMETRIC_REPRESENTATION_CONTEXT(2) 
PARAMETRIC_REPRESENTATION_CONTEXT() REPRESENTATION_CONTEXT('2D SPACE',''
  ) );
#3551 = FACE_BOUND('',#3552,.T.);
#3552 = EDGE_LOOP('',(#3553));
#3553 = ORIENTED_EDGE('',*,*,#3554,.T.);
#3554 = EDGE_CURVE('',#3555,#3555,#3557,.T.);
#3555 = VERTEX_POINT('',#3556);
#3556 = CARTESIAN_POINT('',(9.4,64.,4.));
#3557 = SURFACE_CURVE('',#3558,(#3563,#3574),.PCURVE_S1.);
#3558 = CIRCLE('',#3559,1.6);
#3559 = AXIS2_PLACEMENT_3D('',#3560,#3561,#3562);
#3560 = CARTESIAN_POINT('',(11.,64.,4.));
#3561 = DIRECTION('',(0.,0.,-1.));
#3562 = DIRECTION('',(-1.,0.,0.));
#3563 = PCURVE('',#44,#3564);
#3564 = DEFINITIONAL_REPRESENTATION('',(#3565),#3573);
#3565 = ( BOUNDED_CURVE() B_SPLINE_CURVE(2,(#3566,#3567,#3568,#3569,
#3570,#3571,#3572),.UNSPECIFIED.,.T.,.F.) B_SPLINE_CURVE_WITH_KNOTS((1,2
    ,2,2,2,1),(-2.094395102393,0.,2.094395102393,4.188790204786,
6.28318530718,8.377580409573),.UNSPECIFIED.) CURVE() 
GEOMETRIC_REPRESENTATION_ITEM() RATIONAL_B_SPLINE_CURVE((1.,0.5,1.,0.5,
1.,0.5,1.)) REPRESENTATION_ITEM('') );
#3566 = CARTESIAN_POINT('',(84.4,154.));
#3567 = CARTESIAN_POINT('',(84.4,156.77128129211));
#3568 = CARTESIAN_POINT('',(86.8,155.38564064605));
#3569 = CARTESIAN_POINT('',(89.2,154.));
#3570 = CARTESIAN_POINT('',(86.8,152.61435935394));
#3571 = CARTESIAN_POINT('',(84.4,151.22871870789));
#3572 = CARTESIAN_POINT('',(84.4,154.));
#3573 = ( GEOMETRIC_REPRESENTATION_CONTEXT(2) 
PARAMETRIC_REPRESENTATION_CONTEXT() REPRESENTATION_CONTEXT('2D SPACE',''
  ) );
#3574 = PCURVE('',#3575,#3580);
#3575 = CYLINDRICAL_SURFACE('',#3576,1.6);
#3576 = AXIS2_PLACEMENT_3D('',#3577,#3578,#3579);
#3577 = CARTESIAN_POINT('',(11.,64.,4.));
#3578 = DIRECTION('',(0.,0.,-1.));
#3579 = DIRECTION('',(-1.,0.,0.));
#3580 = DEFINITIONAL_REPRESENTATION('',(#3581),#3585);
#3581 = LINE('',#3582,#3583);
#3582 = CARTESIAN_POINT('',(0.,0.));
#3583 = VECTOR('',#3584,1.);
#3584 = DIRECTION('',(1.,0.));
#3585 = ( GEOMETRIC_REPRESENTATION_CONTEXT(2) 
PARAMETRIC_REPRESENTATION_CONTEXT() REPRESENTATION_CONTEXT('2D SPACE',''
  ) );
#3586 = FACE_BOUND('',#3587,.T.);
#3587 = EDGE_LOOP('',(#3588));
#3588 = ORIENTED_EDGE('',*,*,#3589,.T.);
#3589 = EDGE_CURVE('',#3590,#3590,#3592,.T.);
#3590 = VERTEX_POINT('',#3591);
#3591 = CARTESIAN_POINT('',(28.4,60.,4.));
#3592 = SURFACE_CURVE('',#3593,(#3598,#3609),.PCURVE_S1.);
#3593 = CIRCLE('',#3594,1.6);
#3594 = AXIS2_PLACEMENT_3D('',#3595,#3596,#3597);
#3595 = CARTESIAN_POINT('',(30.,60.,4.));
#3596 = DIRECTION('',(0.,0.,-1.));
#3597 = DIRECTION('',(-1.,0.,0.));
#3598 = PCURVE('',#44,#3599);
#3599 = DEFINITIONAL_REPRESENTATION('',(#3600),#3608);
#3600 = ( BOUNDED_CURVE() B_SPLINE_CURVE(2,(#3601,#3602,#3603,#3604,
#3605,#3606,#3607),.UNSPECIFIED.,.T.,.F.) B_SPLINE_CURVE_WITH_KNOTS((1,2
    ,2,2,2,1),(-2.094395102393,0.,2.094395102393,4.188790204786,
6.28318530718,8.377580409573),.UNSPECIFIED.) CURVE() 
GEOMETRIC_REPRESENTATION_ITEM() RATIONAL_B_SPLINE_CURVE((1.,0.5,1.,0.5,
1.,0.5,1.)) REPRESENTATION_ITEM('') );
#3601 = CARTESIAN_POINT('',(103.4,150.));
#3602 = CARTESIAN_POINT('',(103.4,152.77128129211));
#3603 = CARTESIAN_POINT('',(105.8,151.38564064605));
#3604 = CARTESIAN_POINT('',(108.2,150.));
#3605 = CARTESIAN_POINT('',(105.8,148.61435935394));
#3606 = CARTESIAN_POINT('',(103.4,147.22871870789));
#3607 = CARTESIAN_POINT('',(103.4,150.));
#3608 = ( GEOMETRIC_REPRESENTATION_CONTEXT(2) 
PARAMETRIC_REPRESENTATION_CONTEXT() REPRESENTATION_CONTEXT('2D SPACE',''
  ) );
#3609 = PCURVE('',#3610,#3615);
#3610 = CYLINDRICAL_SURFACE('',#3611,1.6);
#3611 = AXIS2_PLACEMENT_3D('',#3612,#3613,#3614);
#3612 = CARTESIAN_POINT('',(30.,60.,4.));
#3613 = DIRECTION('',(0.,0.,-1.));
#3614 = DIRECTION('',(-1.,0.,0.));
#3615 = DEFINITIONAL_REPRESENTATION('',(#3616),#3620);
#3616 = LINE('',#3617,#3618);
#3617 = CARTESIAN_POINT('',(0.,0.));
#3618 = VECTOR('',#3619,1.);
#3619 = DIRECTION('',(1.,0.));
#3620 = ( GEOMETRIC_REPRESENTATION_CONTEXT(2) 
PARAMETRIC_REPRESENTATION_CONTEXT() REPRESENTATION_CONTEXT('2D SPACE',''
  ) );
#3621 = FACE_BOUND('',#3622,.T.);
#3622 = EDGE_LOOP('',(#3623));
#3623 = ORIENTED_EDGE('',*,*,#3624,.T.);
#3624 = EDGE_CURVE('',#3625,#3625,#3627,.T.);
#3625 = VERTEX_POINT('',#3626);
#3626 = CARTESIAN_POINT('',(9.4,79.,4.));
#3627 = SURFACE_CURVE('',#3628,(#3633,#3644),.PCURVE_S1.);
#3628 = CIRCLE('',#3629,1.6);
#3629 = AXIS2_PLACEMENT_3D('',#3630,#3631,#3632);
#3630 = CARTESIAN_POINT('',(11.,79.,4.));
#3631 = DIRECTION('',(0.,0.,-1.));
#3632 = DIRECTION('',(-1.,0.,0.));
#3633 = PCURVE('',#44,#3634);
#3634 = DEFINITIONAL_REPRESENTATION('',(#3635),#3643);
#3635 = ( BOUNDED_CURVE() B_SPLINE_CURVE(2,(#3636,#3637,#3638,#3639,
#3640,#3641,#3642),.UNSPECIFIED.,.T.,.F.) B_SPLINE_CURVE_WITH_KNOTS((1,2
    ,2,2,2,1),(-2.094395102393,0.,2.094395102393,4.188790204786,
6.28318530718,8.377580409573),.UNSPECIFIED.) CURVE() 
GEOMETRIC_REPRESENTATION_ITEM() RATIONAL_B_SPLINE_CURVE((1.,0.5,1.,0.5,
1.,0.5,1.)) REPRESENTATION_ITEM('') );
#3636 = CARTESIAN_POINT('',(84.4,169.));
#3637 = CARTESIAN_POINT('',(84.4,171.77128129211));
#3638 = CARTESIAN_POINT('',(86.8,170.38564064605));
#3639 = CARTESIAN_POINT('',(89.2,169.));
#3640 = CARTESIAN_POINT('',(86.8,167.61435935394));
#3641 = CARTESIAN_POINT('',(84.4,166.22871870789));
#3642 = CARTESIAN_POINT('',(84.4,169.));
#3643 = ( GEOMETRIC_REPRESENTATION_CONTEXT(2) 
PARAMETRIC_REPRESENTATION_CONTEXT() REPRESENTATION_CONTEXT('2D SPACE',''
  ) );
#3644 = PCURVE('',#3645,#3650);
#3645 = CYLINDRICAL_SURFACE('',#3646,1.6);
#3646 = AXIS2_PLACEMENT_3D('',#3647,#3648,#3649);
#3647 = CARTESIAN_POINT('',(11.,79.,4.));
#3648 = DIRECTION('',(0.,0.,-1.));
#3649 = DIRECTION('',(-1.,0.,0.));
#3650 = DEFINITIONAL_REPRESENTATION('',(#3651),#3655);
#3651 = LINE('',#3652,#3653);
#3652 = CARTESIAN_POINT('',(0.,0.));
#3653 = VECTOR('',#3654,1.);
#3654 = DIRECTION('',(1.,0.));
#3655 = ( GEOMETRIC_REPRESENTATION_CONTEXT(2) 
PARAMETRIC_REPRESENTATION_CONTEXT() REPRESENTATION_CONTEXT('2D SPACE',''
  ) );
#3656 = FACE_BOUND('',#3657,.T.);
#3657 = EDGE_LOOP('',(#3658));
#3658 = ORIENTED_EDGE('',*,*,#3659,.T.);
#3659 = EDGE_CURVE('',#3660,#3660,#3662,.T.);
#3660 = VERTEX_POINT('',#3661);
#3661 = CARTESIAN_POINT('',(9.4,86.,4.));
#3662 = SURFACE_CURVE('',#3663,(#3668,#3679),.PCURVE_S1.);
#3663 = CIRCLE('',#3664,1.6);
#3664 = AXIS2_PLACEMENT_3D('',#3665,#3666,#3667);
#3665 = CARTESIAN_POINT('',(11.,86.,4.));
#3666 = DIRECTION('',(0.,0.,-1.));
#3667 = DIRECTION('',(-1.,0.,0.));
#3668 = PCURVE('',#44,#3669);
#3669 = DEFINITIONAL_REPRESENTATION('',(#3670),#3678);
#3670 = ( BOUNDED_CURVE() B_SPLINE_CURVE(2,(#3671,#3672,#3673,#3674,
#3675,#3676,#3677),.UNSPECIFIED.,.T.,.F.) B_SPLINE_CURVE_WITH_KNOTS((1,2
    ,2,2,2,1),(-2.094395102393,0.,2.094395102393,4.188790204786,
6.28318530718,8.377580409573),.UNSPECIFIED.) CURVE() 
GEOMETRIC_REPRESENTATION_ITEM() RATIONAL_B_SPLINE_CURVE((1.,0.5,1.,0.5,
1.,0.5,1.)) REPRESENTATION_ITEM('') );
#3671 = CARTESIAN_POINT('',(84.4,176.));
#3672 = CARTESIAN_POINT('',(84.4,178.77128129211));
#3673 = CARTESIAN_POINT('',(86.8,177.38564064605));
#3674 = CARTESIAN_POINT('',(89.2,176.));
#3675 = CARTESIAN_POINT('',(86.8,174.61435935394));
#3676 = CARTESIAN_POINT('',(84.4,173.22871870789));
#3677 = CARTESIAN_POINT('',(84.4,176.));
#3678 = ( GEOMETRIC_REPRESENTATION_CONTEXT(2) 
PARAMETRIC_REPRESENTATION_CONTEXT() REPRESENTATION_CONTEXT('2D SPACE',''
  ) );
#3679 = PCURVE('',#3680,#3685);
#3680 = CYLINDRICAL_SURFACE('',#3681,1.6);
#3681 = AXIS2_PLACEMENT_3D('',#3682,#3683,#3684);
#3682 = CARTESIAN_POINT('',(11.,86.,4.));
#3683 = DIRECTION('',(0.,0.,-1.));
#3684 = DIRECTION('',(-1.,0.,0.));
#3685 = DEFINITIONAL_REPRESENTATION('',(#3686),#3690);
#3686 = LINE('',#3687,#3688);
#3687 = CARTESIAN_POINT('',(0.,0.));
#3688 = VECTOR('',#3689,1.);
#3689 = DIRECTION('',(1.,0.));
#3690 = ( GEOMETRIC_REPRESENTATION_CONTEXT(2) 
PARAMETRIC_REPRESENTATION_CONTEXT() REPRESENTATION_CONTEXT('2D SPACE',''
  ) );
#3691 = FACE_BOUND('',#3692,.T.);
#3692 = EDGE_LOOP('',(#3693));
#3693 = ORIENTED_EDGE('',*,*,#3694,.T.);
#3694 = EDGE_CURVE('',#3695,#3695,#3697,.T.);
#3695 = VERTEX_POINT('',#3696);
#3696 = CARTESIAN_POINT('',(28.4,75.,4.));
#3697 = SURFACE_CURVE('',#3698,(#3703,#3714),.PCURVE_S1.);
#3698 = CIRCLE('',#3699,1.6);
#3699 = AXIS2_PLACEMENT_3D('',#3700,#3701,#3702);
#3700 = CARTESIAN_POINT('',(30.,75.,4.));
#3701 = DIRECTION('',(0.,0.,-1.));
#3702 = DIRECTION('',(-1.,0.,0.));
#3703 = PCURVE('',#44,#3704);
#3704 = DEFINITIONAL_REPRESENTATION('',(#3705),#3713);
#3705 = ( BOUNDED_CURVE() B_SPLINE_CURVE(2,(#3706,#3707,#3708,#3709,
#3710,#3711,#3712),.UNSPECIFIED.,.T.,.F.) B_SPLINE_CURVE_WITH_KNOTS((1,2
    ,2,2,2,1),(-2.094395102393,0.,2.094395102393,4.188790204786,
6.28318530718,8.377580409573),.UNSPECIFIED.) CURVE() 
GEOMETRIC_REPRESENTATION_ITEM() RATIONAL_B_SPLINE_CURVE((1.,0.5,1.,0.5,
1.,0.5,1.)) REPRESENTATION_ITEM('') );
#3706 = CARTESIAN_POINT('',(103.4,165.));
#3707 = CARTESIAN_POINT('',(103.4,167.77128129211));
#3708 = CARTESIAN_POINT('',(105.8,166.38564064605));
#3709 = CARTESIAN_POINT('',(108.2,165.));
#3710 = CARTESIAN_POINT('',(105.8,163.61435935394));
#3711 = CARTESIAN_POINT('',(103.4,162.22871870789));
#3712 = CARTESIAN_POINT('',(103.4,165.));
#3713 = ( GEOMETRIC_REPRESENTATION_CONTEXT(2) 
PARAMETRIC_REPRESENTATION_CONTEXT() REPRESENTATION_CONTEXT('2D SPACE',''
  ) );
#3714 = PCURVE('',#3715,#3720);
#3715 = CYLINDRICAL_SURFACE('',#3716,1.6);
#3716 = AXIS2_PLACEMENT_3D('',#3717,#3718,#3719);
#3717 = CARTESIAN_POINT('',(30.,75.,4.));
#3718 = DIRECTION('',(0.,0.,-1.));
#3719 = DIRECTION('',(-1.,0.,0.));
#3720 = DEFINITIONAL_REPRESENTATION('',(#3721),#3725);
#3721 = LINE('',#3722,#3723);
#3722 = CARTESIAN_POINT('',(0.,0.));
#3723 = VECTOR('',#3724,1.);
#3724 = DIRECTION('',(1.,0.));
#3725 = ( GEOMETRIC_REPRESENTATION_CONTEXT(2) 
PARAMETRIC_REPRESENTATION_CONTEXT() REPRESENTATION_CONTEXT('2D SPACE',''
  ) );
#3726 = FACE_BOUND('',#3727,.T.);
#3727 = EDGE_LOOP('',(#3728));
#3728 = ORIENTED_EDGE('',*,*,#3729,.T.);
#3729 = EDGE_CURVE('',#3730,#3730,#3732,.T.);
#3730 = VERTEX_POINT('',#3731);
#3731 = CARTESIAN_POINT('',(43.4,60.,4.));
#3732 = SURFACE_CURVE('',#3733,(#3738,#3749),.PCURVE_S1.);
#3733 = CIRCLE('',#3734,1.6);
#3734 = AXIS2_PLACEMENT_3D('',#3735,#3736,#3737);
#3735 = CARTESIAN_POINT('',(45.,60.,4.));
#3736 = DIRECTION('',(0.,0.,-1.));
#3737 = DIRECTION('',(-1.,0.,0.));
#3738 = PCURVE('',#44,#3739);
#3739 = DEFINITIONAL_REPRESENTATION('',(#3740),#3748);
#3740 = ( BOUNDED_CURVE() B_SPLINE_CURVE(2,(#3741,#3742,#3743,#3744,
#3745,#3746,#3747),.UNSPECIFIED.,.T.,.F.) B_SPLINE_CURVE_WITH_KNOTS((1,2
    ,2,2,2,1),(-2.094395102393,0.,2.094395102393,4.188790204786,
6.28318530718,8.377580409573),.UNSPECIFIED.) CURVE() 
GEOMETRIC_REPRESENTATION_ITEM() RATIONAL_B_SPLINE_CURVE((1.,0.5,1.,0.5,
1.,0.5,1.)) REPRESENTATION_ITEM('') );
#3741 = CARTESIAN_POINT('',(118.4,150.));
#3742 = CARTESIAN_POINT('',(118.4,152.77128129211));
#3743 = CARTESIAN_POINT('',(120.8,151.38564064605));
#3744 = CARTESIAN_POINT('',(123.2,150.));
#3745 = CARTESIAN_POINT('',(120.8,148.61435935394));
#3746 = CARTESIAN_POINT('',(118.4,147.22871870789));
#3747 = CARTESIAN_POINT('',(118.4,150.));
#3748 = ( GEOMETRIC_REPRESENTATION_CONTEXT(2) 
PARAMETRIC_REPRESENTATION_CONTEXT() REPRESENTATION_CONTEXT('2D SPACE',''
  ) );
#3749 = PCURVE('',#3750,#3755);
#3750 = CYLINDRICAL_SURFACE('',#3751,1.6);
#3751 = AXIS2_PLACEMENT_3D('',#3752,#3753,#3754);
#3752 = CARTESIAN_POINT('',(45.,60.,4.));
#3753 = DIRECTION('',(0.,0.,-1.));
#3754 = DIRECTION('',(-1.,0.,0.));
#3755 = DEFINITIONAL_REPRESENTATION('',(#3756),#3760);
#3756 = LINE('',#3757,#3758);
#3757 = CARTESIAN_POINT('',(0.,0.));
#3758 = VECTOR('',#3759,1.);
#3759 = DIRECTION('',(1.,0.));
#3760 = ( GEOMETRIC_REPRESENTATION_CONTEXT(2) 
PARAMETRIC_REPRESENTATION_CONTEXT() REPRESENTATION_CONTEXT('2D SPACE',''
  ) );
#3761 = FACE_BOUND('',#3762,.T.);
#3762 = EDGE_LOOP('',(#3763));
#3763 = ORIENTED_EDGE('',*,*,#3764,.T.);
#3764 = EDGE_CURVE('',#3765,#3765,#3767,.T.);
#3765 = VERTEX_POINT('',#3766);
#3766 = CARTESIAN_POINT('',(58.4,60.,4.));
#3767 = SURFACE_CURVE('',#3768,(#3773,#3784),.PCURVE_S1.);
#3768 = CIRCLE('',#3769,1.6);
#3769 = AXIS2_PLACEMENT_3D('',#3770,#3771,#3772);
#3770 = CARTESIAN_POINT('',(60.,60.,4.));
#3771 = DIRECTION('',(0.,0.,-1.));
#3772 = DIRECTION('',(-1.,0.,0.));
#3773 = PCURVE('',#44,#3774);
#3774 = DEFINITIONAL_REPRESENTATION('',(#3775),#3783);
#3775 = ( BOUNDED_CURVE() B_SPLINE_CURVE(2,(#3776,#3777,#3778,#3779,
#3780,#3781,#3782),.UNSPECIFIED.,.T.,.F.) B_SPLINE_CURVE_WITH_KNOTS((1,2
    ,2,2,2,1),(-2.094395102393,0.,2.094395102393,4.188790204786,
6.28318530718,8.377580409573),.UNSPECIFIED.) CURVE() 
GEOMETRIC_REPRESENTATION_ITEM() RATIONAL_B_SPLINE_CURVE((1.,0.5,1.,0.5,
1.,0.5,1.)) REPRESENTATION_ITEM('') );
#3776 = CARTESIAN_POINT('',(133.4,150.));
#3777 = CARTESIAN_POINT('',(133.4,152.77128129211));
#3778 = CARTESIAN_POINT('',(135.8,151.38564064605));
#3779 = CARTESIAN_POINT('',(138.2,150.));
#3780 = CARTESIAN_POINT('',(135.8,148.61435935394));
#3781 = CARTESIAN_POINT('',(133.4,147.22871870789));
#3782 = CARTESIAN_POINT('',(133.4,150.));
#3783 = ( GEOMETRIC_REPRESENTATION_CONTEXT(2) 
PARAMETRIC_REPRESENTATION_CONTEXT() REPRESENTATION_CONTEXT('2D SPACE',''
  ) );
#3784 = PCURVE('',#3785,#3790);
#3785 = CYLINDRICAL_SURFACE('',#3786,1.6);
#3786 = AXIS2_PLACEMENT_3D('',#3787,#3788,#3789);
#3787 = CARTESIAN_POINT('',(60.,60.,4.));
#3788 = DIRECTION('',(0.,0.,-1.));
#3789 = DIRECTION('',(-1.,0.,0.));
#3790 = DEFINITIONAL_REPRESENTATION('',(#3791),#3795);
#3791 = LINE('',#3792,#3793);
#3792 = CARTESIAN_POINT('',(0.,0.));
#3793 = VECTOR('',#3794,1.);
#3794 = DIRECTION('',(1.,0.));
#3795 = ( GEOMETRIC_REPRESENTATION_CONTEXT(2) 
PARAMETRIC_REPRESENTATION_CONTEXT() REPRESENTATION_CONTEXT('2D SPACE',''
  ) );
#3796 = FACE_BOUND('',#3797,.T.);
#3797 = EDGE_LOOP('',(#3798));
#3798 = ORIENTED_EDGE('',*,*,#3799,.T.);
#3799 = EDGE_CURVE('',#3800,#3800,#3802,.T.);
#3800 = VERTEX_POINT('',#3801);
#3801 = CARTESIAN_POINT('',(43.4,75.,4.));
#3802 = SURFACE_CURVE('',#3803,(#3808,#3819),.PCURVE_S1.);
#3803 = CIRCLE('',#3804,1.6);
#3804 = AXIS2_PLACEMENT_3D('',#3805,#3806,#3807);
#3805 = CARTESIAN_POINT('',(45.,75.,4.));
#3806 = DIRECTION('',(0.,0.,-1.));
#3807 = DIRECTION('',(-1.,0.,0.));
#3808 = PCURVE('',#44,#3809);
#3809 = DEFINITIONAL_REPRESENTATION('',(#3810),#3818);
#3810 = ( BOUNDED_CURVE() B_SPLINE_CURVE(2,(#3811,#3812,#3813,#3814,
#3815,#3816,#3817),.UNSPECIFIED.,.T.,.F.) B_SPLINE_CURVE_WITH_KNOTS((1,2
    ,2,2,2,1),(-2.094395102393,0.,2.094395102393,4.188790204786,
6.28318530718,8.377580409573),.UNSPECIFIED.) CURVE() 
GEOMETRIC_REPRESENTATION_ITEM() RATIONAL_B_SPLINE_CURVE((1.,0.5,1.,0.5,
1.,0.5,1.)) REPRESENTATION_ITEM('') );
#3811 = CARTESIAN_POINT('',(118.4,165.));
#3812 = CARTESIAN_POINT('',(118.4,167.77128129211));
#3813 = CARTESIAN_POINT('',(120.8,166.38564064605));
#3814 = CARTESIAN_POINT('',(123.2,165.));
#3815 = CARTESIAN_POINT('',(120.8,163.61435935394));
#3816 = CARTESIAN_POINT('',(118.4,162.22871870789));
#3817 = CARTESIAN_POINT('',(118.4,165.));
#3818 = ( GEOMETRIC_REPRESENTATION_CONTEXT(2) 
PARAMETRIC_REPRESENTATION_CONTEXT() REPRESENTATION_CONTEXT('2D SPACE',''
  ) );
#3819 = PCURVE('',#3820,#3825);
#3820 = CYLINDRICAL_SURFACE('',#3821,1.6);
#3821 = AXIS2_PLACEMENT_3D('',#3822,#3823,#3824);
#3822 = CARTESIAN_POINT('',(45.,75.,4.));
#3823 = DIRECTION('',(0.,0.,-1.));
#3824 = DIRECTION('',(-1.,0.,0.));
#3825 = DEFINITIONAL_REPRESENTATION('',(#3826),#3830);
#3826 = LINE('',#3827,#3828);
#3827 = CARTESIAN_POINT('',(0.,0.));
#3828 = VECTOR('',#3829,1.);
#3829 = DIRECTION('',(1.,0.));
#3830 = ( GEOMETRIC_REPRESENTATION_CONTEXT(2) 
PARAMETRIC_REPRESENTATION_CONTEXT() REPRESENTATION_CONTEXT('2D SPACE',''
  ) );
#3831 = FACE_BOUND('',#3832,.T.);
#3832 = EDGE_LOOP('',(#3833));
#3833 = ORIENTED_EDGE('',*,*,#3834,.T.);
#3834 = EDGE_CURVE('',#3835,#3835,#3837,.T.);
#3835 = VERTEX_POINT('',#3836);
#3836 = CARTESIAN_POINT('',(58.4,75.,4.));
#3837 = SURFACE_CURVE('',#3838,(#3843,#3854),.PCURVE_S1.);
#3838 = CIRCLE('',#3839,1.6);
#3839 = AXIS2_PLACEMENT_3D('',#3840,#3841,#3842);
#3840 = CARTESIAN_POINT('',(60.,75.,4.));
#3841 = DIRECTION('',(0.,0.,-1.));
#3842 = DIRECTION('',(-1.,0.,0.));
#3843 = PCURVE('',#44,#3844);
#3844 = DEFINITIONAL_REPRESENTATION('',(#3845),#3853);
#3845 = ( BOUNDED_CURVE() B_SPLINE_CURVE(2,(#3846,#3847,#3848,#3849,
#3850,#3851,#3852),.UNSPECIFIED.,.T.,.F.) B_SPLINE_CURVE_WITH_KNOTS((1,2
    ,2,2,2,1),(-2.094395102393,0.,2.094395102393,4.188790204786,
6.28318530718,8.377580409573),.UNSPECIFIED.) CURVE() 
GEOMETRIC_REPRESENTATION_ITEM() RATIONAL_B_SPLINE_CURVE((1.,0.5,1.,0.5,
1.,0.5,1.)) REPRESENTATION_ITEM('') );
#3846 = CARTESIAN_POINT('',(133.4,165.));
#3847 = CARTESIAN_POINT('',(133.4,167.77128129211));
#3848 = CARTESIAN_POINT('',(135.8,166.38564064605));
#3849 = CARTESIAN_POINT('',(138.2,165.));
#3850 = CARTESIAN_POINT('',(135.8,163.61435935394));
#3851 = CARTESIAN_POINT('',(133.4,162.22871870789));
#3852 = CARTESIAN_POINT('',(133.4,165.));
#3853 = ( GEOMETRIC_REPRESENTATION_CONTEXT(2) 
PARAMETRIC_REPRESENTATION_CONTEXT() REPRESENTATION_CONTEXT('2D SPACE',''
  ) );
#3854 = PCURVE('',#3855,#3860);
#3855 = CYLINDRICAL_SURFACE('',#3856,1.6);
#3856 = AXIS2_PLACEMENT_3D('',#3857,#3858,#3859);
#3857 = CARTESIAN_POINT('',(60.,75.,4.));
#3858 = DIRECTION('',(0.,0.,-1.));
#3859 = DIRECTION('',(-1.,0.,0.));
#3860 = DEFINITIONAL_REPRESENTATION('',(#3861),#3865);
#3861 = LINE('',#3862,#3863);
#3862 = CARTESIAN_POINT('',(0.,0.));
#3863 = VECTOR('',#3864,1.);
#3864 = DIRECTION('',(1.,0.));
#3865 = ( GEOMETRIC_REPRESENTATION_CONTEXT(2) 
PARAMETRIC_REPRESENTATION_CONTEXT() REPRESENTATION_CONTEXT('2D SPACE',''
  ) );
#3866 = ADVANCED_FACE('',(#3867),#72,.T.);
#3867 = FACE_BOUND('',#3868,.T.);
#3868 = EDGE_LOOP('',(#3869,#3893,#3914,#3915));
#3869 = ORIENTED_EDGE('',*,*,#3870,.T.);
#3870 = EDGE_CURVE('',#57,#3871,#3873,.T.);
#3871 = VERTEX_POINT('',#3872);
#3872 = CARTESIAN_POINT('',(-63.,-90.,0.));
#3873 = SURFACE_CURVE('',#3874,(#3879,#3886),.PCURVE_S1.);
#3874 = CIRCLE('',#3875,12.);
#3875 = AXIS2_PLACEMENT_3D('',#3876,#3877,#3878);
#3876 = CARTESIAN_POINT('',(-63.,-78.,0.));
#3877 = DIRECTION('',(0.,0.,1.));
#3878 = DIRECTION('',(0.,-1.,0.));
#3879 = PCURVE('',#72,#3880);
#3880 = DEFINITIONAL_REPRESENTATION('',(#3881),#3885);
#3881 = LINE('',#3882,#3883);
#3882 = CARTESIAN_POINT('',(-4.712388980385,0.));
#3883 = VECTOR('',#3884,1.);
#3884 = DIRECTION('',(1.,0.));
#3885 = ( GEOMETRIC_REPRESENTATION_CONTEXT(2) 
PARAMETRIC_REPRESENTATION_CONTEXT() REPRESENTATION_CONTEXT('2D SPACE',''
  ) );
#3886 = PCURVE('',#100,#3887);
#3887 = DEFINITIONAL_REPRESENTATION('',(#3888),#3892);
#3888 = CIRCLE('',#3889,12.);
#3889 = AXIS2_PLACEMENT_2D('',#3890,#3891);
#3890 = CARTESIAN_POINT('',(12.,12.));
#3891 = DIRECTION('',(0.,-1.));
#3892 = ( GEOMETRIC_REPRESENTATION_CONTEXT(2) 
PARAMETRIC_REPRESENTATION_CONTEXT() REPRESENTATION_CONTEXT('2D SPACE',''
  ) );
#3893 = ORIENTED_EDGE('',*,*,#3894,.T.);
#3894 = EDGE_CURVE('',#3871,#143,#3895,.T.);
#3895 = SURFACE_CURVE('',#3896,(#3900,#3907),.PCURVE_S1.);
#3896 = LINE('',#3897,#3898);
#3897 = CARTESIAN_POINT('',(-63.,-90.,0.));
#3898 = VECTOR('',#3899,1.);
#3899 = DIRECTION('',(0.,0.,1.));
#3900 = PCURVE('',#72,#3901);
#3901 = DEFINITIONAL_REPRESENTATION('',(#3902),#3906);
#3902 = LINE('',#3903,#3904);
#3903 = CARTESIAN_POINT('',(1.570796326795,0.));
#3904 = VECTOR('',#3905,1.);
#3905 = DIRECTION('',(0.,1.));
#3906 = ( GEOMETRIC_REPRESENTATION_CONTEXT(2) 
PARAMETRIC_REPRESENTATION_CONTEXT() REPRESENTATION_CONTEXT('2D SPACE',''
  ) );
#3907 = PCURVE('',#182,#3908);
#3908 = DEFINITIONAL_REPRESENTATION('',(#3909),#3913);
#3909 = LINE('',#3910,#3911);
#3910 = CARTESIAN_POINT('',(0.,12.));
#3911 = VECTOR('',#3912,1.);
#3912 = DIRECTION('',(1.,0.));
#3913 = ( GEOMETRIC_REPRESENTATION_CONTEXT(2) 
PARAMETRIC_REPRESENTATION_CONTEXT() REPRESENTATION_CONTEXT('2D SPACE',''
  ) );
#3914 = ORIENTED_EDGE('',*,*,#142,.F.);
#3915 = ORIENTED_EDGE('',*,*,#56,.F.);
#3916 = ADVANCED_FACE('',(#3917),#126,.T.);
#3917 = FACE_BOUND('',#3918,.F.);
#3918 = EDGE_LOOP('',(#3919,#3947,#3968,#3969));
#3919 = ORIENTED_EDGE('',*,*,#3920,.T.);
#3920 = EDGE_CURVE('',#85,#3921,#3923,.T.);
#3921 = VERTEX_POINT('',#3922);
#3922 = CARTESIAN_POINT('',(-63.,90.,0.));
#3923 = SURFACE_CURVE('',#3924,(#3929,#3936),.PCURVE_S1.);
#3924 = CIRCLE('',#3925,12.);
#3925 = AXIS2_PLACEMENT_3D('',#3926,#3927,#3928);
#3926 = CARTESIAN_POINT('',(-63.,78.,0.));
#3927 = DIRECTION('',(-0.,-0.,-1.));
#3928 = DIRECTION('',(0.,-1.,0.));
#3929 = PCURVE('',#126,#3930);
#3930 = DEFINITIONAL_REPRESENTATION('',(#3931),#3935);
#3931 = LINE('',#3932,#3933);
#3932 = CARTESIAN_POINT('',(1.570796326795,-0.));
#3933 = VECTOR('',#3934,1.);
#3934 = DIRECTION('',(-1.,0.));
#3935 = ( GEOMETRIC_REPRESENTATION_CONTEXT(2) 
PARAMETRIC_REPRESENTATION_CONTEXT() REPRESENTATION_CONTEXT('2D SPACE',''
  ) );
#3936 = PCURVE('',#100,#3937);
#3937 = DEFINITIONAL_REPRESENTATION('',(#3938),#3946);
#3938 = ( BOUNDED_CURVE() B_SPLINE_CURVE(2,(#3939,#3940,#3941,#3942,
#3943,#3944,#3945),.UNSPECIFIED.,.T.,.F.) B_SPLINE_CURVE_WITH_KNOTS((1,2
    ,2,2,2,1),(-2.094395102393,0.,2.094395102393,4.188790204786,
6.28318530718,8.377580409573),.UNSPECIFIED.) CURVE() 
GEOMETRIC_REPRESENTATION_ITEM() RATIONAL_B_SPLINE_CURVE((1.,0.5,1.,0.5,
1.,0.5,1.)) REPRESENTATION_ITEM('') );
#3939 = CARTESIAN_POINT('',(12.,156.));
#3940 = CARTESIAN_POINT('',(-8.784609690827,156.));
#3941 = CARTESIAN_POINT('',(1.607695154587,174.));
#3942 = CARTESIAN_POINT('',(12.,192.));
#3943 = CARTESIAN_POINT('',(22.392304845413,174.));
#3944 = CARTESIAN_POINT('',(32.784609690827,156.));
#3945 = CARTESIAN_POINT('',(12.,156.));
#3946 = ( GEOMETRIC_REPRESENTATION_CONTEXT(2) 
PARAMETRIC_REPRESENTATION_CONTEXT() REPRESENTATION_CONTEXT('2D SPACE',''
  ) );
#3947 = ORIENTED_EDGE('',*,*,#3948,.T.);
#3948 = EDGE_CURVE('',#3921,#285,#3949,.T.);
#3949 = SURFACE_CURVE('',#3950,(#3954,#3961),.PCURVE_S1.);
#3950 = LINE('',#3951,#3952);
#3951 = CARTESIAN_POINT('',(-63.,90.,0.));
#3952 = VECTOR('',#3953,1.);
#3953 = DIRECTION('',(0.,0.,1.));
#3954 = PCURVE('',#126,#3955);
#3955 = DEFINITIONAL_REPRESENTATION('',(#3956),#3960);
#3956 = LINE('',#3957,#3958);
#3957 = CARTESIAN_POINT('',(-1.570796326795,0.));
#3958 = VECTOR('',#3959,1.);
#3959 = DIRECTION('',(-0.,1.));
#3960 = ( GEOMETRIC_REPRESENTATION_CONTEXT(2) 
PARAMETRIC_REPRESENTATION_CONTEXT() REPRESENTATION_CONTEXT('2D SPACE',''
  ) );
#3961 = PCURVE('',#300,#3962);
#3962 = DEFINITIONAL_REPRESENTATION('',(#3963),#3967);
#3963 = LINE('',#3964,#3965);
#3964 = CARTESIAN_POINT('',(0.,12.));
#3965 = VECTOR('',#3966,1.);
#3966 = DIRECTION('',(1.,0.));
#3967 = ( GEOMETRIC_REPRESENTATION_CONTEXT(2) 
PARAMETRIC_REPRESENTATION_CONTEXT() REPRESENTATION_CONTEXT('2D SPACE',''
  ) );
#3968 = ORIENTED_EDGE('',*,*,#312,.F.);
#3969 = ORIENTED_EDGE('',*,*,#112,.F.);
#3970 = ADVANCED_FACE('',(#3971,#4095,#4125,#4155,#4247,#4277,#4307,
    #4337,#4367,#4397,#4427,#4519,#4549,#4579,#4609,#4639,#4669,#4699,
    #4729,#4759,#4789,#4819,#4849,#4879,#4909,#4939,#4969,#4999,#5029,
    #5059,#5089,#5119,#5149,#5241,#5271,#5301,#5331,#5361,#5391,#5421,
    #5451,#5481,#5511,#5541,#5633,#5663,#5693,#5723,#5753,#5783,#5813,
    #5843,#5873,#5903,#5933,#5963,#5993,#6023,#6053,#6083,#6113,#6143,
    #6173,#6203,#6233,#6263,#6293,#6323,#6353,#6383,#6413,#6443,#6473,
    #6559,#6589,#6619,#6649,#6679,#6709,#6739,#6769,#6799,#6829,#6859,
    #6889,#6919,#6949,#6979,#7009,#7039,#7069),#100,.F.);
#3971 = FACE_BOUND('',#3972,.F.);
#3972 = EDGE_LOOP('',(#3973,#3974,#3975,#3998,#4026,#4049,#4073,#4094));
#3973 = ORIENTED_EDGE('',*,*,#84,.F.);
#3974 = ORIENTED_EDGE('',*,*,#3870,.T.);
#3975 = ORIENTED_EDGE('',*,*,#3976,.T.);
#3976 = EDGE_CURVE('',#3871,#3977,#3979,.T.);
#3977 = VERTEX_POINT('',#3978);
#3978 = CARTESIAN_POINT('',(63.,-90.,0.));
#3979 = SURFACE_CURVE('',#3980,(#3984,#3991),.PCURVE_S1.);
#3980 = LINE('',#3981,#3982);
#3981 = CARTESIAN_POINT('',(-75.,-90.,0.));
#3982 = VECTOR('',#3983,1.);
#3983 = DIRECTION('',(1.,0.,0.));
#3984 = PCURVE('',#100,#3985);
#3985 = DEFINITIONAL_REPRESENTATION('',(#3986),#3990);
#3986 = LINE('',#3987,#3988);
#3987 = CARTESIAN_POINT('',(0.,0.));
#3988 = VECTOR('',#3989,1.);
#3989 = DIRECTION('',(1.,0.));
#3990 = ( GEOMETRIC_REPRESENTATION_CONTEXT(2) 
PARAMETRIC_REPRESENTATION_CONTEXT() REPRESENTATION_CONTEXT('2D SPACE',''
  ) );
#3991 = PCURVE('',#182,#3992);
#3992 = DEFINITIONAL_REPRESENTATION('',(#3993),#3997);
#3993 = LINE('',#3994,#3995);
#3994 = CARTESIAN_POINT('',(0.,0.));
#3995 = VECTOR('',#3996,1.);
#3996 = DIRECTION('',(0.,1.));
#3997 = ( GEOMETRIC_REPRESENTATION_CONTEXT(2) 
PARAMETRIC_REPRESENTATION_CONTEXT() REPRESENTATION_CONTEXT('2D SPACE',''
  ) );
#3998 = ORIENTED_EDGE('',*,*,#3999,.F.);
#3999 = EDGE_CURVE('',#4000,#3977,#4002,.T.);
#4000 = VERTEX_POINT('',#4001);
#4001 = CARTESIAN_POINT('',(75.,-78.,0.));
#4002 = SURFACE_CURVE('',#4003,(#4008,#4019),.PCURVE_S1.);
#4003 = CIRCLE('',#4004,12.);
#4004 = AXIS2_PLACEMENT_3D('',#4005,#4006,#4007);
#4005 = CARTESIAN_POINT('',(63.,-78.,0.));
#4006 = DIRECTION('',(-0.,-0.,-1.));
#4007 = DIRECTION('',(0.,-1.,0.));
#4008 = PCURVE('',#100,#4009);
#4009 = DEFINITIONAL_REPRESENTATION('',(#4010),#4018);
#4010 = ( BOUNDED_CURVE() B_SPLINE_CURVE(2,(#4011,#4012,#4013,#4014,
#4015,#4016,#4017),.UNSPECIFIED.,.T.,.F.) B_SPLINE_CURVE_WITH_KNOTS((1,2
    ,2,2,2,1),(-2.094395102393,0.,2.094395102393,4.188790204786,
6.28318530718,8.377580409573),.UNSPECIFIED.) CURVE() 
GEOMETRIC_REPRESENTATION_ITEM() RATIONAL_B_SPLINE_CURVE((1.,0.5,1.,0.5,
1.,0.5,1.)) REPRESENTATION_ITEM('') );
#4011 = CARTESIAN_POINT('',(138.,0.));
#4012 = CARTESIAN_POINT('',(117.21539030917,0.));
#4013 = CARTESIAN_POINT('',(127.60769515458,18.));
#4014 = CARTESIAN_POINT('',(138.,36.));
#4015 = CARTESIAN_POINT('',(148.39230484541,18.));
#4016 = CARTESIAN_POINT('',(158.78460969082,1.7763568394E-14));
#4017 = CARTESIAN_POINT('',(138.,0.));
#4018 = ( GEOMETRIC_REPRESENTATION_CONTEXT(2) 
PARAMETRIC_REPRESENTATION_CONTEXT() REPRESENTATION_CONTEXT('2D SPACE',''
  ) );
#4019 = PCURVE('',#215,#4020);
#4020 = DEFINITIONAL_REPRESENTATION('',(#4021),#4025);
#4021 = LINE('',#4022,#4023);
#4022 = CARTESIAN_POINT('',(4.712388980385,-0.));
#4023 = VECTOR('',#4024,1.);
#4024 = DIRECTION('',(-1.,0.));
#4025 = ( GEOMETRIC_REPRESENTATION_CONTEXT(2) 
PARAMETRIC_REPRESENTATION_CONTEXT() REPRESENTATION_CONTEXT('2D SPACE',''
  ) );
#4026 = ORIENTED_EDGE('',*,*,#4027,.T.);
#4027 = EDGE_CURVE('',#4000,#4028,#4030,.T.);
#4028 = VERTEX_POINT('',#4029);
#4029 = CARTESIAN_POINT('',(75.,78.,0.));
#4030 = SURFACE_CURVE('',#4031,(#4035,#4042),.PCURVE_S1.);
#4031 = LINE('',#4032,#4033);
#4032 = CARTESIAN_POINT('',(75.,-90.,0.));
#4033 = VECTOR('',#4034,1.);
#4034 = DIRECTION('',(0.,1.,0.));
#4035 = PCURVE('',#100,#4036);
#4036 = DEFINITIONAL_REPRESENTATION('',(#4037),#4041);
#4037 = LINE('',#4038,#4039);
#4038 = CARTESIAN_POINT('',(150.,0.));
#4039 = VECTOR('',#4040,1.);
#4040 = DIRECTION('',(0.,1.));
#4041 = ( GEOMETRIC_REPRESENTATION_CONTEXT(2) 
PARAMETRIC_REPRESENTATION_CONTEXT() REPRESENTATION_CONTEXT('2D SPACE',''
  ) );
#4042 = PCURVE('',#243,#4043);
#4043 = DEFINITIONAL_REPRESENTATION('',(#4044),#4048);
#4044 = LINE('',#4045,#4046);
#4045 = CARTESIAN_POINT('',(0.,0.));
#4046 = VECTOR('',#4047,1.);
#4047 = DIRECTION('',(0.,-1.));
#4048 = ( GEOMETRIC_REPRESENTATION_CONTEXT(2) 
PARAMETRIC_REPRESENTATION_CONTEXT() REPRESENTATION_CONTEXT('2D SPACE',''
  ) );
#4049 = ORIENTED_EDGE('',*,*,#4050,.T.);
#4050 = EDGE_CURVE('',#4028,#4051,#4053,.T.);
#4051 = VERTEX_POINT('',#4052);
#4052 = CARTESIAN_POINT('',(63.,90.,0.));
#4053 = SURFACE_CURVE('',#4054,(#4059,#4066),.PCURVE_S1.);
#4054 = CIRCLE('',#4055,12.);
#4055 = AXIS2_PLACEMENT_3D('',#4056,#4057,#4058);
#4056 = CARTESIAN_POINT('',(63.,78.,0.));
#4057 = DIRECTION('',(0.,0.,1.));
#4058 = DIRECTION('',(0.,-1.,0.));
#4059 = PCURVE('',#100,#4060);
#4060 = DEFINITIONAL_REPRESENTATION('',(#4061),#4065);
#4061 = CIRCLE('',#4062,12.);
#4062 = AXIS2_PLACEMENT_2D('',#4063,#4064);
#4063 = CARTESIAN_POINT('',(138.,168.));
#4064 = DIRECTION('',(0.,-1.));
#4065 = ( GEOMETRIC_REPRESENTATION_CONTEXT(2) 
PARAMETRIC_REPRESENTATION_CONTEXT() REPRESENTATION_CONTEXT('2D SPACE',''
  ) );
#4066 = PCURVE('',#272,#4067);
#4067 = DEFINITIONAL_REPRESENTATION('',(#4068),#4072);
#4068 = LINE('',#4069,#4070);
#4069 = CARTESIAN_POINT('',(-1.570796326795,0.));
#4070 = VECTOR('',#4071,1.);
#4071 = DIRECTION('',(1.,0.));
#4072 = ( GEOMETRIC_REPRESENTATION_CONTEXT(2) 
PARAMETRIC_REPRESENTATION_CONTEXT() REPRESENTATION_CONTEXT('2D SPACE',''
  ) );
#4073 = ORIENTED_EDGE('',*,*,#4074,.F.);
#4074 = EDGE_CURVE('',#3921,#4051,#4075,.T.);
#4075 = SURFACE_CURVE('',#4076,(#4080,#4087),.PCURVE_S1.);
#4076 = LINE('',#4077,#4078);
#4077 = CARTESIAN_POINT('',(-75.,90.,0.));
#4078 = VECTOR('',#4079,1.);
#4079 = DIRECTION('',(1.,0.,0.));
#4080 = PCURVE('',#100,#4081);
#4081 = DEFINITIONAL_REPRESENTATION('',(#4082),#4086);
#4082 = LINE('',#4083,#4084);
#4083 = CARTESIAN_POINT('',(0.,180.));
#4084 = VECTOR('',#4085,1.);
#4085 = DIRECTION('',(1.,0.));
#4086 = ( GEOMETRIC_REPRESENTATION_CONTEXT(2) 
PARAMETRIC_REPRESENTATION_CONTEXT() REPRESENTATION_CONTEXT('2D SPACE',''
  ) );
#4087 = PCURVE('',#300,#4088);
#4088 = DEFINITIONAL_REPRESENTATION('',(#4089),#4093);
#4089 = LINE('',#4090,#4091);
#4090 = CARTESIAN_POINT('',(0.,0.));
#4091 = VECTOR('',#4092,1.);
#4092 = DIRECTION('',(0.,1.));
#4093 = ( GEOMETRIC_REPRESENTATION_CONTEXT(2) 
PARAMETRIC_REPRESENTATION_CONTEXT() REPRESENTATION_CONTEXT('2D SPACE',''
  ) );
#4094 = ORIENTED_EDGE('',*,*,#3920,.F.);
#4095 = FACE_BOUND('',#4096,.F.);
#4096 = EDGE_LOOP('',(#4097));
#4097 = ORIENTED_EDGE('',*,*,#4098,.T.);
#4098 = EDGE_CURVE('',#4099,#4099,#4101,.T.);
#4099 = VERTEX_POINT('',#4100);
#4100 = CARTESIAN_POINT('',(-61.6,-75.,0.));
#4101 = SURFACE_CURVE('',#4102,(#4107,#4118),.PCURVE_S1.);
#4102 = CIRCLE('',#4103,1.6);
#4103 = AXIS2_PLACEMENT_3D('',#4104,#4105,#4106);
#4104 = CARTESIAN_POINT('',(-60.,-75.,0.));
#4105 = DIRECTION('',(0.,0.,-1.));
#4106 = DIRECTION('',(-1.,0.,0.));
#4107 = PCURVE('',#100,#4108);
#4108 = DEFINITIONAL_REPRESENTATION('',(#4109),#4117);
#4109 = ( BOUNDED_CURVE() B_SPLINE_CURVE(2,(#4110,#4111,#4112,#4113,
#4114,#4115,#4116),.UNSPECIFIED.,.T.,.F.) B_SPLINE_CURVE_WITH_KNOTS((1,2
    ,2,2,2,1),(-2.094395102393,0.,2.094395102393,4.188790204786,
6.28318530718,8.377580409573),.UNSPECIFIED.) CURVE() 
GEOMETRIC_REPRESENTATION_ITEM() RATIONAL_B_SPLINE_CURVE((1.,0.5,1.,0.5,
1.,0.5,1.)) REPRESENTATION_ITEM('') );
#4110 = CARTESIAN_POINT('',(13.4,15.));
#4111 = CARTESIAN_POINT('',(13.4,17.77128129211));
#4112 = CARTESIAN_POINT('',(15.8,16.385640646055));
#4113 = CARTESIAN_POINT('',(18.2,15.));
#4114 = CARTESIAN_POINT('',(15.8,13.614359353945));
#4115 = CARTESIAN_POINT('',(13.4,12.22871870789));
#4116 = CARTESIAN_POINT('',(13.4,15.));
#4117 = ( GEOMETRIC_REPRESENTATION_CONTEXT(2) 
PARAMETRIC_REPRESENTATION_CONTEXT() REPRESENTATION_CONTEXT('2D SPACE',''
  ) );
#4118 = PCURVE('',#361,#4119);
#4119 = DEFINITIONAL_REPRESENTATION('',(#4120),#4124);
#4120 = LINE('',#4121,#4122);
#4121 = CARTESIAN_POINT('',(0.,4.));
#4122 = VECTOR('',#4123,1.);
#4123 = DIRECTION('',(1.,0.));
#4124 = ( GEOMETRIC_REPRESENTATION_CONTEXT(2) 
PARAMETRIC_REPRESENTATION_CONTEXT() REPRESENTATION_CONTEXT('2D SPACE',''
  ) );
#4125 = FACE_BOUND('',#4126,.F.);
#4126 = EDGE_LOOP('',(#4127));
#4127 = ORIENTED_EDGE('',*,*,#4128,.T.);
#4128 = EDGE_CURVE('',#4129,#4129,#4131,.T.);
#4129 = VERTEX_POINT('',#4130);
#4130 = CARTESIAN_POINT('',(-46.6,-75.,0.));
#4131 = SURFACE_CURVE('',#4132,(#4137,#4148),.PCURVE_S1.);
#4132 = CIRCLE('',#4133,1.6);
#4133 = AXIS2_PLACEMENT_3D('',#4134,#4135,#4136);
#4134 = CARTESIAN_POINT('',(-45.,-75.,0.));
#4135 = DIRECTION('',(0.,0.,-1.));
#4136 = DIRECTION('',(-1.,0.,0.));
#4137 = PCURVE('',#100,#4138);
#4138 = DEFINITIONAL_REPRESENTATION('',(#4139),#4147);
#4139 = ( BOUNDED_CURVE() B_SPLINE_CURVE(2,(#4140,#4141,#4142,#4143,
#4144,#4145,#4146),.UNSPECIFIED.,.T.,.F.) B_SPLINE_CURVE_WITH_KNOTS((1,2
    ,2,2,2,1),(-2.094395102393,0.,2.094395102393,4.188790204786,
6.28318530718,8.377580409573),.UNSPECIFIED.) CURVE() 
GEOMETRIC_REPRESENTATION_ITEM() RATIONAL_B_SPLINE_CURVE((1.,0.5,1.,0.5,
1.,0.5,1.)) REPRESENTATION_ITEM('') );
#4140 = CARTESIAN_POINT('',(28.4,15.));
#4141 = CARTESIAN_POINT('',(28.4,17.77128129211));
#4142 = CARTESIAN_POINT('',(30.8,16.385640646055));
#4143 = CARTESIAN_POINT('',(33.2,15.));
#4144 = CARTESIAN_POINT('',(30.8,13.614359353945));
#4145 = CARTESIAN_POINT('',(28.4,12.22871870789));
#4146 = CARTESIAN_POINT('',(28.4,15.));
#4147 = ( GEOMETRIC_REPRESENTATION_CONTEXT(2) 
PARAMETRIC_REPRESENTATION_CONTEXT() REPRESENTATION_CONTEXT('2D SPACE',''
  ) );
#4148 = PCURVE('',#396,#4149);
#4149 = DEFINITIONAL_REPRESENTATION('',(#4150),#4154);
#4150 = LINE('',#4151,#4152);
#4151 = CARTESIAN_POINT('',(0.,4.));
#4152 = VECTOR('',#4153,1.);
#4153 = DIRECTION('',(1.,0.));
#4154 = ( GEOMETRIC_REPRESENTATION_CONTEXT(2) 
PARAMETRIC_REPRESENTATION_CONTEXT() REPRESENTATION_CONTEXT('2D SPACE',''
  ) );
#4155 = FACE_BOUND('',#4156,.F.);
#4156 = EDGE_LOOP('',(#4157,#4183,#4204,#4228));
#4157 = ORIENTED_EDGE('',*,*,#4158,.F.);
#4158 = EDGE_CURVE('',#4159,#4161,#4163,.T.);
#4159 = VERTEX_POINT('',#4160);
#4160 = CARTESIAN_POINT('',(-53.,-59.,0.));
#4161 = VERTEX_POINT('',#4162);
#4162 = CARTESIAN_POINT('',(-53.,-63.,0.));
#4163 = SURFACE_CURVE('',#4164,(#4169,#4176),.PCURVE_S1.);
#4164 = CIRCLE('',#4165,2.);
#4165 = AXIS2_PLACEMENT_3D('',#4166,#4167,#4168);
#4166 = CARTESIAN_POINT('',(-53.,-61.,0.));
#4167 = DIRECTION('',(0.,0.,1.));
#4168 = DIRECTION('',(-0.,-1.,0.));
#4169 = PCURVE('',#100,#4170);
#4170 = DEFINITIONAL_REPRESENTATION('',(#4171),#4175);
#4171 = CIRCLE('',#4172,2.);
#4172 = AXIS2_PLACEMENT_2D('',#4173,#4174);
#4173 = CARTESIAN_POINT('',(22.,29.));
#4174 = DIRECTION('',(0.,-1.));
#4175 = ( GEOMETRIC_REPRESENTATION_CONTEXT(2) 
PARAMETRIC_REPRESENTATION_CONTEXT() REPRESENTATION_CONTEXT('2D SPACE',''
  ) );
#4176 = PCURVE('',#429,#4177);
#4177 = DEFINITIONAL_REPRESENTATION('',(#4178),#4182);
#4178 = LINE('',#4179,#4180);
#4179 = CARTESIAN_POINT('',(-6.28318530718,-184.0000003));
#4180 = VECTOR('',#4181,1.);
#4181 = DIRECTION('',(1.,-0.));
#4182 = ( GEOMETRIC_REPRESENTATION_CONTEXT(2) 
PARAMETRIC_REPRESENTATION_CONTEXT() REPRESENTATION_CONTEXT('2D SPACE',''
  ) );
#4183 = ORIENTED_EDGE('',*,*,#4184,.T.);
#4184 = EDGE_CURVE('',#4159,#4185,#4187,.T.);
#4185 = VERTEX_POINT('',#4186);
#4186 = CARTESIAN_POINT('',(-43.,-59.,0.));
#4187 = SURFACE_CURVE('',#4188,(#4192,#4198),.PCURVE_S1.);
#4188 = LINE('',#4189,#4190);
#4189 = CARTESIAN_POINT('',(-64.,-59.,0.));
#4190 = VECTOR('',#4191,1.);
#4191 = DIRECTION('',(1.,0.,-0.));
#4192 = PCURVE('',#100,#4193);
#4193 = DEFINITIONAL_REPRESENTATION('',(#4194),#4197);
#4194 = B_SPLINE_CURVE_WITH_KNOTS('',1,(#4195,#4196),.UNSPECIFIED.,.F.,
  .F.,(2,2),(11.,21.),.PIECEWISE_BEZIER_KNOTS.);
#4195 = CARTESIAN_POINT('',(22.,31.));
#4196 = CARTESIAN_POINT('',(32.,31.));
#4197 = ( GEOMETRIC_REPRESENTATION_CONTEXT(2) 
PARAMETRIC_REPRESENTATION_CONTEXT() REPRESENTATION_CONTEXT('2D SPACE',''
  ) );
#4198 = PCURVE('',#456,#4199);
#4199 = DEFINITIONAL_REPRESENTATION('',(#4200),#4203);
#4200 = B_SPLINE_CURVE_WITH_KNOTS('',1,(#4201,#4202),.UNSPECIFIED.,.F.,
  .F.,(2,2),(11.,21.),.PIECEWISE_BEZIER_KNOTS.);
#4201 = CARTESIAN_POINT('',(0.,-184.0000003));
#4202 = CARTESIAN_POINT('',(10.,-184.0000003));
#4203 = ( GEOMETRIC_REPRESENTATION_CONTEXT(2) 
PARAMETRIC_REPRESENTATION_CONTEXT() REPRESENTATION_CONTEXT('2D SPACE',''
  ) );
#4204 = ORIENTED_EDGE('',*,*,#4205,.F.);
#4205 = EDGE_CURVE('',#4206,#4185,#4208,.T.);
#4206 = VERTEX_POINT('',#4207);
#4207 = CARTESIAN_POINT('',(-43.,-63.,0.));
#4208 = SURFACE_CURVE('',#4209,(#4214,#4221),.PCURVE_S1.);
#4209 = CIRCLE('',#4210,2.);
#4210 = AXIS2_PLACEMENT_3D('',#4211,#4212,#4213);
#4211 = CARTESIAN_POINT('',(-43.,-61.,0.));
#4212 = DIRECTION('',(0.,-0.,1.));
#4213 = DIRECTION('',(0.,1.,0.));
#4214 = PCURVE('',#100,#4215);
#4215 = DEFINITIONAL_REPRESENTATION('',(#4216),#4220);
#4216 = CIRCLE('',#4217,2.);
#4217 = AXIS2_PLACEMENT_2D('',#4218,#4219);
#4218 = CARTESIAN_POINT('',(32.,29.));
#4219 = DIRECTION('',(0.,1.));
#4220 = ( GEOMETRIC_REPRESENTATION_CONTEXT(2) 
PARAMETRIC_REPRESENTATION_CONTEXT() REPRESENTATION_CONTEXT('2D SPACE',''
  ) );
#4221 = PCURVE('',#484,#4222);
#4222 = DEFINITIONAL_REPRESENTATION('',(#4223),#4227);
#4223 = LINE('',#4224,#4225);
#4224 = CARTESIAN_POINT('',(-6.28318530718,-184.0000003));
#4225 = VECTOR('',#4226,1.);
#4226 = DIRECTION('',(1.,-0.));
#4227 = ( GEOMETRIC_REPRESENTATION_CONTEXT(2) 
PARAMETRIC_REPRESENTATION_CONTEXT() REPRESENTATION_CONTEXT('2D SPACE',''
  ) );
#4228 = ORIENTED_EDGE('',*,*,#4229,.T.);
#4229 = EDGE_CURVE('',#4206,#4161,#4230,.T.);
#4230 = SURFACE_CURVE('',#4231,(#4235,#4241),.PCURVE_S1.);
#4231 = LINE('',#4232,#4233);
#4232 = CARTESIAN_POINT('',(-59.,-63.,0.));
#4233 = VECTOR('',#4234,1.);
#4234 = DIRECTION('',(-1.,0.,0.));
#4235 = PCURVE('',#100,#4236);
#4236 = DEFINITIONAL_REPRESENTATION('',(#4237),#4240);
#4237 = B_SPLINE_CURVE_WITH_KNOTS('',1,(#4238,#4239),.UNSPECIFIED.,.F.,
  .F.,(2,2),(-16.,-6.),.PIECEWISE_BEZIER_KNOTS.);
#4238 = CARTESIAN_POINT('',(32.,27.));
#4239 = CARTESIAN_POINT('',(22.,27.));
#4240 = ( GEOMETRIC_REPRESENTATION_CONTEXT(2) 
PARAMETRIC_REPRESENTATION_CONTEXT() REPRESENTATION_CONTEXT('2D SPACE',''
  ) );
#4241 = PCURVE('',#509,#4242);
#4242 = DEFINITIONAL_REPRESENTATION('',(#4243),#4246);
#4243 = B_SPLINE_CURVE_WITH_KNOTS('',1,(#4244,#4245),.UNSPECIFIED.,.F.,
  .F.,(2,2),(-16.,-6.),.PIECEWISE_BEZIER_KNOTS.);
#4244 = CARTESIAN_POINT('',(0.,-184.0000003));
#4245 = CARTESIAN_POINT('',(10.,-184.0000003));
#4246 = ( GEOMETRIC_REPRESENTATION_CONTEXT(2) 
PARAMETRIC_REPRESENTATION_CONTEXT() REPRESENTATION_CONTEXT('2D SPACE',''
  ) );
#4247 = FACE_BOUND('',#4248,.F.);
#4248 = EDGE_LOOP('',(#4249));
#4249 = ORIENTED_EDGE('',*,*,#4250,.T.);
#4250 = EDGE_CURVE('',#4251,#4251,#4253,.T.);
#4251 = VERTEX_POINT('',#4252);
#4252 = CARTESIAN_POINT('',(-31.6,-75.,0.));
#4253 = SURFACE_CURVE('',#4254,(#4259,#4270),.PCURVE_S1.);
#4254 = CIRCLE('',#4255,1.6);
#4255 = AXIS2_PLACEMENT_3D('',#4256,#4257,#4258);
#4256 = CARTESIAN_POINT('',(-30.,-75.,0.));
#4257 = DIRECTION('',(0.,0.,-1.));
#4258 = DIRECTION('',(-1.,0.,0.));
#4259 = PCURVE('',#100,#4260);
#4260 = DEFINITIONAL_REPRESENTATION('',(#4261),#4269);
#4261 = ( BOUNDED_CURVE() B_SPLINE_CURVE(2,(#4262,#4263,#4264,#4265,
#4266,#4267,#4268),.UNSPECIFIED.,.T.,.F.) B_SPLINE_CURVE_WITH_KNOTS((1,2
    ,2,2,2,1),(-2.094395102393,0.,2.094395102393,4.188790204786,
6.28318530718,8.377580409573),.UNSPECIFIED.) CURVE() 
GEOMETRIC_REPRESENTATION_ITEM() RATIONAL_B_SPLINE_CURVE((1.,0.5,1.,0.5,
1.,0.5,1.)) REPRESENTATION_ITEM('') );
#4262 = CARTESIAN_POINT('',(43.4,15.));
#4263 = CARTESIAN_POINT('',(43.4,17.77128129211));
#4264 = CARTESIAN_POINT('',(45.8,16.385640646055));
#4265 = CARTESIAN_POINT('',(48.2,15.));
#4266 = CARTESIAN_POINT('',(45.8,13.614359353945));
#4267 = CARTESIAN_POINT('',(43.4,12.22871870789));
#4268 = CARTESIAN_POINT('',(43.4,15.));
#4269 = ( GEOMETRIC_REPRESENTATION_CONTEXT(2) 
PARAMETRIC_REPRESENTATION_CONTEXT() REPRESENTATION_CONTEXT('2D SPACE',''
  ) );
#4270 = PCURVE('',#543,#4271);
#4271 = DEFINITIONAL_REPRESENTATION('',(#4272),#4276);
#4272 = LINE('',#4273,#4274);
#4273 = CARTESIAN_POINT('',(0.,4.));
#4274 = VECTOR('',#4275,1.);
#4275 = DIRECTION('',(1.,0.));
#4276 = ( GEOMETRIC_REPRESENTATION_CONTEXT(2) 
PARAMETRIC_REPRESENTATION_CONTEXT() REPRESENTATION_CONTEXT('2D SPACE',''
  ) );
#4277 = FACE_BOUND('',#4278,.F.);
#4278 = EDGE_LOOP('',(#4279));
#4279 = ORIENTED_EDGE('',*,*,#4280,.T.);
#4280 = EDGE_CURVE('',#4281,#4281,#4283,.T.);
#4281 = VERTEX_POINT('',#4282);
#4282 = CARTESIAN_POINT('',(-31.6,-60.,0.));
#4283 = SURFACE_CURVE('',#4284,(#4289,#4300),.PCURVE_S1.);
#4284 = CIRCLE('',#4285,1.6);
#4285 = AXIS2_PLACEMENT_3D('',#4286,#4287,#4288);
#4286 = CARTESIAN_POINT('',(-30.,-60.,0.));
#4287 = DIRECTION('',(0.,0.,-1.));
#4288 = DIRECTION('',(-1.,0.,0.));
#4289 = PCURVE('',#100,#4290);
#4290 = DEFINITIONAL_REPRESENTATION('',(#4291),#4299);
#4291 = ( BOUNDED_CURVE() B_SPLINE_CURVE(2,(#4292,#4293,#4294,#4295,
#4296,#4297,#4298),.UNSPECIFIED.,.T.,.F.) B_SPLINE_CURVE_WITH_KNOTS((1,2
    ,2,2,2,1),(-2.094395102393,0.,2.094395102393,4.188790204786,
6.28318530718,8.377580409573),.UNSPECIFIED.) CURVE() 
GEOMETRIC_REPRESENTATION_ITEM() RATIONAL_B_SPLINE_CURVE((1.,0.5,1.,0.5,
1.,0.5,1.)) REPRESENTATION_ITEM('') );
#4292 = CARTESIAN_POINT('',(43.4,30.));
#4293 = CARTESIAN_POINT('',(43.4,32.77128129211));
#4294 = CARTESIAN_POINT('',(45.8,31.385640646055));
#4295 = CARTESIAN_POINT('',(48.2,30.));
#4296 = CARTESIAN_POINT('',(45.8,28.614359353945));
#4297 = CARTESIAN_POINT('',(43.4,27.22871870789));
#4298 = CARTESIAN_POINT('',(43.4,30.));
#4299 = ( GEOMETRIC_REPRESENTATION_CONTEXT(2) 
PARAMETRIC_REPRESENTATION_CONTEXT() REPRESENTATION_CONTEXT('2D SPACE',''
  ) );
#4300 = PCURVE('',#578,#4301);
#4301 = DEFINITIONAL_REPRESENTATION('',(#4302),#4306);
#4302 = LINE('',#4303,#4304);
#4303 = CARTESIAN_POINT('',(0.,4.));
#4304 = VECTOR('',#4305,1.);
#4305 = DIRECTION('',(1.,0.));
#4306 = ( GEOMETRIC_REPRESENTATION_CONTEXT(2) 
PARAMETRIC_REPRESENTATION_CONTEXT() REPRESENTATION_CONTEXT('2D SPACE',''
  ) );
#4307 = FACE_BOUND('',#4308,.F.);
#4308 = EDGE_LOOP('',(#4309));
#4309 = ORIENTED_EDGE('',*,*,#4310,.T.);
#4310 = EDGE_CURVE('',#4311,#4311,#4313,.T.);
#4311 = VERTEX_POINT('',#4312);
#4312 = CARTESIAN_POINT('',(-16.6,-75.,0.));
#4313 = SURFACE_CURVE('',#4314,(#4319,#4330),.PCURVE_S1.);
#4314 = CIRCLE('',#4315,1.6);
#4315 = AXIS2_PLACEMENT_3D('',#4316,#4317,#4318);
#4316 = CARTESIAN_POINT('',(-15.,-75.,0.));
#4317 = DIRECTION('',(0.,0.,-1.));
#4318 = DIRECTION('',(-1.,0.,0.));
#4319 = PCURVE('',#100,#4320);
#4320 = DEFINITIONAL_REPRESENTATION('',(#4321),#4329);
#4321 = ( BOUNDED_CURVE() B_SPLINE_CURVE(2,(#4322,#4323,#4324,#4325,
#4326,#4327,#4328),.UNSPECIFIED.,.T.,.F.) B_SPLINE_CURVE_WITH_KNOTS((1,2
    ,2,2,2,1),(-2.094395102393,0.,2.094395102393,4.188790204786,
6.28318530718,8.377580409573),.UNSPECIFIED.) CURVE() 
GEOMETRIC_REPRESENTATION_ITEM() RATIONAL_B_SPLINE_CURVE((1.,0.5,1.,0.5,
1.,0.5,1.)) REPRESENTATION_ITEM('') );
#4322 = CARTESIAN_POINT('',(58.4,15.));
#4323 = CARTESIAN_POINT('',(58.4,17.77128129211));
#4324 = CARTESIAN_POINT('',(60.8,16.385640646055));
#4325 = CARTESIAN_POINT('',(63.2,15.));
#4326 = CARTESIAN_POINT('',(60.8,13.614359353945));
#4327 = CARTESIAN_POINT('',(58.4,12.22871870789));
#4328 = CARTESIAN_POINT('',(58.4,15.));
#4329 = ( GEOMETRIC_REPRESENTATION_CONTEXT(2) 
PARAMETRIC_REPRESENTATION_CONTEXT() REPRESENTATION_CONTEXT('2D SPACE',''
  ) );
#4330 = PCURVE('',#613,#4331);
#4331 = DEFINITIONAL_REPRESENTATION('',(#4332),#4336);
#4332 = LINE('',#4333,#4334);
#4333 = CARTESIAN_POINT('',(0.,4.));
#4334 = VECTOR('',#4335,1.);
#4335 = DIRECTION('',(1.,0.));
#4336 = ( GEOMETRIC_REPRESENTATION_CONTEXT(2) 
PARAMETRIC_REPRESENTATION_CONTEXT() REPRESENTATION_CONTEXT('2D SPACE',''
  ) );
#4337 = FACE_BOUND('',#4338,.F.);
#4338 = EDGE_LOOP('',(#4339));
#4339 = ORIENTED_EDGE('',*,*,#4340,.T.);
#4340 = EDGE_CURVE('',#4341,#4341,#4343,.T.);
#4341 = VERTEX_POINT('',#4342);
#4342 = CARTESIAN_POINT('',(-16.6,-60.,0.));
#4343 = SURFACE_CURVE('',#4344,(#4349,#4360),.PCURVE_S1.);
#4344 = CIRCLE('',#4345,1.6);
#4345 = AXIS2_PLACEMENT_3D('',#4346,#4347,#4348);
#4346 = CARTESIAN_POINT('',(-15.,-60.,0.));
#4347 = DIRECTION('',(0.,0.,-1.));
#4348 = DIRECTION('',(-1.,0.,0.));
#4349 = PCURVE('',#100,#4350);
#4350 = DEFINITIONAL_REPRESENTATION('',(#4351),#4359);
#4351 = ( BOUNDED_CURVE() B_SPLINE_CURVE(2,(#4352,#4353,#4354,#4355,
#4356,#4357,#4358),.UNSPECIFIED.,.T.,.F.) B_SPLINE_CURVE_WITH_KNOTS((1,2
    ,2,2,2,1),(-2.094395102393,0.,2.094395102393,4.188790204786,
6.28318530718,8.377580409573),.UNSPECIFIED.) CURVE() 
GEOMETRIC_REPRESENTATION_ITEM() RATIONAL_B_SPLINE_CURVE((1.,0.5,1.,0.5,
1.,0.5,1.)) REPRESENTATION_ITEM('') );
#4352 = CARTESIAN_POINT('',(58.4,30.));
#4353 = CARTESIAN_POINT('',(58.4,32.77128129211));
#4354 = CARTESIAN_POINT('',(60.8,31.385640646055));
#4355 = CARTESIAN_POINT('',(63.2,30.));
#4356 = CARTESIAN_POINT('',(60.8,28.614359353945));
#4357 = CARTESIAN_POINT('',(58.4,27.22871870789));
#4358 = CARTESIAN_POINT('',(58.4,30.));
#4359 = ( GEOMETRIC_REPRESENTATION_CONTEXT(2) 
PARAMETRIC_REPRESENTATION_CONTEXT() REPRESENTATION_CONTEXT('2D SPACE',''
  ) );
#4360 = PCURVE('',#648,#4361);
#4361 = DEFINITIONAL_REPRESENTATION('',(#4362),#4366);
#4362 = LINE('',#4363,#4364);
#4363 = CARTESIAN_POINT('',(0.,4.));
#4364 = VECTOR('',#4365,1.);
#4365 = DIRECTION('',(1.,0.));
#4366 = ( GEOMETRIC_REPRESENTATION_CONTEXT(2) 
PARAMETRIC_REPRESENTATION_CONTEXT() REPRESENTATION_CONTEXT('2D SPACE',''
  ) );
#4367 = FACE_BOUND('',#4368,.F.);
#4368 = EDGE_LOOP('',(#4369));
#4369 = ORIENTED_EDGE('',*,*,#4370,.T.);
#4370 = EDGE_CURVE('',#4371,#4371,#4373,.T.);
#4371 = VERTEX_POINT('',#4372);
#4372 = CARTESIAN_POINT('',(-31.6,-45.,0.));
#4373 = SURFACE_CURVE('',#4374,(#4379,#4390),.PCURVE_S1.);
#4374 = CIRCLE('',#4375,1.6);
#4375 = AXIS2_PLACEMENT_3D('',#4376,#4377,#4378);
#4376 = CARTESIAN_POINT('',(-30.,-45.,0.));
#4377 = DIRECTION('',(0.,0.,-1.));
#4378 = DIRECTION('',(-1.,0.,0.));
#4379 = PCURVE('',#100,#4380);
#4380 = DEFINITIONAL_REPRESENTATION('',(#4381),#4389);
#4381 = ( BOUNDED_CURVE() B_SPLINE_CURVE(2,(#4382,#4383,#4384,#4385,
#4386,#4387,#4388),.UNSPECIFIED.,.T.,.F.) B_SPLINE_CURVE_WITH_KNOTS((1,2
    ,2,2,2,1),(-2.094395102393,0.,2.094395102393,4.188790204786,
6.28318530718,8.377580409573),.UNSPECIFIED.) CURVE() 
GEOMETRIC_REPRESENTATION_ITEM() RATIONAL_B_SPLINE_CURVE((1.,0.5,1.,0.5,
1.,0.5,1.)) REPRESENTATION_ITEM('') );
#4382 = CARTESIAN_POINT('',(43.4,45.));
#4383 = CARTESIAN_POINT('',(43.4,47.77128129211));
#4384 = CARTESIAN_POINT('',(45.8,46.385640646055));
#4385 = CARTESIAN_POINT('',(48.2,45.));
#4386 = CARTESIAN_POINT('',(45.8,43.614359353945));
#4387 = CARTESIAN_POINT('',(43.4,42.22871870789));
#4388 = CARTESIAN_POINT('',(43.4,45.));
#4389 = ( GEOMETRIC_REPRESENTATION_CONTEXT(2) 
PARAMETRIC_REPRESENTATION_CONTEXT() REPRESENTATION_CONTEXT('2D SPACE',''
  ) );
#4390 = PCURVE('',#683,#4391);
#4391 = DEFINITIONAL_REPRESENTATION('',(#4392),#4396);
#4392 = LINE('',#4393,#4394);
#4393 = CARTESIAN_POINT('',(0.,4.));
#4394 = VECTOR('',#4395,1.);
#4395 = DIRECTION('',(1.,0.));
#4396 = ( GEOMETRIC_REPRESENTATION_CONTEXT(2) 
PARAMETRIC_REPRESENTATION_CONTEXT() REPRESENTATION_CONTEXT('2D SPACE',''
  ) );
#4397 = FACE_BOUND('',#4398,.F.);
#4398 = EDGE_LOOP('',(#4399));
#4399 = ORIENTED_EDGE('',*,*,#4400,.T.);
#4400 = EDGE_CURVE('',#4401,#4401,#4403,.T.);
#4401 = VERTEX_POINT('',#4402);
#4402 = CARTESIAN_POINT('',(-16.6,-45.,0.));
#4403 = SURFACE_CURVE('',#4404,(#4409,#4420),.PCURVE_S1.);
#4404 = CIRCLE('',#4405,1.6);
#4405 = AXIS2_PLACEMENT_3D('',#4406,#4407,#4408);
#4406 = CARTESIAN_POINT('',(-15.,-45.,0.));
#4407 = DIRECTION('',(0.,0.,-1.));
#4408 = DIRECTION('',(-1.,0.,0.));
#4409 = PCURVE('',#100,#4410);
#4410 = DEFINITIONAL_REPRESENTATION('',(#4411),#4419);
#4411 = ( BOUNDED_CURVE() B_SPLINE_CURVE(2,(#4412,#4413,#4414,#4415,
#4416,#4417,#4418),.UNSPECIFIED.,.T.,.F.) B_SPLINE_CURVE_WITH_KNOTS((1,2
    ,2,2,2,1),(-2.094395102393,0.,2.094395102393,4.188790204786,
6.28318530718,8.377580409573),.UNSPECIFIED.) CURVE() 
GEOMETRIC_REPRESENTATION_ITEM() RATIONAL_B_SPLINE_CURVE((1.,0.5,1.,0.5,
1.,0.5,1.)) REPRESENTATION_ITEM('') );
#4412 = CARTESIAN_POINT('',(58.4,45.));
#4413 = CARTESIAN_POINT('',(58.4,47.77128129211));
#4414 = CARTESIAN_POINT('',(60.8,46.385640646055));
#4415 = CARTESIAN_POINT('',(63.2,45.));
#4416 = CARTESIAN_POINT('',(60.8,43.614359353945));
#4417 = CARTESIAN_POINT('',(58.4,42.22871870789));
#4418 = CARTESIAN_POINT('',(58.4,45.));
#4419 = ( GEOMETRIC_REPRESENTATION_CONTEXT(2) 
PARAMETRIC_REPRESENTATION_CONTEXT() REPRESENTATION_CONTEXT('2D SPACE',''
  ) );
#4420 = PCURVE('',#718,#4421);
#4421 = DEFINITIONAL_REPRESENTATION('',(#4422),#4426);
#4422 = LINE('',#4423,#4424);
#4423 = CARTESIAN_POINT('',(0.,4.));
#4424 = VECTOR('',#4425,1.);
#4425 = DIRECTION('',(1.,0.));
#4426 = ( GEOMETRIC_REPRESENTATION_CONTEXT(2) 
PARAMETRIC_REPRESENTATION_CONTEXT() REPRESENTATION_CONTEXT('2D SPACE',''
  ) );
#4427 = FACE_BOUND('',#4428,.F.);
#4428 = EDGE_LOOP('',(#4429,#4455,#4476,#4500));
#4429 = ORIENTED_EDGE('',*,*,#4430,.F.);
#4430 = EDGE_CURVE('',#4431,#4433,#4435,.T.);
#4431 = VERTEX_POINT('',#4432);
#4432 = CARTESIAN_POINT('',(-53.,-27.,0.));
#4433 = VERTEX_POINT('',#4434);
#4434 = CARTESIAN_POINT('',(-53.,-31.,0.));
#4435 = SURFACE_CURVE('',#4436,(#4441,#4448),.PCURVE_S1.);
#4436 = CIRCLE('',#4437,2.);
#4437 = AXIS2_PLACEMENT_3D('',#4438,#4439,#4440);
#4438 = CARTESIAN_POINT('',(-53.,-29.,0.));
#4439 = DIRECTION('',(0.,0.,1.));
#4440 = DIRECTION('',(-0.,-1.,0.));
#4441 = PCURVE('',#100,#4442);
#4442 = DEFINITIONAL_REPRESENTATION('',(#4443),#4447);
#4443 = CIRCLE('',#4444,2.);
#4444 = AXIS2_PLACEMENT_2D('',#4445,#4446);
#4445 = CARTESIAN_POINT('',(22.,61.));
#4446 = DIRECTION('',(0.,-1.));
#4447 = ( GEOMETRIC_REPRESENTATION_CONTEXT(2) 
PARAMETRIC_REPRESENTATION_CONTEXT() REPRESENTATION_CONTEXT('2D SPACE',''
  ) );
#4448 = PCURVE('',#751,#4449);
#4449 = DEFINITIONAL_REPRESENTATION('',(#4450),#4454);
#4450 = LINE('',#4451,#4452);
#4451 = CARTESIAN_POINT('',(-6.28318530718,-184.0000003));
#4452 = VECTOR('',#4453,1.);
#4453 = DIRECTION('',(1.,-0.));
#4454 = ( GEOMETRIC_REPRESENTATION_CONTEXT(2) 
PARAMETRIC_REPRESENTATION_CONTEXT() REPRESENTATION_CONTEXT('2D SPACE',''
  ) );
#4455 = ORIENTED_EDGE('',*,*,#4456,.T.);
#4456 = EDGE_CURVE('',#4431,#4457,#4459,.T.);
#4457 = VERTEX_POINT('',#4458);
#4458 = CARTESIAN_POINT('',(-43.,-27.,0.));
#4459 = SURFACE_CURVE('',#4460,(#4464,#4470),.PCURVE_S1.);
#4460 = LINE('',#4461,#4462);
#4461 = CARTESIAN_POINT('',(-64.,-27.,0.));
#4462 = VECTOR('',#4463,1.);
#4463 = DIRECTION('',(1.,0.,-0.));
#4464 = PCURVE('',#100,#4465);
#4465 = DEFINITIONAL_REPRESENTATION('',(#4466),#4469);
#4466 = B_SPLINE_CURVE_WITH_KNOTS('',1,(#4467,#4468),.UNSPECIFIED.,.F.,
  .F.,(2,2),(11.,21.),.PIECEWISE_BEZIER_KNOTS.);
#4467 = CARTESIAN_POINT('',(22.,63.));
#4468 = CARTESIAN_POINT('',(32.,63.));
#4469 = ( GEOMETRIC_REPRESENTATION_CONTEXT(2) 
PARAMETRIC_REPRESENTATION_CONTEXT() REPRESENTATION_CONTEXT('2D SPACE',''
  ) );
#4470 = PCURVE('',#778,#4471);
#4471 = DEFINITIONAL_REPRESENTATION('',(#4472),#4475);
#4472 = B_SPLINE_CURVE_WITH_KNOTS('',1,(#4473,#4474),.UNSPECIFIED.,.F.,
  .F.,(2,2),(11.,21.),.PIECEWISE_BEZIER_KNOTS.);
#4473 = CARTESIAN_POINT('',(0.,-184.0000003));
#4474 = CARTESIAN_POINT('',(10.,-184.0000003));
#4475 = ( GEOMETRIC_REPRESENTATION_CONTEXT(2) 
PARAMETRIC_REPRESENTATION_CONTEXT() REPRESENTATION_CONTEXT('2D SPACE',''
  ) );
#4476 = ORIENTED_EDGE('',*,*,#4477,.F.);
#4477 = EDGE_CURVE('',#4478,#4457,#4480,.T.);
#4478 = VERTEX_POINT('',#4479);
#4479 = CARTESIAN_POINT('',(-43.,-31.,0.));
#4480 = SURFACE_CURVE('',#4481,(#4486,#4493),.PCURVE_S1.);
#4481 = CIRCLE('',#4482,2.);
#4482 = AXIS2_PLACEMENT_3D('',#4483,#4484,#4485);
#4483 = CARTESIAN_POINT('',(-43.,-29.,0.));
#4484 = DIRECTION('',(0.,-0.,1.));
#4485 = DIRECTION('',(0.,1.,0.));
#4486 = PCURVE('',#100,#4487);
#4487 = DEFINITIONAL_REPRESENTATION('',(#4488),#4492);
#4488 = CIRCLE('',#4489,2.);
#4489 = AXIS2_PLACEMENT_2D('',#4490,#4491);
#4490 = CARTESIAN_POINT('',(32.,61.));
#4491 = DIRECTION('',(0.,1.));
#4492 = ( GEOMETRIC_REPRESENTATION_CONTEXT(2) 
PARAMETRIC_REPRESENTATION_CONTEXT() REPRESENTATION_CONTEXT('2D SPACE',''
  ) );
#4493 = PCURVE('',#806,#4494);
#4494 = DEFINITIONAL_REPRESENTATION('',(#4495),#4499);
#4495 = LINE('',#4496,#4497);
#4496 = CARTESIAN_POINT('',(-6.28318530718,-184.0000003));
#4497 = VECTOR('',#4498,1.);
#4498 = DIRECTION('',(1.,-0.));
#4499 = ( GEOMETRIC_REPRESENTATION_CONTEXT(2) 
PARAMETRIC_REPRESENTATION_CONTEXT() REPRESENTATION_CONTEXT('2D SPACE',''
  ) );
#4500 = ORIENTED_EDGE('',*,*,#4501,.T.);
#4501 = EDGE_CURVE('',#4478,#4433,#4502,.T.);
#4502 = SURFACE_CURVE('',#4503,(#4507,#4513),.PCURVE_S1.);
#4503 = LINE('',#4504,#4505);
#4504 = CARTESIAN_POINT('',(-59.,-31.,0.));
#4505 = VECTOR('',#4506,1.);
#4506 = DIRECTION('',(-1.,0.,0.));
#4507 = PCURVE('',#100,#4508);
#4508 = DEFINITIONAL_REPRESENTATION('',(#4509),#4512);
#4509 = B_SPLINE_CURVE_WITH_KNOTS('',1,(#4510,#4511),.UNSPECIFIED.,.F.,
  .F.,(2,2),(-16.,-6.),.PIECEWISE_BEZIER_KNOTS.);
#4510 = CARTESIAN_POINT('',(32.,59.));
#4511 = CARTESIAN_POINT('',(22.,59.));
#4512 = ( GEOMETRIC_REPRESENTATION_CONTEXT(2) 
PARAMETRIC_REPRESENTATION_CONTEXT() REPRESENTATION_CONTEXT('2D SPACE',''
  ) );
#4513 = PCURVE('',#831,#4514);
#4514 = DEFINITIONAL_REPRESENTATION('',(#4515),#4518);
#4515 = B_SPLINE_CURVE_WITH_KNOTS('',1,(#4516,#4517),.UNSPECIFIED.,.F.,
  .F.,(2,2),(-16.,-6.),.PIECEWISE_BEZIER_KNOTS.);
#4516 = CARTESIAN_POINT('',(0.,-184.0000003));
#4517 = CARTESIAN_POINT('',(10.,-184.0000003));
#4518 = ( GEOMETRIC_REPRESENTATION_CONTEXT(2) 
PARAMETRIC_REPRESENTATION_CONTEXT() REPRESENTATION_CONTEXT('2D SPACE',''
  ) );
#4519 = FACE_BOUND('',#4520,.F.);
#4520 = EDGE_LOOP('',(#4521));
#4521 = ORIENTED_EDGE('',*,*,#4522,.T.);
#4522 = EDGE_CURVE('',#4523,#4523,#4525,.T.);
#4523 = VERTEX_POINT('',#4524);
#4524 = CARTESIAN_POINT('',(-67.6,-11.,0.));
#4525 = SURFACE_CURVE('',#4526,(#4531,#4542),.PCURVE_S1.);
#4526 = CIRCLE('',#4527,1.6);
#4527 = AXIS2_PLACEMENT_3D('',#4528,#4529,#4530);
#4528 = CARTESIAN_POINT('',(-66.,-11.,0.));
#4529 = DIRECTION('',(0.,0.,-1.));
#4530 = DIRECTION('',(-1.,0.,0.));
#4531 = PCURVE('',#100,#4532);
#4532 = DEFINITIONAL_REPRESENTATION('',(#4533),#4541);
#4533 = ( BOUNDED_CURVE() B_SPLINE_CURVE(2,(#4534,#4535,#4536,#4537,
#4538,#4539,#4540),.UNSPECIFIED.,.T.,.F.) B_SPLINE_CURVE_WITH_KNOTS((1,2
    ,2,2,2,1),(-2.094395102393,0.,2.094395102393,4.188790204786,
6.28318530718,8.377580409573),.UNSPECIFIED.) CURVE() 
GEOMETRIC_REPRESENTATION_ITEM() RATIONAL_B_SPLINE_CURVE((1.,0.5,1.,0.5,
1.,0.5,1.)) REPRESENTATION_ITEM('') );
#4534 = CARTESIAN_POINT('',(7.4,79.));
#4535 = CARTESIAN_POINT('',(7.4,81.77128129211));
#4536 = CARTESIAN_POINT('',(9.8,80.385640646055));
#4537 = CARTESIAN_POINT('',(12.2,79.));
#4538 = CARTESIAN_POINT('',(9.8,77.614359353945));
#4539 = CARTESIAN_POINT('',(7.4,76.22871870789));
#4540 = CARTESIAN_POINT('',(7.4,79.));
#4541 = ( GEOMETRIC_REPRESENTATION_CONTEXT(2) 
PARAMETRIC_REPRESENTATION_CONTEXT() REPRESENTATION_CONTEXT('2D SPACE',''
  ) );
#4542 = PCURVE('',#865,#4543);
#4543 = DEFINITIONAL_REPRESENTATION('',(#4544),#4548);
#4544 = LINE('',#4545,#4546);
#4545 = CARTESIAN_POINT('',(0.,4.));
#4546 = VECTOR('',#4547,1.);
#4547 = DIRECTION('',(1.,0.));
#4548 = ( GEOMETRIC_REPRESENTATION_CONTEXT(2) 
PARAMETRIC_REPRESENTATION_CONTEXT() REPRESENTATION_CONTEXT('2D SPACE',''
  ) );
#4549 = FACE_BOUND('',#4550,.F.);
#4550 = EDGE_LOOP('',(#4551));
#4551 = ORIENTED_EDGE('',*,*,#4552,.T.);
#4552 = EDGE_CURVE('',#4553,#4553,#4555,.T.);
#4553 = VERTEX_POINT('',#4554);
#4554 = CARTESIAN_POINT('',(-61.6,-15.,0.));
#4555 = SURFACE_CURVE('',#4556,(#4561,#4572),.PCURVE_S1.);
#4556 = CIRCLE('',#4557,1.6);
#4557 = AXIS2_PLACEMENT_3D('',#4558,#4559,#4560);
#4558 = CARTESIAN_POINT('',(-60.,-15.,0.));
#4559 = DIRECTION('',(0.,0.,-1.));
#4560 = DIRECTION('',(-1.,0.,0.));
#4561 = PCURVE('',#100,#4562);
#4562 = DEFINITIONAL_REPRESENTATION('',(#4563),#4571);
#4563 = ( BOUNDED_CURVE() B_SPLINE_CURVE(2,(#4564,#4565,#4566,#4567,
#4568,#4569,#4570),.UNSPECIFIED.,.T.,.F.) B_SPLINE_CURVE_WITH_KNOTS((1,2
    ,2,2,2,1),(-2.094395102393,0.,2.094395102393,4.188790204786,
6.28318530718,8.377580409573),.UNSPECIFIED.) CURVE() 
GEOMETRIC_REPRESENTATION_ITEM() RATIONAL_B_SPLINE_CURVE((1.,0.5,1.,0.5,
1.,0.5,1.)) REPRESENTATION_ITEM('') );
#4564 = CARTESIAN_POINT('',(13.4,75.));
#4565 = CARTESIAN_POINT('',(13.4,77.77128129211));
#4566 = CARTESIAN_POINT('',(15.8,76.385640646055));
#4567 = CARTESIAN_POINT('',(18.2,75.));
#4568 = CARTESIAN_POINT('',(15.8,73.614359353945));
#4569 = CARTESIAN_POINT('',(13.4,72.22871870789));
#4570 = CARTESIAN_POINT('',(13.4,75.));
#4571 = ( GEOMETRIC_REPRESENTATION_CONTEXT(2) 
PARAMETRIC_REPRESENTATION_CONTEXT() REPRESENTATION_CONTEXT('2D SPACE',''
  ) );
#4572 = PCURVE('',#900,#4573);
#4573 = DEFINITIONAL_REPRESENTATION('',(#4574),#4578);
#4574 = LINE('',#4575,#4576);
#4575 = CARTESIAN_POINT('',(0.,4.));
#4576 = VECTOR('',#4577,1.);
#4577 = DIRECTION('',(1.,0.));
#4578 = ( GEOMETRIC_REPRESENTATION_CONTEXT(2) 
PARAMETRIC_REPRESENTATION_CONTEXT() REPRESENTATION_CONTEXT('2D SPACE',''
  ) );
#4579 = FACE_BOUND('',#4580,.F.);
#4580 = EDGE_LOOP('',(#4581));
#4581 = ORIENTED_EDGE('',*,*,#4582,.T.);
#4582 = EDGE_CURVE('',#4583,#4583,#4585,.T.);
#4583 = VERTEX_POINT('',#4584);
#4584 = CARTESIAN_POINT('',(-61.6,-3.918869757272E-16,0.));
#4585 = SURFACE_CURVE('',#4586,(#4591,#4602),.PCURVE_S1.);
#4586 = CIRCLE('',#4587,1.6);
#4587 = AXIS2_PLACEMENT_3D('',#4588,#4589,#4590);
#4588 = CARTESIAN_POINT('',(-60.,0.,0.));
#4589 = DIRECTION('',(0.,0.,-1.));
#4590 = DIRECTION('',(-1.,0.,0.));
#4591 = PCURVE('',#100,#4592);
#4592 = DEFINITIONAL_REPRESENTATION('',(#4593),#4601);
#4593 = ( BOUNDED_CURVE() B_SPLINE_CURVE(2,(#4594,#4595,#4596,#4597,
#4598,#4599,#4600),.UNSPECIFIED.,.T.,.F.) B_SPLINE_CURVE_WITH_KNOTS((1,2
    ,2,2,2,1),(-2.094395102393,0.,2.094395102393,4.188790204786,
6.28318530718,8.377580409573),.UNSPECIFIED.) CURVE() 
GEOMETRIC_REPRESENTATION_ITEM() RATIONAL_B_SPLINE_CURVE((1.,0.5,1.,0.5,
1.,0.5,1.)) REPRESENTATION_ITEM('') );
#4594 = CARTESIAN_POINT('',(13.4,90.));
#4595 = CARTESIAN_POINT('',(13.4,92.77128129211));
#4596 = CARTESIAN_POINT('',(15.8,91.385640646055));
#4597 = CARTESIAN_POINT('',(18.2,90.));
#4598 = CARTESIAN_POINT('',(15.8,88.614359353945));
#4599 = CARTESIAN_POINT('',(13.4,87.22871870789));
#4600 = CARTESIAN_POINT('',(13.4,90.));
#4601 = ( GEOMETRIC_REPRESENTATION_CONTEXT(2) 
PARAMETRIC_REPRESENTATION_CONTEXT() REPRESENTATION_CONTEXT('2D SPACE',''
  ) );
#4602 = PCURVE('',#935,#4603);
#4603 = DEFINITIONAL_REPRESENTATION('',(#4604),#4608);
#4604 = LINE('',#4605,#4606);
#4605 = CARTESIAN_POINT('',(0.,4.));
#4606 = VECTOR('',#4607,1.);
#4607 = DIRECTION('',(1.,0.));
#4608 = ( GEOMETRIC_REPRESENTATION_CONTEXT(2) 
PARAMETRIC_REPRESENTATION_CONTEXT() REPRESENTATION_CONTEXT('2D SPACE',''
  ) );
#4609 = FACE_BOUND('',#4610,.F.);
#4610 = EDGE_LOOP('',(#4611));
#4611 = ORIENTED_EDGE('',*,*,#4612,.T.);
#4612 = EDGE_CURVE('',#4613,#4613,#4615,.T.);
#4613 = VERTEX_POINT('',#4614);
#4614 = CARTESIAN_POINT('',(-46.6,-15.,0.));
#4615 = SURFACE_CURVE('',#4616,(#4621,#4632),.PCURVE_S1.);
#4616 = CIRCLE('',#4617,1.6);
#4617 = AXIS2_PLACEMENT_3D('',#4618,#4619,#4620);
#4618 = CARTESIAN_POINT('',(-45.,-15.,0.));
#4619 = DIRECTION('',(0.,0.,-1.));
#4620 = DIRECTION('',(-1.,0.,0.));
#4621 = PCURVE('',#100,#4622);
#4622 = DEFINITIONAL_REPRESENTATION('',(#4623),#4631);
#4623 = ( BOUNDED_CURVE() B_SPLINE_CURVE(2,(#4624,#4625,#4626,#4627,
#4628,#4629,#4630),.UNSPECIFIED.,.T.,.F.) B_SPLINE_CURVE_WITH_KNOTS((1,2
    ,2,2,2,1),(-2.094395102393,0.,2.094395102393,4.188790204786,
6.28318530718,8.377580409573),.UNSPECIFIED.) CURVE() 
GEOMETRIC_REPRESENTATION_ITEM() RATIONAL_B_SPLINE_CURVE((1.,0.5,1.,0.5,
1.,0.5,1.)) REPRESENTATION_ITEM('') );
#4624 = CARTESIAN_POINT('',(28.4,75.));
#4625 = CARTESIAN_POINT('',(28.4,77.77128129211));
#4626 = CARTESIAN_POINT('',(30.8,76.385640646055));
#4627 = CARTESIAN_POINT('',(33.2,75.));
#4628 = CARTESIAN_POINT('',(30.8,73.614359353945));
#4629 = CARTESIAN_POINT('',(28.4,72.22871870789));
#4630 = CARTESIAN_POINT('',(28.4,75.));
#4631 = ( GEOMETRIC_REPRESENTATION_CONTEXT(2) 
PARAMETRIC_REPRESENTATION_CONTEXT() REPRESENTATION_CONTEXT('2D SPACE',''
  ) );
#4632 = PCURVE('',#970,#4633);
#4633 = DEFINITIONAL_REPRESENTATION('',(#4634),#4638);
#4634 = LINE('',#4635,#4636);
#4635 = CARTESIAN_POINT('',(0.,4.));
#4636 = VECTOR('',#4637,1.);
#4637 = DIRECTION('',(1.,0.));
#4638 = ( GEOMETRIC_REPRESENTATION_CONTEXT(2) 
PARAMETRIC_REPRESENTATION_CONTEXT() REPRESENTATION_CONTEXT('2D SPACE',''
  ) );
#4639 = FACE_BOUND('',#4640,.F.);
#4640 = EDGE_LOOP('',(#4641));
#4641 = ORIENTED_EDGE('',*,*,#4642,.T.);
#4642 = EDGE_CURVE('',#4643,#4643,#4645,.T.);
#4643 = VERTEX_POINT('',#4644);
#4644 = CARTESIAN_POINT('',(-46.6,-3.918869757272E-16,0.));
#4645 = SURFACE_CURVE('',#4646,(#4651,#4662),.PCURVE_S1.);
#4646 = CIRCLE('',#4647,1.6);
#4647 = AXIS2_PLACEMENT_3D('',#4648,#4649,#4650);
#4648 = CARTESIAN_POINT('',(-45.,0.,0.));
#4649 = DIRECTION('',(0.,0.,-1.));
#4650 = DIRECTION('',(-1.,0.,0.));
#4651 = PCURVE('',#100,#4652);
#4652 = DEFINITIONAL_REPRESENTATION('',(#4653),#4661);
#4653 = ( BOUNDED_CURVE() B_SPLINE_CURVE(2,(#4654,#4655,#4656,#4657,
#4658,#4659,#4660),.UNSPECIFIED.,.T.,.F.) B_SPLINE_CURVE_WITH_KNOTS((1,2
    ,2,2,2,1),(-2.094395102393,0.,2.094395102393,4.188790204786,
6.28318530718,8.377580409573),.UNSPECIFIED.) CURVE() 
GEOMETRIC_REPRESENTATION_ITEM() RATIONAL_B_SPLINE_CURVE((1.,0.5,1.,0.5,
1.,0.5,1.)) REPRESENTATION_ITEM('') );
#4654 = CARTESIAN_POINT('',(28.4,90.));
#4655 = CARTESIAN_POINT('',(28.4,92.77128129211));
#4656 = CARTESIAN_POINT('',(30.8,91.385640646055));
#4657 = CARTESIAN_POINT('',(33.2,90.));
#4658 = CARTESIAN_POINT('',(30.8,88.614359353945));
#4659 = CARTESIAN_POINT('',(28.4,87.22871870789));
#4660 = CARTESIAN_POINT('',(28.4,90.));
#4661 = ( GEOMETRIC_REPRESENTATION_CONTEXT(2) 
PARAMETRIC_REPRESENTATION_CONTEXT() REPRESENTATION_CONTEXT('2D SPACE',''
  ) );
#4662 = PCURVE('',#1005,#4663);
#4663 = DEFINITIONAL_REPRESENTATION('',(#4664),#4668);
#4664 = LINE('',#4665,#4666);
#4665 = CARTESIAN_POINT('',(0.,4.));
#4666 = VECTOR('',#4667,1.);
#4667 = DIRECTION('',(1.,0.));
#4668 = ( GEOMETRIC_REPRESENTATION_CONTEXT(2) 
PARAMETRIC_REPRESENTATION_CONTEXT() REPRESENTATION_CONTEXT('2D SPACE',''
  ) );
#4669 = FACE_BOUND('',#4670,.F.);
#4670 = EDGE_LOOP('',(#4671));
#4671 = ORIENTED_EDGE('',*,*,#4672,.T.);
#4672 = EDGE_CURVE('',#4673,#4673,#4675,.T.);
#4673 = VERTEX_POINT('',#4674);
#4674 = CARTESIAN_POINT('',(-31.6,-30.,0.));
#4675 = SURFACE_CURVE('',#4676,(#4681,#4692),.PCURVE_S1.);
#4676 = CIRCLE('',#4677,1.6);
#4677 = AXIS2_PLACEMENT_3D('',#4678,#4679,#4680);
#4678 = CARTESIAN_POINT('',(-30.,-30.,0.));
#4679 = DIRECTION('',(0.,0.,-1.));
#4680 = DIRECTION('',(-1.,0.,0.));
#4681 = PCURVE('',#100,#4682);
#4682 = DEFINITIONAL_REPRESENTATION('',(#4683),#4691);
#4683 = ( BOUNDED_CURVE() B_SPLINE_CURVE(2,(#4684,#4685,#4686,#4687,
#4688,#4689,#4690),.UNSPECIFIED.,.T.,.F.) B_SPLINE_CURVE_WITH_KNOTS((1,2
    ,2,2,2,1),(-2.094395102393,0.,2.094395102393,4.188790204786,
6.28318530718,8.377580409573),.UNSPECIFIED.) CURVE() 
GEOMETRIC_REPRESENTATION_ITEM() RATIONAL_B_SPLINE_CURVE((1.,0.5,1.,0.5,
1.,0.5,1.)) REPRESENTATION_ITEM('') );
#4684 = CARTESIAN_POINT('',(43.4,60.));
#4685 = CARTESIAN_POINT('',(43.4,62.77128129211));
#4686 = CARTESIAN_POINT('',(45.8,61.385640646055));
#4687 = CARTESIAN_POINT('',(48.2,60.));
#4688 = CARTESIAN_POINT('',(45.8,58.614359353945));
#4689 = CARTESIAN_POINT('',(43.4,57.22871870789));
#4690 = CARTESIAN_POINT('',(43.4,60.));
#4691 = ( GEOMETRIC_REPRESENTATION_CONTEXT(2) 
PARAMETRIC_REPRESENTATION_CONTEXT() REPRESENTATION_CONTEXT('2D SPACE',''
  ) );
#4692 = PCURVE('',#1040,#4693);
#4693 = DEFINITIONAL_REPRESENTATION('',(#4694),#4698);
#4694 = LINE('',#4695,#4696);
#4695 = CARTESIAN_POINT('',(0.,4.));
#4696 = VECTOR('',#4697,1.);
#4697 = DIRECTION('',(1.,0.));
#4698 = ( GEOMETRIC_REPRESENTATION_CONTEXT(2) 
PARAMETRIC_REPRESENTATION_CONTEXT() REPRESENTATION_CONTEXT('2D SPACE',''
  ) );
#4699 = FACE_BOUND('',#4700,.F.);
#4700 = EDGE_LOOP('',(#4701));
#4701 = ORIENTED_EDGE('',*,*,#4702,.T.);
#4702 = EDGE_CURVE('',#4703,#4703,#4705,.T.);
#4703 = VERTEX_POINT('',#4704);
#4704 = CARTESIAN_POINT('',(-16.6,-30.,0.));
#4705 = SURFACE_CURVE('',#4706,(#4711,#4722),.PCURVE_S1.);
#4706 = CIRCLE('',#4707,1.6);
#4707 = AXIS2_PLACEMENT_3D('',#4708,#4709,#4710);
#4708 = CARTESIAN_POINT('',(-15.,-30.,0.));
#4709 = DIRECTION('',(0.,0.,-1.));
#4710 = DIRECTION('',(-1.,0.,0.));
#4711 = PCURVE('',#100,#4712);
#4712 = DEFINITIONAL_REPRESENTATION('',(#4713),#4721);
#4713 = ( BOUNDED_CURVE() B_SPLINE_CURVE(2,(#4714,#4715,#4716,#4717,
#4718,#4719,#4720),.UNSPECIFIED.,.T.,.F.) B_SPLINE_CURVE_WITH_KNOTS((1,2
    ,2,2,2,1),(-2.094395102393,0.,2.094395102393,4.188790204786,
6.28318530718,8.377580409573),.UNSPECIFIED.) CURVE() 
GEOMETRIC_REPRESENTATION_ITEM() RATIONAL_B_SPLINE_CURVE((1.,0.5,1.,0.5,
1.,0.5,1.)) REPRESENTATION_ITEM('') );
#4714 = CARTESIAN_POINT('',(58.4,60.));
#4715 = CARTESIAN_POINT('',(58.4,62.77128129211));
#4716 = CARTESIAN_POINT('',(60.8,61.385640646055));
#4717 = CARTESIAN_POINT('',(63.2,60.));
#4718 = CARTESIAN_POINT('',(60.8,58.614359353945));
#4719 = CARTESIAN_POINT('',(58.4,57.22871870789));
#4720 = CARTESIAN_POINT('',(58.4,60.));
#4721 = ( GEOMETRIC_REPRESENTATION_CONTEXT(2) 
PARAMETRIC_REPRESENTATION_CONTEXT() REPRESENTATION_CONTEXT('2D SPACE',''
  ) );
#4722 = PCURVE('',#1075,#4723);
#4723 = DEFINITIONAL_REPRESENTATION('',(#4724),#4728);
#4724 = LINE('',#4725,#4726);
#4725 = CARTESIAN_POINT('',(0.,4.));
#4726 = VECTOR('',#4727,1.);
#4727 = DIRECTION('',(1.,0.));
#4728 = ( GEOMETRIC_REPRESENTATION_CONTEXT(2) 
PARAMETRIC_REPRESENTATION_CONTEXT() REPRESENTATION_CONTEXT('2D SPACE',''
  ) );
#4729 = FACE_BOUND('',#4730,.F.);
#4730 = EDGE_LOOP('',(#4731));
#4731 = ORIENTED_EDGE('',*,*,#4732,.T.);
#4732 = EDGE_CURVE('',#4733,#4733,#4735,.T.);
#4733 = VERTEX_POINT('',#4734);
#4734 = CARTESIAN_POINT('',(-31.6,-15.,0.));
#4735 = SURFACE_CURVE('',#4736,(#4741,#4752),.PCURVE_S1.);
#4736 = CIRCLE('',#4737,1.6);
#4737 = AXIS2_PLACEMENT_3D('',#4738,#4739,#4740);
#4738 = CARTESIAN_POINT('',(-30.,-15.,0.));
#4739 = DIRECTION('',(0.,0.,-1.));
#4740 = DIRECTION('',(-1.,0.,0.));
#4741 = PCURVE('',#100,#4742);
#4742 = DEFINITIONAL_REPRESENTATION('',(#4743),#4751);
#4743 = ( BOUNDED_CURVE() B_SPLINE_CURVE(2,(#4744,#4745,#4746,#4747,
#4748,#4749,#4750),.UNSPECIFIED.,.T.,.F.) B_SPLINE_CURVE_WITH_KNOTS((1,2
    ,2,2,2,1),(-2.094395102393,0.,2.094395102393,4.188790204786,
6.28318530718,8.377580409573),.UNSPECIFIED.) CURVE() 
GEOMETRIC_REPRESENTATION_ITEM() RATIONAL_B_SPLINE_CURVE((1.,0.5,1.,0.5,
1.,0.5,1.)) REPRESENTATION_ITEM('') );
#4744 = CARTESIAN_POINT('',(43.4,75.));
#4745 = CARTESIAN_POINT('',(43.4,77.77128129211));
#4746 = CARTESIAN_POINT('',(45.8,76.385640646055));
#4747 = CARTESIAN_POINT('',(48.2,75.));
#4748 = CARTESIAN_POINT('',(45.8,73.614359353945));
#4749 = CARTESIAN_POINT('',(43.4,72.22871870789));
#4750 = CARTESIAN_POINT('',(43.4,75.));
#4751 = ( GEOMETRIC_REPRESENTATION_CONTEXT(2) 
PARAMETRIC_REPRESENTATION_CONTEXT() REPRESENTATION_CONTEXT('2D SPACE',''
  ) );
#4752 = PCURVE('',#1110,#4753);
#4753 = DEFINITIONAL_REPRESENTATION('',(#4754),#4758);
#4754 = LINE('',#4755,#4756);
#4755 = CARTESIAN_POINT('',(0.,4.));
#4756 = VECTOR('',#4757,1.);
#4757 = DIRECTION('',(1.,0.));
#4758 = ( GEOMETRIC_REPRESENTATION_CONTEXT(2) 
PARAMETRIC_REPRESENTATION_CONTEXT() REPRESENTATION_CONTEXT('2D SPACE',''
  ) );
#4759 = FACE_BOUND('',#4760,.F.);
#4760 = EDGE_LOOP('',(#4761));
#4761 = ORIENTED_EDGE('',*,*,#4762,.T.);
#4762 = EDGE_CURVE('',#4763,#4763,#4765,.T.);
#4763 = VERTEX_POINT('',#4764);
#4764 = CARTESIAN_POINT('',(-31.6,-3.918869757272E-16,0.));
#4765 = SURFACE_CURVE('',#4766,(#4771,#4782),.PCURVE_S1.);
#4766 = CIRCLE('',#4767,1.6);
#4767 = AXIS2_PLACEMENT_3D('',#4768,#4769,#4770);
#4768 = CARTESIAN_POINT('',(-30.,0.,0.));
#4769 = DIRECTION('',(0.,0.,-1.));
#4770 = DIRECTION('',(-1.,0.,0.));
#4771 = PCURVE('',#100,#4772);
#4772 = DEFINITIONAL_REPRESENTATION('',(#4773),#4781);
#4773 = ( BOUNDED_CURVE() B_SPLINE_CURVE(2,(#4774,#4775,#4776,#4777,
#4778,#4779,#4780),.UNSPECIFIED.,.T.,.F.) B_SPLINE_CURVE_WITH_KNOTS((1,2
    ,2,2,2,1),(-2.094395102393,0.,2.094395102393,4.188790204786,
6.28318530718,8.377580409573),.UNSPECIFIED.) CURVE() 
GEOMETRIC_REPRESENTATION_ITEM() RATIONAL_B_SPLINE_CURVE((1.,0.5,1.,0.5,
1.,0.5,1.)) REPRESENTATION_ITEM('') );
#4774 = CARTESIAN_POINT('',(43.4,90.));
#4775 = CARTESIAN_POINT('',(43.4,92.77128129211));
#4776 = CARTESIAN_POINT('',(45.8,91.385640646055));
#4777 = CARTESIAN_POINT('',(48.2,90.));
#4778 = CARTESIAN_POINT('',(45.8,88.614359353945));
#4779 = CARTESIAN_POINT('',(43.4,87.22871870789));
#4780 = CARTESIAN_POINT('',(43.4,90.));
#4781 = ( GEOMETRIC_REPRESENTATION_CONTEXT(2) 
PARAMETRIC_REPRESENTATION_CONTEXT() REPRESENTATION_CONTEXT('2D SPACE',''
  ) );
#4782 = PCURVE('',#1145,#4783);
#4783 = DEFINITIONAL_REPRESENTATION('',(#4784),#4788);
#4784 = LINE('',#4785,#4786);
#4785 = CARTESIAN_POINT('',(0.,4.));
#4786 = VECTOR('',#4787,1.);
#4787 = DIRECTION('',(1.,0.));
#4788 = ( GEOMETRIC_REPRESENTATION_CONTEXT(2) 
PARAMETRIC_REPRESENTATION_CONTEXT() REPRESENTATION_CONTEXT('2D SPACE',''
  ) );
#4789 = FACE_BOUND('',#4790,.F.);
#4790 = EDGE_LOOP('',(#4791));
#4791 = ORIENTED_EDGE('',*,*,#4792,.T.);
#4792 = EDGE_CURVE('',#4793,#4793,#4795,.T.);
#4793 = VERTEX_POINT('',#4794);
#4794 = CARTESIAN_POINT('',(-16.6,-15.,0.));
#4795 = SURFACE_CURVE('',#4796,(#4801,#4812),.PCURVE_S1.);
#4796 = CIRCLE('',#4797,1.6);
#4797 = AXIS2_PLACEMENT_3D('',#4798,#4799,#4800);
#4798 = CARTESIAN_POINT('',(-15.,-15.,0.));
#4799 = DIRECTION('',(0.,0.,-1.));
#4800 = DIRECTION('',(-1.,0.,0.));
#4801 = PCURVE('',#100,#4802);
#4802 = DEFINITIONAL_REPRESENTATION('',(#4803),#4811);
#4803 = ( BOUNDED_CURVE() B_SPLINE_CURVE(2,(#4804,#4805,#4806,#4807,
#4808,#4809,#4810),.UNSPECIFIED.,.T.,.F.) B_SPLINE_CURVE_WITH_KNOTS((1,2
    ,2,2,2,1),(-2.094395102393,0.,2.094395102393,4.188790204786,
6.28318530718,8.377580409573),.UNSPECIFIED.) CURVE() 
GEOMETRIC_REPRESENTATION_ITEM() RATIONAL_B_SPLINE_CURVE((1.,0.5,1.,0.5,
1.,0.5,1.)) REPRESENTATION_ITEM('') );
#4804 = CARTESIAN_POINT('',(58.4,75.));
#4805 = CARTESIAN_POINT('',(58.4,77.77128129211));
#4806 = CARTESIAN_POINT('',(60.8,76.385640646055));
#4807 = CARTESIAN_POINT('',(63.2,75.));
#4808 = CARTESIAN_POINT('',(60.8,73.614359353945));
#4809 = CARTESIAN_POINT('',(58.4,72.22871870789));
#4810 = CARTESIAN_POINT('',(58.4,75.));
#4811 = ( GEOMETRIC_REPRESENTATION_CONTEXT(2) 
PARAMETRIC_REPRESENTATION_CONTEXT() REPRESENTATION_CONTEXT('2D SPACE',''
  ) );
#4812 = PCURVE('',#1180,#4813);
#4813 = DEFINITIONAL_REPRESENTATION('',(#4814),#4818);
#4814 = LINE('',#4815,#4816);
#4815 = CARTESIAN_POINT('',(0.,4.));
#4816 = VECTOR('',#4817,1.);
#4817 = DIRECTION('',(1.,0.));
#4818 = ( GEOMETRIC_REPRESENTATION_CONTEXT(2) 
PARAMETRIC_REPRESENTATION_CONTEXT() REPRESENTATION_CONTEXT('2D SPACE',''
  ) );
#4819 = FACE_BOUND('',#4820,.F.);
#4820 = EDGE_LOOP('',(#4821));
#4821 = ORIENTED_EDGE('',*,*,#4822,.T.);
#4822 = EDGE_CURVE('',#4823,#4823,#4825,.T.);
#4823 = VERTEX_POINT('',#4824);
#4824 = CARTESIAN_POINT('',(-16.6,-3.918869757272E-16,0.));
#4825 = SURFACE_CURVE('',#4826,(#4831,#4842),.PCURVE_S1.);
#4826 = CIRCLE('',#4827,1.6);
#4827 = AXIS2_PLACEMENT_3D('',#4828,#4829,#4830);
#4828 = CARTESIAN_POINT('',(-15.,0.,0.));
#4829 = DIRECTION('',(0.,0.,-1.));
#4830 = DIRECTION('',(-1.,0.,0.));
#4831 = PCURVE('',#100,#4832);
#4832 = DEFINITIONAL_REPRESENTATION('',(#4833),#4841);
#4833 = ( BOUNDED_CURVE() B_SPLINE_CURVE(2,(#4834,#4835,#4836,#4837,
#4838,#4839,#4840),.UNSPECIFIED.,.T.,.F.) B_SPLINE_CURVE_WITH_KNOTS((1,2
    ,2,2,2,1),(-2.094395102393,0.,2.094395102393,4.188790204786,
6.28318530718,8.377580409573),.UNSPECIFIED.) CURVE() 
GEOMETRIC_REPRESENTATION_ITEM() RATIONAL_B_SPLINE_CURVE((1.,0.5,1.,0.5,
1.,0.5,1.)) REPRESENTATION_ITEM('') );
#4834 = CARTESIAN_POINT('',(58.4,90.));
#4835 = CARTESIAN_POINT('',(58.4,92.77128129211));
#4836 = CARTESIAN_POINT('',(60.8,91.385640646055));
#4837 = CARTESIAN_POINT('',(63.2,90.));
#4838 = CARTESIAN_POINT('',(60.8,88.614359353945));
#4839 = CARTESIAN_POINT('',(58.4,87.22871870789));
#4840 = CARTESIAN_POINT('',(58.4,90.));
#4841 = ( GEOMETRIC_REPRESENTATION_CONTEXT(2) 
PARAMETRIC_REPRESENTATION_CONTEXT() REPRESENTATION_CONTEXT('2D SPACE',''
  ) );
#4842 = PCURVE('',#1215,#4843);
#4843 = DEFINITIONAL_REPRESENTATION('',(#4844),#4848);
#4844 = LINE('',#4845,#4846);
#4845 = CARTESIAN_POINT('',(0.,4.));
#4846 = VECTOR('',#4847,1.);
#4847 = DIRECTION('',(1.,0.));
#4848 = ( GEOMETRIC_REPRESENTATION_CONTEXT(2) 
PARAMETRIC_REPRESENTATION_CONTEXT() REPRESENTATION_CONTEXT('2D SPACE',''
  ) );
#4849 = FACE_BOUND('',#4850,.F.);
#4850 = EDGE_LOOP('',(#4851));
#4851 = ORIENTED_EDGE('',*,*,#4852,.T.);
#4852 = EDGE_CURVE('',#4853,#4853,#4855,.T.);
#4853 = VERTEX_POINT('',#4854);
#4854 = CARTESIAN_POINT('',(-1.6,-75.,0.));
#4855 = SURFACE_CURVE('',#4856,(#4861,#4872),.PCURVE_S1.);
#4856 = CIRCLE('',#4857,1.6);
#4857 = AXIS2_PLACEMENT_3D('',#4858,#4859,#4860);
#4858 = CARTESIAN_POINT('',(0.,-75.,0.));
#4859 = DIRECTION('',(0.,0.,-1.));
#4860 = DIRECTION('',(-1.,0.,0.));
#4861 = PCURVE('',#100,#4862);
#4862 = DEFINITIONAL_REPRESENTATION('',(#4863),#4871);
#4863 = ( BOUNDED_CURVE() B_SPLINE_CURVE(2,(#4864,#4865,#4866,#4867,
#4868,#4869,#4870),.UNSPECIFIED.,.T.,.F.) B_SPLINE_CURVE_WITH_KNOTS((1,2
    ,2,2,2,1),(-2.094395102393,0.,2.094395102393,4.188790204786,
6.28318530718,8.377580409573),.UNSPECIFIED.) CURVE() 
GEOMETRIC_REPRESENTATION_ITEM() RATIONAL_B_SPLINE_CURVE((1.,0.5,1.,0.5,
1.,0.5,1.)) REPRESENTATION_ITEM('') );
#4864 = CARTESIAN_POINT('',(73.4,15.));
#4865 = CARTESIAN_POINT('',(73.4,17.77128129211));
#4866 = CARTESIAN_POINT('',(75.8,16.385640646055));
#4867 = CARTESIAN_POINT('',(78.2,15.));
#4868 = CARTESIAN_POINT('',(75.8,13.614359353945));
#4869 = CARTESIAN_POINT('',(73.4,12.22871870789));
#4870 = CARTESIAN_POINT('',(73.4,15.));
#4871 = ( GEOMETRIC_REPRESENTATION_CONTEXT(2) 
PARAMETRIC_REPRESENTATION_CONTEXT() REPRESENTATION_CONTEXT('2D SPACE',''
  ) );
#4872 = PCURVE('',#1250,#4873);
#4873 = DEFINITIONAL_REPRESENTATION('',(#4874),#4878);
#4874 = LINE('',#4875,#4876);
#4875 = CARTESIAN_POINT('',(0.,4.));
#4876 = VECTOR('',#4877,1.);
#4877 = DIRECTION('',(1.,0.));
#4878 = ( GEOMETRIC_REPRESENTATION_CONTEXT(2) 
PARAMETRIC_REPRESENTATION_CONTEXT() REPRESENTATION_CONTEXT('2D SPACE',''
  ) );
#4879 = FACE_BOUND('',#4880,.F.);
#4880 = EDGE_LOOP('',(#4881));
#4881 = ORIENTED_EDGE('',*,*,#4882,.T.);
#4882 = EDGE_CURVE('',#4883,#4883,#4885,.T.);
#4883 = VERTEX_POINT('',#4884);
#4884 = CARTESIAN_POINT('',(13.4,-75.,0.));
#4885 = SURFACE_CURVE('',#4886,(#4891,#4902),.PCURVE_S1.);
#4886 = CIRCLE('',#4887,1.6);
#4887 = AXIS2_PLACEMENT_3D('',#4888,#4889,#4890);
#4888 = CARTESIAN_POINT('',(15.,-75.,0.));
#4889 = DIRECTION('',(0.,0.,-1.));
#4890 = DIRECTION('',(-1.,0.,0.));
#4891 = PCURVE('',#100,#4892);
#4892 = DEFINITIONAL_REPRESENTATION('',(#4893),#4901);
#4893 = ( BOUNDED_CURVE() B_SPLINE_CURVE(2,(#4894,#4895,#4896,#4897,
#4898,#4899,#4900),.UNSPECIFIED.,.T.,.F.) B_SPLINE_CURVE_WITH_KNOTS((1,2
    ,2,2,2,1),(-2.094395102393,0.,2.094395102393,4.188790204786,
6.28318530718,8.377580409573),.UNSPECIFIED.) CURVE() 
GEOMETRIC_REPRESENTATION_ITEM() RATIONAL_B_SPLINE_CURVE((1.,0.5,1.,0.5,
1.,0.5,1.)) REPRESENTATION_ITEM('') );
#4894 = CARTESIAN_POINT('',(88.4,15.));
#4895 = CARTESIAN_POINT('',(88.4,17.77128129211));
#4896 = CARTESIAN_POINT('',(90.8,16.385640646055));
#4897 = CARTESIAN_POINT('',(93.2,15.));
#4898 = CARTESIAN_POINT('',(90.8,13.614359353945));
#4899 = CARTESIAN_POINT('',(88.4,12.22871870789));
#4900 = CARTESIAN_POINT('',(88.4,15.));
#4901 = ( GEOMETRIC_REPRESENTATION_CONTEXT(2) 
PARAMETRIC_REPRESENTATION_CONTEXT() REPRESENTATION_CONTEXT('2D SPACE',''
  ) );
#4902 = PCURVE('',#1285,#4903);
#4903 = DEFINITIONAL_REPRESENTATION('',(#4904),#4908);
#4904 = LINE('',#4905,#4906);
#4905 = CARTESIAN_POINT('',(0.,4.));
#4906 = VECTOR('',#4907,1.);
#4907 = DIRECTION('',(1.,0.));
#4908 = ( GEOMETRIC_REPRESENTATION_CONTEXT(2) 
PARAMETRIC_REPRESENTATION_CONTEXT() REPRESENTATION_CONTEXT('2D SPACE',''
  ) );
#4909 = FACE_BOUND('',#4910,.F.);
#4910 = EDGE_LOOP('',(#4911));
#4911 = ORIENTED_EDGE('',*,*,#4912,.T.);
#4912 = EDGE_CURVE('',#4913,#4913,#4915,.T.);
#4913 = VERTEX_POINT('',#4914);
#4914 = CARTESIAN_POINT('',(-1.6,-60.,0.));
#4915 = SURFACE_CURVE('',#4916,(#4921,#4932),.PCURVE_S1.);
#4916 = CIRCLE('',#4917,1.6);
#4917 = AXIS2_PLACEMENT_3D('',#4918,#4919,#4920);
#4918 = CARTESIAN_POINT('',(0.,-60.,0.));
#4919 = DIRECTION('',(0.,0.,-1.));
#4920 = DIRECTION('',(-1.,0.,0.));
#4921 = PCURVE('',#100,#4922);
#4922 = DEFINITIONAL_REPRESENTATION('',(#4923),#4931);
#4923 = ( BOUNDED_CURVE() B_SPLINE_CURVE(2,(#4924,#4925,#4926,#4927,
#4928,#4929,#4930),.UNSPECIFIED.,.T.,.F.) B_SPLINE_CURVE_WITH_KNOTS((1,2
    ,2,2,2,1),(-2.094395102393,0.,2.094395102393,4.188790204786,
6.28318530718,8.377580409573),.UNSPECIFIED.) CURVE() 
GEOMETRIC_REPRESENTATION_ITEM() RATIONAL_B_SPLINE_CURVE((1.,0.5,1.,0.5,
1.,0.5,1.)) REPRESENTATION_ITEM('') );
#4924 = CARTESIAN_POINT('',(73.4,30.));
#4925 = CARTESIAN_POINT('',(73.4,32.77128129211));
#4926 = CARTESIAN_POINT('',(75.8,31.385640646055));
#4927 = CARTESIAN_POINT('',(78.2,30.));
#4928 = CARTESIAN_POINT('',(75.8,28.614359353945));
#4929 = CARTESIAN_POINT('',(73.4,27.22871870789));
#4930 = CARTESIAN_POINT('',(73.4,30.));
#4931 = ( GEOMETRIC_REPRESENTATION_CONTEXT(2) 
PARAMETRIC_REPRESENTATION_CONTEXT() REPRESENTATION_CONTEXT('2D SPACE',''
  ) );
#4932 = PCURVE('',#1320,#4933);
#4933 = DEFINITIONAL_REPRESENTATION('',(#4934),#4938);
#4934 = LINE('',#4935,#4936);
#4935 = CARTESIAN_POINT('',(0.,4.));
#4936 = VECTOR('',#4937,1.);
#4937 = DIRECTION('',(1.,0.));
#4938 = ( GEOMETRIC_REPRESENTATION_CONTEXT(2) 
PARAMETRIC_REPRESENTATION_CONTEXT() REPRESENTATION_CONTEXT('2D SPACE',''
  ) );
#4939 = FACE_BOUND('',#4940,.F.);
#4940 = EDGE_LOOP('',(#4941));
#4941 = ORIENTED_EDGE('',*,*,#4942,.T.);
#4942 = EDGE_CURVE('',#4943,#4943,#4945,.T.);
#4943 = VERTEX_POINT('',#4944);
#4944 = CARTESIAN_POINT('',(13.4,-60.,0.));
#4945 = SURFACE_CURVE('',#4946,(#4951,#4962),.PCURVE_S1.);
#4946 = CIRCLE('',#4947,1.6);
#4947 = AXIS2_PLACEMENT_3D('',#4948,#4949,#4950);
#4948 = CARTESIAN_POINT('',(15.,-60.,0.));
#4949 = DIRECTION('',(0.,0.,-1.));
#4950 = DIRECTION('',(-1.,0.,0.));
#4951 = PCURVE('',#100,#4952);
#4952 = DEFINITIONAL_REPRESENTATION('',(#4953),#4961);
#4953 = ( BOUNDED_CURVE() B_SPLINE_CURVE(2,(#4954,#4955,#4956,#4957,
#4958,#4959,#4960),.UNSPECIFIED.,.T.,.F.) B_SPLINE_CURVE_WITH_KNOTS((1,2
    ,2,2,2,1),(-2.094395102393,0.,2.094395102393,4.188790204786,
6.28318530718,8.377580409573),.UNSPECIFIED.) CURVE() 
GEOMETRIC_REPRESENTATION_ITEM() RATIONAL_B_SPLINE_CURVE((1.,0.5,1.,0.5,
1.,0.5,1.)) REPRESENTATION_ITEM('') );
#4954 = CARTESIAN_POINT('',(88.4,30.));
#4955 = CARTESIAN_POINT('',(88.4,32.77128129211));
#4956 = CARTESIAN_POINT('',(90.8,31.385640646055));
#4957 = CARTESIAN_POINT('',(93.2,30.));
#4958 = CARTESIAN_POINT('',(90.8,28.614359353945));
#4959 = CARTESIAN_POINT('',(88.4,27.22871870789));
#4960 = CARTESIAN_POINT('',(88.4,30.));
#4961 = ( GEOMETRIC_REPRESENTATION_CONTEXT(2) 
PARAMETRIC_REPRESENTATION_CONTEXT() REPRESENTATION_CONTEXT('2D SPACE',''
  ) );
#4962 = PCURVE('',#1355,#4963);
#4963 = DEFINITIONAL_REPRESENTATION('',(#4964),#4968);
#4964 = LINE('',#4965,#4966);
#4965 = CARTESIAN_POINT('',(0.,4.));
#4966 = VECTOR('',#4967,1.);
#4967 = DIRECTION('',(1.,0.));
#4968 = ( GEOMETRIC_REPRESENTATION_CONTEXT(2) 
PARAMETRIC_REPRESENTATION_CONTEXT() REPRESENTATION_CONTEXT('2D SPACE',''
  ) );
#4969 = FACE_BOUND('',#4970,.F.);
#4970 = EDGE_LOOP('',(#4971));
#4971 = ORIENTED_EDGE('',*,*,#4972,.T.);
#4972 = EDGE_CURVE('',#4973,#4973,#4975,.T.);
#4973 = VERTEX_POINT('',#4974);
#4974 = CARTESIAN_POINT('',(28.4,-75.,0.));
#4975 = SURFACE_CURVE('',#4976,(#4981,#4992),.PCURVE_S1.);
#4976 = CIRCLE('',#4977,1.6);
#4977 = AXIS2_PLACEMENT_3D('',#4978,#4979,#4980);
#4978 = CARTESIAN_POINT('',(30.,-75.,0.));
#4979 = DIRECTION('',(0.,0.,-1.));
#4980 = DIRECTION('',(-1.,0.,0.));
#4981 = PCURVE('',#100,#4982);
#4982 = DEFINITIONAL_REPRESENTATION('',(#4983),#4991);
#4983 = ( BOUNDED_CURVE() B_SPLINE_CURVE(2,(#4984,#4985,#4986,#4987,
#4988,#4989,#4990),.UNSPECIFIED.,.T.,.F.) B_SPLINE_CURVE_WITH_KNOTS((1,2
    ,2,2,2,1),(-2.094395102393,0.,2.094395102393,4.188790204786,
6.28318530718,8.377580409573),.UNSPECIFIED.) CURVE() 
GEOMETRIC_REPRESENTATION_ITEM() RATIONAL_B_SPLINE_CURVE((1.,0.5,1.,0.5,
1.,0.5,1.)) REPRESENTATION_ITEM('') );
#4984 = CARTESIAN_POINT('',(103.4,15.));
#4985 = CARTESIAN_POINT('',(103.4,17.77128129211));
#4986 = CARTESIAN_POINT('',(105.8,16.385640646055));
#4987 = CARTESIAN_POINT('',(108.2,15.));
#4988 = CARTESIAN_POINT('',(105.8,13.614359353945));
#4989 = CARTESIAN_POINT('',(103.4,12.22871870789));
#4990 = CARTESIAN_POINT('',(103.4,15.));
#4991 = ( GEOMETRIC_REPRESENTATION_CONTEXT(2) 
PARAMETRIC_REPRESENTATION_CONTEXT() REPRESENTATION_CONTEXT('2D SPACE',''
  ) );
#4992 = PCURVE('',#1390,#4993);
#4993 = DEFINITIONAL_REPRESENTATION('',(#4994),#4998);
#4994 = LINE('',#4995,#4996);
#4995 = CARTESIAN_POINT('',(0.,4.));
#4996 = VECTOR('',#4997,1.);
#4997 = DIRECTION('',(1.,0.));
#4998 = ( GEOMETRIC_REPRESENTATION_CONTEXT(2) 
PARAMETRIC_REPRESENTATION_CONTEXT() REPRESENTATION_CONTEXT('2D SPACE',''
  ) );
#4999 = FACE_BOUND('',#5000,.F.);
#5000 = EDGE_LOOP('',(#5001));
#5001 = ORIENTED_EDGE('',*,*,#5002,.T.);
#5002 = EDGE_CURVE('',#5003,#5003,#5005,.T.);
#5003 = VERTEX_POINT('',#5004);
#5004 = CARTESIAN_POINT('',(28.4,-60.,0.));
#5005 = SURFACE_CURVE('',#5006,(#5011,#5022),.PCURVE_S1.);
#5006 = CIRCLE('',#5007,1.6);
#5007 = AXIS2_PLACEMENT_3D('',#5008,#5009,#5010);
#5008 = CARTESIAN_POINT('',(30.,-60.,0.));
#5009 = DIRECTION('',(0.,0.,-1.));
#5010 = DIRECTION('',(-1.,0.,0.));
#5011 = PCURVE('',#100,#5012);
#5012 = DEFINITIONAL_REPRESENTATION('',(#5013),#5021);
#5013 = ( BOUNDED_CURVE() B_SPLINE_CURVE(2,(#5014,#5015,#5016,#5017,
#5018,#5019,#5020),.UNSPECIFIED.,.T.,.F.) B_SPLINE_CURVE_WITH_KNOTS((1,2
    ,2,2,2,1),(-2.094395102393,0.,2.094395102393,4.188790204786,
6.28318530718,8.377580409573),.UNSPECIFIED.) CURVE() 
GEOMETRIC_REPRESENTATION_ITEM() RATIONAL_B_SPLINE_CURVE((1.,0.5,1.,0.5,
1.,0.5,1.)) REPRESENTATION_ITEM('') );
#5014 = CARTESIAN_POINT('',(103.4,30.));
#5015 = CARTESIAN_POINT('',(103.4,32.77128129211));
#5016 = CARTESIAN_POINT('',(105.8,31.385640646055));
#5017 = CARTESIAN_POINT('',(108.2,30.));
#5018 = CARTESIAN_POINT('',(105.8,28.614359353945));
#5019 = CARTESIAN_POINT('',(103.4,27.22871870789));
#5020 = CARTESIAN_POINT('',(103.4,30.));
#5021 = ( GEOMETRIC_REPRESENTATION_CONTEXT(2) 
PARAMETRIC_REPRESENTATION_CONTEXT() REPRESENTATION_CONTEXT('2D SPACE',''
  ) );
#5022 = PCURVE('',#1425,#5023);
#5023 = DEFINITIONAL_REPRESENTATION('',(#5024),#5028);
#5024 = LINE('',#5025,#5026);
#5025 = CARTESIAN_POINT('',(0.,4.));
#5026 = VECTOR('',#5027,1.);
#5027 = DIRECTION('',(1.,0.));
#5028 = ( GEOMETRIC_REPRESENTATION_CONTEXT(2) 
PARAMETRIC_REPRESENTATION_CONTEXT() REPRESENTATION_CONTEXT('2D SPACE',''
  ) );
#5029 = FACE_BOUND('',#5030,.F.);
#5030 = EDGE_LOOP('',(#5031));
#5031 = ORIENTED_EDGE('',*,*,#5032,.T.);
#5032 = EDGE_CURVE('',#5033,#5033,#5035,.T.);
#5033 = VERTEX_POINT('',#5034);
#5034 = CARTESIAN_POINT('',(-1.6,-45.,0.));
#5035 = SURFACE_CURVE('',#5036,(#5041,#5052),.PCURVE_S1.);
#5036 = CIRCLE('',#5037,1.6);
#5037 = AXIS2_PLACEMENT_3D('',#5038,#5039,#5040);
#5038 = CARTESIAN_POINT('',(0.,-45.,0.));
#5039 = DIRECTION('',(0.,0.,-1.));
#5040 = DIRECTION('',(-1.,0.,0.));
#5041 = PCURVE('',#100,#5042);
#5042 = DEFINITIONAL_REPRESENTATION('',(#5043),#5051);
#5043 = ( BOUNDED_CURVE() B_SPLINE_CURVE(2,(#5044,#5045,#5046,#5047,
#5048,#5049,#5050),.UNSPECIFIED.,.T.,.F.) B_SPLINE_CURVE_WITH_KNOTS((1,2
    ,2,2,2,1),(-2.094395102393,0.,2.094395102393,4.188790204786,
6.28318530718,8.377580409573),.UNSPECIFIED.) CURVE() 
GEOMETRIC_REPRESENTATION_ITEM() RATIONAL_B_SPLINE_CURVE((1.,0.5,1.,0.5,
1.,0.5,1.)) REPRESENTATION_ITEM('') );
#5044 = CARTESIAN_POINT('',(73.4,45.));
#5045 = CARTESIAN_POINT('',(73.4,47.77128129211));
#5046 = CARTESIAN_POINT('',(75.8,46.385640646055));
#5047 = CARTESIAN_POINT('',(78.2,45.));
#5048 = CARTESIAN_POINT('',(75.8,43.614359353945));
#5049 = CARTESIAN_POINT('',(73.4,42.22871870789));
#5050 = CARTESIAN_POINT('',(73.4,45.));
#5051 = ( GEOMETRIC_REPRESENTATION_CONTEXT(2) 
PARAMETRIC_REPRESENTATION_CONTEXT() REPRESENTATION_CONTEXT('2D SPACE',''
  ) );
#5052 = PCURVE('',#1460,#5053);
#5053 = DEFINITIONAL_REPRESENTATION('',(#5054),#5058);
#5054 = LINE('',#5055,#5056);
#5055 = CARTESIAN_POINT('',(0.,4.));
#5056 = VECTOR('',#5057,1.);
#5057 = DIRECTION('',(1.,0.));
#5058 = ( GEOMETRIC_REPRESENTATION_CONTEXT(2) 
PARAMETRIC_REPRESENTATION_CONTEXT() REPRESENTATION_CONTEXT('2D SPACE',''
  ) );
#5059 = FACE_BOUND('',#5060,.F.);
#5060 = EDGE_LOOP('',(#5061));
#5061 = ORIENTED_EDGE('',*,*,#5062,.T.);
#5062 = EDGE_CURVE('',#5063,#5063,#5065,.T.);
#5063 = VERTEX_POINT('',#5064);
#5064 = CARTESIAN_POINT('',(13.4,-45.,0.));
#5065 = SURFACE_CURVE('',#5066,(#5071,#5082),.PCURVE_S1.);
#5066 = CIRCLE('',#5067,1.6);
#5067 = AXIS2_PLACEMENT_3D('',#5068,#5069,#5070);
#5068 = CARTESIAN_POINT('',(15.,-45.,0.));
#5069 = DIRECTION('',(0.,0.,-1.));
#5070 = DIRECTION('',(-1.,0.,0.));
#5071 = PCURVE('',#100,#5072);
#5072 = DEFINITIONAL_REPRESENTATION('',(#5073),#5081);
#5073 = ( BOUNDED_CURVE() B_SPLINE_CURVE(2,(#5074,#5075,#5076,#5077,
#5078,#5079,#5080),.UNSPECIFIED.,.T.,.F.) B_SPLINE_CURVE_WITH_KNOTS((1,2
    ,2,2,2,1),(-2.094395102393,0.,2.094395102393,4.188790204786,
6.28318530718,8.377580409573),.UNSPECIFIED.) CURVE() 
GEOMETRIC_REPRESENTATION_ITEM() RATIONAL_B_SPLINE_CURVE((1.,0.5,1.,0.5,
1.,0.5,1.)) REPRESENTATION_ITEM('') );
#5074 = CARTESIAN_POINT('',(88.4,45.));
#5075 = CARTESIAN_POINT('',(88.4,47.77128129211));
#5076 = CARTESIAN_POINT('',(90.8,46.385640646055));
#5077 = CARTESIAN_POINT('',(93.2,45.));
#5078 = CARTESIAN_POINT('',(90.8,43.614359353945));
#5079 = CARTESIAN_POINT('',(88.4,42.22871870789));
#5080 = CARTESIAN_POINT('',(88.4,45.));
#5081 = ( GEOMETRIC_REPRESENTATION_CONTEXT(2) 
PARAMETRIC_REPRESENTATION_CONTEXT() REPRESENTATION_CONTEXT('2D SPACE',''
  ) );
#5082 = PCURVE('',#1495,#5083);
#5083 = DEFINITIONAL_REPRESENTATION('',(#5084),#5088);
#5084 = LINE('',#5085,#5086);
#5085 = CARTESIAN_POINT('',(0.,4.));
#5086 = VECTOR('',#5087,1.);
#5087 = DIRECTION('',(1.,0.));
#5088 = ( GEOMETRIC_REPRESENTATION_CONTEXT(2) 
PARAMETRIC_REPRESENTATION_CONTEXT() REPRESENTATION_CONTEXT('2D SPACE',''
  ) );
#5089 = FACE_BOUND('',#5090,.F.);
#5090 = EDGE_LOOP('',(#5091));
#5091 = ORIENTED_EDGE('',*,*,#5092,.T.);
#5092 = EDGE_CURVE('',#5093,#5093,#5095,.T.);
#5093 = VERTEX_POINT('',#5094);
#5094 = CARTESIAN_POINT('',(28.4,-45.,0.));
#5095 = SURFACE_CURVE('',#5096,(#5101,#5112),.PCURVE_S1.);
#5096 = CIRCLE('',#5097,1.6);
#5097 = AXIS2_PLACEMENT_3D('',#5098,#5099,#5100);
#5098 = CARTESIAN_POINT('',(30.,-45.,0.));
#5099 = DIRECTION('',(0.,0.,-1.));
#5100 = DIRECTION('',(-1.,0.,0.));
#5101 = PCURVE('',#100,#5102);
#5102 = DEFINITIONAL_REPRESENTATION('',(#5103),#5111);
#5103 = ( BOUNDED_CURVE() B_SPLINE_CURVE(2,(#5104,#5105,#5106,#5107,
#5108,#5109,#5110),.UNSPECIFIED.,.T.,.F.) B_SPLINE_CURVE_WITH_KNOTS((1,2
    ,2,2,2,1),(-2.094395102393,0.,2.094395102393,4.188790204786,
6.28318530718,8.377580409573),.UNSPECIFIED.) CURVE() 
GEOMETRIC_REPRESENTATION_ITEM() RATIONAL_B_SPLINE_CURVE((1.,0.5,1.,0.5,
1.,0.5,1.)) REPRESENTATION_ITEM('') );
#5104 = CARTESIAN_POINT('',(103.4,45.));
#5105 = CARTESIAN_POINT('',(103.4,47.77128129211));
#5106 = CARTESIAN_POINT('',(105.8,46.385640646055));
#5107 = CARTESIAN_POINT('',(108.2,45.));
#5108 = CARTESIAN_POINT('',(105.8,43.614359353945));
#5109 = CARTESIAN_POINT('',(103.4,42.22871870789));
#5110 = CARTESIAN_POINT('',(103.4,45.));
#5111 = ( GEOMETRIC_REPRESENTATION_CONTEXT(2) 
PARAMETRIC_REPRESENTATION_CONTEXT() REPRESENTATION_CONTEXT('2D SPACE',''
  ) );
#5112 = PCURVE('',#1530,#5113);
#5113 = DEFINITIONAL_REPRESENTATION('',(#5114),#5118);
#5114 = LINE('',#5115,#5116);
#5115 = CARTESIAN_POINT('',(0.,4.));
#5116 = VECTOR('',#5117,1.);
#5117 = DIRECTION('',(1.,0.));
#5118 = ( GEOMETRIC_REPRESENTATION_CONTEXT(2) 
PARAMETRIC_REPRESENTATION_CONTEXT() REPRESENTATION_CONTEXT('2D SPACE',''
  ) );
#5119 = FACE_BOUND('',#5120,.F.);
#5120 = EDGE_LOOP('',(#5121));
#5121 = ORIENTED_EDGE('',*,*,#5122,.T.);
#5122 = EDGE_CURVE('',#5123,#5123,#5125,.T.);
#5123 = VERTEX_POINT('',#5124);
#5124 = CARTESIAN_POINT('',(43.4,-75.,0.));
#5125 = SURFACE_CURVE('',#5126,(#5131,#5142),.PCURVE_S1.);
#5126 = CIRCLE('',#5127,1.6);
#5127 = AXIS2_PLACEMENT_3D('',#5128,#5129,#5130);
#5128 = CARTESIAN_POINT('',(45.,-75.,0.));
#5129 = DIRECTION('',(0.,0.,-1.));
#5130 = DIRECTION('',(-1.,0.,0.));
#5131 = PCURVE('',#100,#5132);
#5132 = DEFINITIONAL_REPRESENTATION('',(#5133),#5141);
#5133 = ( BOUNDED_CURVE() B_SPLINE_CURVE(2,(#5134,#5135,#5136,#5137,
#5138,#5139,#5140),.UNSPECIFIED.,.T.,.F.) B_SPLINE_CURVE_WITH_KNOTS((1,2
    ,2,2,2,1),(-2.094395102393,0.,2.094395102393,4.188790204786,
6.28318530718,8.377580409573),.UNSPECIFIED.) CURVE() 
GEOMETRIC_REPRESENTATION_ITEM() RATIONAL_B_SPLINE_CURVE((1.,0.5,1.,0.5,
1.,0.5,1.)) REPRESENTATION_ITEM('') );
#5134 = CARTESIAN_POINT('',(118.4,15.));
#5135 = CARTESIAN_POINT('',(118.4,17.77128129211));
#5136 = CARTESIAN_POINT('',(120.8,16.385640646055));
#5137 = CARTESIAN_POINT('',(123.2,15.));
#5138 = CARTESIAN_POINT('',(120.8,13.614359353945));
#5139 = CARTESIAN_POINT('',(118.4,12.22871870789));
#5140 = CARTESIAN_POINT('',(118.4,15.));
#5141 = ( GEOMETRIC_REPRESENTATION_CONTEXT(2) 
PARAMETRIC_REPRESENTATION_CONTEXT() REPRESENTATION_CONTEXT('2D SPACE',''
  ) );
#5142 = PCURVE('',#1565,#5143);
#5143 = DEFINITIONAL_REPRESENTATION('',(#5144),#5148);
#5144 = LINE('',#5145,#5146);
#5145 = CARTESIAN_POINT('',(0.,4.));
#5146 = VECTOR('',#5147,1.);
#5147 = DIRECTION('',(1.,0.));
#5148 = ( GEOMETRIC_REPRESENTATION_CONTEXT(2) 
PARAMETRIC_REPRESENTATION_CONTEXT() REPRESENTATION_CONTEXT('2D SPACE',''
  ) );
#5149 = FACE_BOUND('',#5150,.F.);
#5150 = EDGE_LOOP('',(#5151,#5177,#5198,#5222));
#5151 = ORIENTED_EDGE('',*,*,#5152,.F.);
#5152 = EDGE_CURVE('',#5153,#5155,#5157,.T.);
#5153 = VERTEX_POINT('',#5154);
#5154 = CARTESIAN_POINT('',(43.,-59.,0.));
#5155 = VERTEX_POINT('',#5156);
#5156 = CARTESIAN_POINT('',(43.,-63.,0.));
#5157 = SURFACE_CURVE('',#5158,(#5163,#5170),.PCURVE_S1.);
#5158 = CIRCLE('',#5159,2.);
#5159 = AXIS2_PLACEMENT_3D('',#5160,#5161,#5162);
#5160 = CARTESIAN_POINT('',(43.,-61.,0.));
#5161 = DIRECTION('',(0.,0.,1.));
#5162 = DIRECTION('',(-0.,-1.,0.));
#5163 = PCURVE('',#100,#5164);
#5164 = DEFINITIONAL_REPRESENTATION('',(#5165),#5169);
#5165 = CIRCLE('',#5166,2.);
#5166 = AXIS2_PLACEMENT_2D('',#5167,#5168);
#5167 = CARTESIAN_POINT('',(118.,29.));
#5168 = DIRECTION('',(0.,-1.));
#5169 = ( GEOMETRIC_REPRESENTATION_CONTEXT(2) 
PARAMETRIC_REPRESENTATION_CONTEXT() REPRESENTATION_CONTEXT('2D SPACE',''
  ) );
#5170 = PCURVE('',#1598,#5171);
#5171 = DEFINITIONAL_REPRESENTATION('',(#5172),#5176);
#5172 = LINE('',#5173,#5174);
#5173 = CARTESIAN_POINT('',(-6.28318530718,-184.0000003));
#5174 = VECTOR('',#5175,1.);
#5175 = DIRECTION('',(1.,-0.));
#5176 = ( GEOMETRIC_REPRESENTATION_CONTEXT(2) 
PARAMETRIC_REPRESENTATION_CONTEXT() REPRESENTATION_CONTEXT('2D SPACE',''
  ) );
#5177 = ORIENTED_EDGE('',*,*,#5178,.T.);
#5178 = EDGE_CURVE('',#5153,#5179,#5181,.T.);
#5179 = VERTEX_POINT('',#5180);
#5180 = CARTESIAN_POINT('',(53.,-59.,0.));
#5181 = SURFACE_CURVE('',#5182,(#5186,#5192),.PCURVE_S1.);
#5182 = LINE('',#5183,#5184);
#5183 = CARTESIAN_POINT('',(-16.,-59.,0.));
#5184 = VECTOR('',#5185,1.);
#5185 = DIRECTION('',(1.,0.,-0.));
#5186 = PCURVE('',#100,#5187);
#5187 = DEFINITIONAL_REPRESENTATION('',(#5188),#5191);
#5188 = B_SPLINE_CURVE_WITH_KNOTS('',1,(#5189,#5190),.UNSPECIFIED.,.F.,
  .F.,(2,2),(59.,69.),.PIECEWISE_BEZIER_KNOTS.);
#5189 = CARTESIAN_POINT('',(118.,31.));
#5190 = CARTESIAN_POINT('',(128.,31.));
#5191 = ( GEOMETRIC_REPRESENTATION_CONTEXT(2) 
PARAMETRIC_REPRESENTATION_CONTEXT() REPRESENTATION_CONTEXT('2D SPACE',''
  ) );
#5192 = PCURVE('',#1625,#5193);
#5193 = DEFINITIONAL_REPRESENTATION('',(#5194),#5197);
#5194 = B_SPLINE_CURVE_WITH_KNOTS('',1,(#5195,#5196),.UNSPECIFIED.,.F.,
  .F.,(2,2),(59.,69.),.PIECEWISE_BEZIER_KNOTS.);
#5195 = CARTESIAN_POINT('',(0.,-184.0000003));
#5196 = CARTESIAN_POINT('',(10.,-184.0000003));
#5197 = ( GEOMETRIC_REPRESENTATION_CONTEXT(2) 
PARAMETRIC_REPRESENTATION_CONTEXT() REPRESENTATION_CONTEXT('2D SPACE',''
  ) );
#5198 = ORIENTED_EDGE('',*,*,#5199,.F.);
#5199 = EDGE_CURVE('',#5200,#5179,#5202,.T.);
#5200 = VERTEX_POINT('',#5201);
#5201 = CARTESIAN_POINT('',(53.,-63.,0.));
#5202 = SURFACE_CURVE('',#5203,(#5208,#5215),.PCURVE_S1.);
#5203 = CIRCLE('',#5204,2.);
#5204 = AXIS2_PLACEMENT_3D('',#5205,#5206,#5207);
#5205 = CARTESIAN_POINT('',(53.,-61.,0.));
#5206 = DIRECTION('',(0.,-0.,1.));
#5207 = DIRECTION('',(0.,1.,0.));
#5208 = PCURVE('',#100,#5209);
#5209 = DEFINITIONAL_REPRESENTATION('',(#5210),#5214);
#5210 = CIRCLE('',#5211,2.);
#5211 = AXIS2_PLACEMENT_2D('',#5212,#5213);
#5212 = CARTESIAN_POINT('',(128.,29.));
#5213 = DIRECTION('',(0.,1.));
#5214 = ( GEOMETRIC_REPRESENTATION_CONTEXT(2) 
PARAMETRIC_REPRESENTATION_CONTEXT() REPRESENTATION_CONTEXT('2D SPACE',''
  ) );
#5215 = PCURVE('',#1653,#5216);
#5216 = DEFINITIONAL_REPRESENTATION('',(#5217),#5221);
#5217 = LINE('',#5218,#5219);
#5218 = CARTESIAN_POINT('',(-6.28318530718,-184.0000003));
#5219 = VECTOR('',#5220,1.);
#5220 = DIRECTION('',(1.,-0.));
#5221 = ( GEOMETRIC_REPRESENTATION_CONTEXT(2) 
PARAMETRIC_REPRESENTATION_CONTEXT() REPRESENTATION_CONTEXT('2D SPACE',''
  ) );
#5222 = ORIENTED_EDGE('',*,*,#5223,.T.);
#5223 = EDGE_CURVE('',#5200,#5155,#5224,.T.);
#5224 = SURFACE_CURVE('',#5225,(#5229,#5235),.PCURVE_S1.);
#5225 = LINE('',#5226,#5227);
#5226 = CARTESIAN_POINT('',(-11.,-63.,0.));
#5227 = VECTOR('',#5228,1.);
#5228 = DIRECTION('',(-1.,0.,0.));
#5229 = PCURVE('',#100,#5230);
#5230 = DEFINITIONAL_REPRESENTATION('',(#5231),#5234);
#5231 = B_SPLINE_CURVE_WITH_KNOTS('',1,(#5232,#5233),.UNSPECIFIED.,.F.,
  .F.,(2,2),(-64.,-54.),.PIECEWISE_BEZIER_KNOTS.);
#5232 = CARTESIAN_POINT('',(128.,27.));
#5233 = CARTESIAN_POINT('',(118.,27.));
#5234 = ( GEOMETRIC_REPRESENTATION_CONTEXT(2) 
PARAMETRIC_REPRESENTATION_CONTEXT() REPRESENTATION_CONTEXT('2D SPACE',''
  ) );
#5235 = PCURVE('',#1678,#5236);
#5236 = DEFINITIONAL_REPRESENTATION('',(#5237),#5240);
#5237 = B_SPLINE_CURVE_WITH_KNOTS('',1,(#5238,#5239),.UNSPECIFIED.,.F.,
  .F.,(2,2),(-64.,-54.),.PIECEWISE_BEZIER_KNOTS.);
#5238 = CARTESIAN_POINT('',(0.,-184.0000003));
#5239 = CARTESIAN_POINT('',(10.,-184.0000003));
#5240 = ( GEOMETRIC_REPRESENTATION_CONTEXT(2) 
PARAMETRIC_REPRESENTATION_CONTEXT() REPRESENTATION_CONTEXT('2D SPACE',''
  ) );
#5241 = FACE_BOUND('',#5242,.F.);
#5242 = EDGE_LOOP('',(#5243));
#5243 = ORIENTED_EDGE('',*,*,#5244,.T.);
#5244 = EDGE_CURVE('',#5245,#5245,#5247,.T.);
#5245 = VERTEX_POINT('',#5246);
#5246 = CARTESIAN_POINT('',(58.4,-75.,0.));
#5247 = SURFACE_CURVE('',#5248,(#5253,#5264),.PCURVE_S1.);
#5248 = CIRCLE('',#5249,1.6);
#5249 = AXIS2_PLACEMENT_3D('',#5250,#5251,#5252);
#5250 = CARTESIAN_POINT('',(60.,-75.,0.));
#5251 = DIRECTION('',(0.,0.,-1.));
#5252 = DIRECTION('',(-1.,0.,0.));
#5253 = PCURVE('',#100,#5254);
#5254 = DEFINITIONAL_REPRESENTATION('',(#5255),#5263);
#5255 = ( BOUNDED_CURVE() B_SPLINE_CURVE(2,(#5256,#5257,#5258,#5259,
#5260,#5261,#5262),.UNSPECIFIED.,.T.,.F.) B_SPLINE_CURVE_WITH_KNOTS((1,2
    ,2,2,2,1),(-2.094395102393,0.,2.094395102393,4.188790204786,
6.28318530718,8.377580409573),.UNSPECIFIED.) CURVE() 
GEOMETRIC_REPRESENTATION_ITEM() RATIONAL_B_SPLINE_CURVE((1.,0.5,1.,0.5,
1.,0.5,1.)) REPRESENTATION_ITEM('') );
#5256 = CARTESIAN_POINT('',(133.4,15.));
#5257 = CARTESIAN_POINT('',(133.4,17.77128129211));
#5258 = CARTESIAN_POINT('',(135.8,16.385640646055));
#5259 = CARTESIAN_POINT('',(138.2,15.));
#5260 = CARTESIAN_POINT('',(135.8,13.614359353945));
#5261 = CARTESIAN_POINT('',(133.4,12.22871870789));
#5262 = CARTESIAN_POINT('',(133.4,15.));
#5263 = ( GEOMETRIC_REPRESENTATION_CONTEXT(2) 
PARAMETRIC_REPRESENTATION_CONTEXT() REPRESENTATION_CONTEXT('2D SPACE',''
  ) );
#5264 = PCURVE('',#1712,#5265);
#5265 = DEFINITIONAL_REPRESENTATION('',(#5266),#5270);
#5266 = LINE('',#5267,#5268);
#5267 = CARTESIAN_POINT('',(0.,4.));
#5268 = VECTOR('',#5269,1.);
#5269 = DIRECTION('',(1.,0.));
#5270 = ( GEOMETRIC_REPRESENTATION_CONTEXT(2) 
PARAMETRIC_REPRESENTATION_CONTEXT() REPRESENTATION_CONTEXT('2D SPACE',''
  ) );
#5271 = FACE_BOUND('',#5272,.F.);
#5272 = EDGE_LOOP('',(#5273));
#5273 = ORIENTED_EDGE('',*,*,#5274,.T.);
#5274 = EDGE_CURVE('',#5275,#5275,#5277,.T.);
#5275 = VERTEX_POINT('',#5276);
#5276 = CARTESIAN_POINT('',(-1.6,-30.,0.));
#5277 = SURFACE_CURVE('',#5278,(#5283,#5294),.PCURVE_S1.);
#5278 = CIRCLE('',#5279,1.6);
#5279 = AXIS2_PLACEMENT_3D('',#5280,#5281,#5282);
#5280 = CARTESIAN_POINT('',(0.,-30.,0.));
#5281 = DIRECTION('',(0.,0.,-1.));
#5282 = DIRECTION('',(-1.,0.,0.));
#5283 = PCURVE('',#100,#5284);
#5284 = DEFINITIONAL_REPRESENTATION('',(#5285),#5293);
#5285 = ( BOUNDED_CURVE() B_SPLINE_CURVE(2,(#5286,#5287,#5288,#5289,
#5290,#5291,#5292),.UNSPECIFIED.,.T.,.F.) B_SPLINE_CURVE_WITH_KNOTS((1,2
    ,2,2,2,1),(-2.094395102393,0.,2.094395102393,4.188790204786,
6.28318530718,8.377580409573),.UNSPECIFIED.) CURVE() 
GEOMETRIC_REPRESENTATION_ITEM() RATIONAL_B_SPLINE_CURVE((1.,0.5,1.,0.5,
1.,0.5,1.)) REPRESENTATION_ITEM('') );
#5286 = CARTESIAN_POINT('',(73.4,60.));
#5287 = CARTESIAN_POINT('',(73.4,62.77128129211));
#5288 = CARTESIAN_POINT('',(75.8,61.385640646055));
#5289 = CARTESIAN_POINT('',(78.2,60.));
#5290 = CARTESIAN_POINT('',(75.8,58.614359353945));
#5291 = CARTESIAN_POINT('',(73.4,57.22871870789));
#5292 = CARTESIAN_POINT('',(73.4,60.));
#5293 = ( GEOMETRIC_REPRESENTATION_CONTEXT(2) 
PARAMETRIC_REPRESENTATION_CONTEXT() REPRESENTATION_CONTEXT('2D SPACE',''
  ) );
#5294 = PCURVE('',#1747,#5295);
#5295 = DEFINITIONAL_REPRESENTATION('',(#5296),#5300);
#5296 = LINE('',#5297,#5298);
#5297 = CARTESIAN_POINT('',(0.,4.));
#5298 = VECTOR('',#5299,1.);
#5299 = DIRECTION('',(1.,0.));
#5300 = ( GEOMETRIC_REPRESENTATION_CONTEXT(2) 
PARAMETRIC_REPRESENTATION_CONTEXT() REPRESENTATION_CONTEXT('2D SPACE',''
  ) );
#5301 = FACE_BOUND('',#5302,.F.);
#5302 = EDGE_LOOP('',(#5303));
#5303 = ORIENTED_EDGE('',*,*,#5304,.T.);
#5304 = EDGE_CURVE('',#5305,#5305,#5307,.T.);
#5305 = VERTEX_POINT('',#5306);
#5306 = CARTESIAN_POINT('',(13.4,-30.,0.));
#5307 = SURFACE_CURVE('',#5308,(#5313,#5324),.PCURVE_S1.);
#5308 = CIRCLE('',#5309,1.6);
#5309 = AXIS2_PLACEMENT_3D('',#5310,#5311,#5312);
#5310 = CARTESIAN_POINT('',(15.,-30.,0.));
#5311 = DIRECTION('',(0.,0.,-1.));
#5312 = DIRECTION('',(-1.,0.,0.));
#5313 = PCURVE('',#100,#5314);
#5314 = DEFINITIONAL_REPRESENTATION('',(#5315),#5323);
#5315 = ( BOUNDED_CURVE() B_SPLINE_CURVE(2,(#5316,#5317,#5318,#5319,
#5320,#5321,#5322),.UNSPECIFIED.,.T.,.F.) B_SPLINE_CURVE_WITH_KNOTS((1,2
    ,2,2,2,1),(-2.094395102393,0.,2.094395102393,4.188790204786,
6.28318530718,8.377580409573),.UNSPECIFIED.) CURVE() 
GEOMETRIC_REPRESENTATION_ITEM() RATIONAL_B_SPLINE_CURVE((1.,0.5,1.,0.5,
1.,0.5,1.)) REPRESENTATION_ITEM('') );
#5316 = CARTESIAN_POINT('',(88.4,60.));
#5317 = CARTESIAN_POINT('',(88.4,62.77128129211));
#5318 = CARTESIAN_POINT('',(90.8,61.385640646055));
#5319 = CARTESIAN_POINT('',(93.2,60.));
#5320 = CARTESIAN_POINT('',(90.8,58.614359353945));
#5321 = CARTESIAN_POINT('',(88.4,57.22871870789));
#5322 = CARTESIAN_POINT('',(88.4,60.));
#5323 = ( GEOMETRIC_REPRESENTATION_CONTEXT(2) 
PARAMETRIC_REPRESENTATION_CONTEXT() REPRESENTATION_CONTEXT('2D SPACE',''
  ) );
#5324 = PCURVE('',#1782,#5325);
#5325 = DEFINITIONAL_REPRESENTATION('',(#5326),#5330);
#5326 = LINE('',#5327,#5328);
#5327 = CARTESIAN_POINT('',(0.,4.));
#5328 = VECTOR('',#5329,1.);
#5329 = DIRECTION('',(1.,0.));
#5330 = ( GEOMETRIC_REPRESENTATION_CONTEXT(2) 
PARAMETRIC_REPRESENTATION_CONTEXT() REPRESENTATION_CONTEXT('2D SPACE',''
  ) );
#5331 = FACE_BOUND('',#5332,.F.);
#5332 = EDGE_LOOP('',(#5333));
#5333 = ORIENTED_EDGE('',*,*,#5334,.T.);
#5334 = EDGE_CURVE('',#5335,#5335,#5337,.T.);
#5335 = VERTEX_POINT('',#5336);
#5336 = CARTESIAN_POINT('',(28.4,-30.,0.));
#5337 = SURFACE_CURVE('',#5338,(#5343,#5354),.PCURVE_S1.);
#5338 = CIRCLE('',#5339,1.6);
#5339 = AXIS2_PLACEMENT_3D('',#5340,#5341,#5342);
#5340 = CARTESIAN_POINT('',(30.,-30.,0.));
#5341 = DIRECTION('',(0.,0.,-1.));
#5342 = DIRECTION('',(-1.,0.,0.));
#5343 = PCURVE('',#100,#5344);
#5344 = DEFINITIONAL_REPRESENTATION('',(#5345),#5353);
#5345 = ( BOUNDED_CURVE() B_SPLINE_CURVE(2,(#5346,#5347,#5348,#5349,
#5350,#5351,#5352),.UNSPECIFIED.,.T.,.F.) B_SPLINE_CURVE_WITH_KNOTS((1,2
    ,2,2,2,1),(-2.094395102393,0.,2.094395102393,4.188790204786,
6.28318530718,8.377580409573),.UNSPECIFIED.) CURVE() 
GEOMETRIC_REPRESENTATION_ITEM() RATIONAL_B_SPLINE_CURVE((1.,0.5,1.,0.5,
1.,0.5,1.)) REPRESENTATION_ITEM('') );
#5346 = CARTESIAN_POINT('',(103.4,60.));
#5347 = CARTESIAN_POINT('',(103.4,62.77128129211));
#5348 = CARTESIAN_POINT('',(105.8,61.385640646055));
#5349 = CARTESIAN_POINT('',(108.2,60.));
#5350 = CARTESIAN_POINT('',(105.8,58.614359353945));
#5351 = CARTESIAN_POINT('',(103.4,57.22871870789));
#5352 = CARTESIAN_POINT('',(103.4,60.));
#5353 = ( GEOMETRIC_REPRESENTATION_CONTEXT(2) 
PARAMETRIC_REPRESENTATION_CONTEXT() REPRESENTATION_CONTEXT('2D SPACE',''
  ) );
#5354 = PCURVE('',#1817,#5355);
#5355 = DEFINITIONAL_REPRESENTATION('',(#5356),#5360);
#5356 = LINE('',#5357,#5358);
#5357 = CARTESIAN_POINT('',(0.,4.));
#5358 = VECTOR('',#5359,1.);
#5359 = DIRECTION('',(1.,0.));
#5360 = ( GEOMETRIC_REPRESENTATION_CONTEXT(2) 
PARAMETRIC_REPRESENTATION_CONTEXT() REPRESENTATION_CONTEXT('2D SPACE',''
  ) );
#5361 = FACE_BOUND('',#5362,.F.);
#5362 = EDGE_LOOP('',(#5363));
#5363 = ORIENTED_EDGE('',*,*,#5364,.T.);
#5364 = EDGE_CURVE('',#5365,#5365,#5367,.T.);
#5365 = VERTEX_POINT('',#5366);
#5366 = CARTESIAN_POINT('',(-1.6,-15.,0.));
#5367 = SURFACE_CURVE('',#5368,(#5373,#5384),.PCURVE_S1.);
#5368 = CIRCLE('',#5369,1.6);
#5369 = AXIS2_PLACEMENT_3D('',#5370,#5371,#5372);
#5370 = CARTESIAN_POINT('',(0.,-15.,0.));
#5371 = DIRECTION('',(0.,0.,-1.));
#5372 = DIRECTION('',(-1.,0.,0.));
#5373 = PCURVE('',#100,#5374);
#5374 = DEFINITIONAL_REPRESENTATION('',(#5375),#5383);
#5375 = ( BOUNDED_CURVE() B_SPLINE_CURVE(2,(#5376,#5377,#5378,#5379,
#5380,#5381,#5382),.UNSPECIFIED.,.T.,.F.) B_SPLINE_CURVE_WITH_KNOTS((1,2
    ,2,2,2,1),(-2.094395102393,0.,2.094395102393,4.188790204786,
6.28318530718,8.377580409573),.UNSPECIFIED.) CURVE() 
GEOMETRIC_REPRESENTATION_ITEM() RATIONAL_B_SPLINE_CURVE((1.,0.5,1.,0.5,
1.,0.5,1.)) REPRESENTATION_ITEM('') );
#5376 = CARTESIAN_POINT('',(73.4,75.));
#5377 = CARTESIAN_POINT('',(73.4,77.77128129211));
#5378 = CARTESIAN_POINT('',(75.8,76.385640646055));
#5379 = CARTESIAN_POINT('',(78.2,75.));
#5380 = CARTESIAN_POINT('',(75.8,73.614359353945));
#5381 = CARTESIAN_POINT('',(73.4,72.22871870789));
#5382 = CARTESIAN_POINT('',(73.4,75.));
#5383 = ( GEOMETRIC_REPRESENTATION_CONTEXT(2) 
PARAMETRIC_REPRESENTATION_CONTEXT() REPRESENTATION_CONTEXT('2D SPACE',''
  ) );
#5384 = PCURVE('',#1852,#5385);
#5385 = DEFINITIONAL_REPRESENTATION('',(#5386),#5390);
#5386 = LINE('',#5387,#5388);
#5387 = CARTESIAN_POINT('',(0.,4.));
#5388 = VECTOR('',#5389,1.);
#5389 = DIRECTION('',(1.,0.));
#5390 = ( GEOMETRIC_REPRESENTATION_CONTEXT(2) 
PARAMETRIC_REPRESENTATION_CONTEXT() REPRESENTATION_CONTEXT('2D SPACE',''
  ) );
#5391 = FACE_BOUND('',#5392,.F.);
#5392 = EDGE_LOOP('',(#5393));
#5393 = ORIENTED_EDGE('',*,*,#5394,.T.);
#5394 = EDGE_CURVE('',#5395,#5395,#5397,.T.);
#5395 = VERTEX_POINT('',#5396);
#5396 = CARTESIAN_POINT('',(13.4,-15.,0.));
#5397 = SURFACE_CURVE('',#5398,(#5403,#5414),.PCURVE_S1.);
#5398 = CIRCLE('',#5399,1.6);
#5399 = AXIS2_PLACEMENT_3D('',#5400,#5401,#5402);
#5400 = CARTESIAN_POINT('',(15.,-15.,0.));
#5401 = DIRECTION('',(0.,0.,-1.));
#5402 = DIRECTION('',(-1.,0.,0.));
#5403 = PCURVE('',#100,#5404);
#5404 = DEFINITIONAL_REPRESENTATION('',(#5405),#5413);
#5405 = ( BOUNDED_CURVE() B_SPLINE_CURVE(2,(#5406,#5407,#5408,#5409,
#5410,#5411,#5412),.UNSPECIFIED.,.T.,.F.) B_SPLINE_CURVE_WITH_KNOTS((1,2
    ,2,2,2,1),(-2.094395102393,0.,2.094395102393,4.188790204786,
6.28318530718,8.377580409573),.UNSPECIFIED.) CURVE() 
GEOMETRIC_REPRESENTATION_ITEM() RATIONAL_B_SPLINE_CURVE((1.,0.5,1.,0.5,
1.,0.5,1.)) REPRESENTATION_ITEM('') );
#5406 = CARTESIAN_POINT('',(88.4,75.));
#5407 = CARTESIAN_POINT('',(88.4,77.77128129211));
#5408 = CARTESIAN_POINT('',(90.8,76.385640646055));
#5409 = CARTESIAN_POINT('',(93.2,75.));
#5410 = CARTESIAN_POINT('',(90.8,73.614359353945));
#5411 = CARTESIAN_POINT('',(88.4,72.22871870789));
#5412 = CARTESIAN_POINT('',(88.4,75.));
#5413 = ( GEOMETRIC_REPRESENTATION_CONTEXT(2) 
PARAMETRIC_REPRESENTATION_CONTEXT() REPRESENTATION_CONTEXT('2D SPACE',''
  ) );
#5414 = PCURVE('',#1887,#5415);
#5415 = DEFINITIONAL_REPRESENTATION('',(#5416),#5420);
#5416 = LINE('',#5417,#5418);
#5417 = CARTESIAN_POINT('',(0.,4.));
#5418 = VECTOR('',#5419,1.);
#5419 = DIRECTION('',(1.,0.));
#5420 = ( GEOMETRIC_REPRESENTATION_CONTEXT(2) 
PARAMETRIC_REPRESENTATION_CONTEXT() REPRESENTATION_CONTEXT('2D SPACE',''
  ) );
#5421 = FACE_BOUND('',#5422,.F.);
#5422 = EDGE_LOOP('',(#5423));
#5423 = ORIENTED_EDGE('',*,*,#5424,.T.);
#5424 = EDGE_CURVE('',#5425,#5425,#5427,.T.);
#5425 = VERTEX_POINT('',#5426);
#5426 = CARTESIAN_POINT('',(-1.6,-3.918869757272E-16,0.));
#5427 = SURFACE_CURVE('',#5428,(#5433,#5444),.PCURVE_S1.);
#5428 = CIRCLE('',#5429,1.6);
#5429 = AXIS2_PLACEMENT_3D('',#5430,#5431,#5432);
#5430 = CARTESIAN_POINT('',(0.,0.,0.));
#5431 = DIRECTION('',(0.,0.,-1.));
#5432 = DIRECTION('',(-1.,0.,0.));
#5433 = PCURVE('',#100,#5434);
#5434 = DEFINITIONAL_REPRESENTATION('',(#5435),#5443);
#5435 = ( BOUNDED_CURVE() B_SPLINE_CURVE(2,(#5436,#5437,#5438,#5439,
#5440,#5441,#5442),.UNSPECIFIED.,.T.,.F.) B_SPLINE_CURVE_WITH_KNOTS((1,2
    ,2,2,2,1),(-2.094395102393,0.,2.094395102393,4.188790204786,
6.28318530718,8.377580409573),.UNSPECIFIED.) CURVE() 
GEOMETRIC_REPRESENTATION_ITEM() RATIONAL_B_SPLINE_CURVE((1.,0.5,1.,0.5,
1.,0.5,1.)) REPRESENTATION_ITEM('') );
#5436 = CARTESIAN_POINT('',(73.4,90.));
#5437 = CARTESIAN_POINT('',(73.4,92.77128129211));
#5438 = CARTESIAN_POINT('',(75.8,91.385640646055));
#5439 = CARTESIAN_POINT('',(78.2,90.));
#5440 = CARTESIAN_POINT('',(75.8,88.614359353945));
#5441 = CARTESIAN_POINT('',(73.4,87.22871870789));
#5442 = CARTESIAN_POINT('',(73.4,90.));
#5443 = ( GEOMETRIC_REPRESENTATION_CONTEXT(2) 
PARAMETRIC_REPRESENTATION_CONTEXT() REPRESENTATION_CONTEXT('2D SPACE',''
  ) );
#5444 = PCURVE('',#1922,#5445);
#5445 = DEFINITIONAL_REPRESENTATION('',(#5446),#5450);
#5446 = LINE('',#5447,#5448);
#5447 = CARTESIAN_POINT('',(0.,4.));
#5448 = VECTOR('',#5449,1.);
#5449 = DIRECTION('',(1.,0.));
#5450 = ( GEOMETRIC_REPRESENTATION_CONTEXT(2) 
PARAMETRIC_REPRESENTATION_CONTEXT() REPRESENTATION_CONTEXT('2D SPACE',''
  ) );
#5451 = FACE_BOUND('',#5452,.F.);
#5452 = EDGE_LOOP('',(#5453));
#5453 = ORIENTED_EDGE('',*,*,#5454,.T.);
#5454 = EDGE_CURVE('',#5455,#5455,#5457,.T.);
#5455 = VERTEX_POINT('',#5456);
#5456 = CARTESIAN_POINT('',(13.4,-3.918869757272E-16,0.));
#5457 = SURFACE_CURVE('',#5458,(#5463,#5474),.PCURVE_S1.);
#5458 = CIRCLE('',#5459,1.6);
#5459 = AXIS2_PLACEMENT_3D('',#5460,#5461,#5462);
#5460 = CARTESIAN_POINT('',(15.,0.,0.));
#5461 = DIRECTION('',(0.,0.,-1.));
#5462 = DIRECTION('',(-1.,0.,0.));
#5463 = PCURVE('',#100,#5464);
#5464 = DEFINITIONAL_REPRESENTATION('',(#5465),#5473);
#5465 = ( BOUNDED_CURVE() B_SPLINE_CURVE(2,(#5466,#5467,#5468,#5469,
#5470,#5471,#5472),.UNSPECIFIED.,.T.,.F.) B_SPLINE_CURVE_WITH_KNOTS((1,2
    ,2,2,2,1),(-2.094395102393,0.,2.094395102393,4.188790204786,
6.28318530718,8.377580409573),.UNSPECIFIED.) CURVE() 
GEOMETRIC_REPRESENTATION_ITEM() RATIONAL_B_SPLINE_CURVE((1.,0.5,1.,0.5,
1.,0.5,1.)) REPRESENTATION_ITEM('') );
#5466 = CARTESIAN_POINT('',(88.4,90.));
#5467 = CARTESIAN_POINT('',(88.4,92.77128129211));
#5468 = CARTESIAN_POINT('',(90.8,91.385640646055));
#5469 = CARTESIAN_POINT('',(93.2,90.));
#5470 = CARTESIAN_POINT('',(90.8,88.614359353945));
#5471 = CARTESIAN_POINT('',(88.4,87.22871870789));
#5472 = CARTESIAN_POINT('',(88.4,90.));
#5473 = ( GEOMETRIC_REPRESENTATION_CONTEXT(2) 
PARAMETRIC_REPRESENTATION_CONTEXT() REPRESENTATION_CONTEXT('2D SPACE',''
  ) );
#5474 = PCURVE('',#1957,#5475);
#5475 = DEFINITIONAL_REPRESENTATION('',(#5476),#5480);
#5476 = LINE('',#5477,#5478);
#5477 = CARTESIAN_POINT('',(0.,4.));
#5478 = VECTOR('',#5479,1.);
#5479 = DIRECTION('',(1.,0.));
#5480 = ( GEOMETRIC_REPRESENTATION_CONTEXT(2) 
PARAMETRIC_REPRESENTATION_CONTEXT() REPRESENTATION_CONTEXT('2D SPACE',''
  ) );
#5481 = FACE_BOUND('',#5482,.F.);
#5482 = EDGE_LOOP('',(#5483));
#5483 = ORIENTED_EDGE('',*,*,#5484,.T.);
#5484 = EDGE_CURVE('',#5485,#5485,#5487,.T.);
#5485 = VERTEX_POINT('',#5486);
#5486 = CARTESIAN_POINT('',(28.4,-15.,0.));
#5487 = SURFACE_CURVE('',#5488,(#5493,#5504),.PCURVE_S1.);
#5488 = CIRCLE('',#5489,1.6);
#5489 = AXIS2_PLACEMENT_3D('',#5490,#5491,#5492);
#5490 = CARTESIAN_POINT('',(30.,-15.,0.));
#5491 = DIRECTION('',(0.,0.,-1.));
#5492 = DIRECTION('',(-1.,0.,0.));
#5493 = PCURVE('',#100,#5494);
#5494 = DEFINITIONAL_REPRESENTATION('',(#5495),#5503);
#5495 = ( BOUNDED_CURVE() B_SPLINE_CURVE(2,(#5496,#5497,#5498,#5499,
#5500,#5501,#5502),.UNSPECIFIED.,.T.,.F.) B_SPLINE_CURVE_WITH_KNOTS((1,2
    ,2,2,2,1),(-2.094395102393,0.,2.094395102393,4.188790204786,
6.28318530718,8.377580409573),.UNSPECIFIED.) CURVE() 
GEOMETRIC_REPRESENTATION_ITEM() RATIONAL_B_SPLINE_CURVE((1.,0.5,1.,0.5,
1.,0.5,1.)) REPRESENTATION_ITEM('') );
#5496 = CARTESIAN_POINT('',(103.4,75.));
#5497 = CARTESIAN_POINT('',(103.4,77.77128129211));
#5498 = CARTESIAN_POINT('',(105.8,76.385640646055));
#5499 = CARTESIAN_POINT('',(108.2,75.));
#5500 = CARTESIAN_POINT('',(105.8,73.614359353945));
#5501 = CARTESIAN_POINT('',(103.4,72.22871870789));
#5502 = CARTESIAN_POINT('',(103.4,75.));
#5503 = ( GEOMETRIC_REPRESENTATION_CONTEXT(2) 
PARAMETRIC_REPRESENTATION_CONTEXT() REPRESENTATION_CONTEXT('2D SPACE',''
  ) );
#5504 = PCURVE('',#1992,#5505);
#5505 = DEFINITIONAL_REPRESENTATION('',(#5506),#5510);
#5506 = LINE('',#5507,#5508);
#5507 = CARTESIAN_POINT('',(0.,4.));
#5508 = VECTOR('',#5509,1.);
#5509 = DIRECTION('',(1.,0.));
#5510 = ( GEOMETRIC_REPRESENTATION_CONTEXT(2) 
PARAMETRIC_REPRESENTATION_CONTEXT() REPRESENTATION_CONTEXT('2D SPACE',''
  ) );
#5511 = FACE_BOUND('',#5512,.F.);
#5512 = EDGE_LOOP('',(#5513));
#5513 = ORIENTED_EDGE('',*,*,#5514,.T.);
#5514 = EDGE_CURVE('',#5515,#5515,#5517,.T.);
#5515 = VERTEX_POINT('',#5516);
#5516 = CARTESIAN_POINT('',(28.4,-3.918869757272E-16,0.));
#5517 = SURFACE_CURVE('',#5518,(#5523,#5534),.PCURVE_S1.);
#5518 = CIRCLE('',#5519,1.6);
#5519 = AXIS2_PLACEMENT_3D('',#5520,#5521,#5522);
#5520 = CARTESIAN_POINT('',(30.,0.,0.));
#5521 = DIRECTION('',(0.,0.,-1.));
#5522 = DIRECTION('',(-1.,0.,0.));
#5523 = PCURVE('',#100,#5524);
#5524 = DEFINITIONAL_REPRESENTATION('',(#5525),#5533);
#5525 = ( BOUNDED_CURVE() B_SPLINE_CURVE(2,(#5526,#5527,#5528,#5529,
#5530,#5531,#5532),.UNSPECIFIED.,.T.,.F.) B_SPLINE_CURVE_WITH_KNOTS((1,2
    ,2,2,2,1),(-2.094395102393,0.,2.094395102393,4.188790204786,
6.28318530718,8.377580409573),.UNSPECIFIED.) CURVE() 
GEOMETRIC_REPRESENTATION_ITEM() RATIONAL_B_SPLINE_CURVE((1.,0.5,1.,0.5,
1.,0.5,1.)) REPRESENTATION_ITEM('') );
#5526 = CARTESIAN_POINT('',(103.4,90.));
#5527 = CARTESIAN_POINT('',(103.4,92.77128129211));
#5528 = CARTESIAN_POINT('',(105.8,91.385640646055));
#5529 = CARTESIAN_POINT('',(108.2,90.));
#5530 = CARTESIAN_POINT('',(105.8,88.614359353945));
#5531 = CARTESIAN_POINT('',(103.4,87.22871870789));
#5532 = CARTESIAN_POINT('',(103.4,90.));
#5533 = ( GEOMETRIC_REPRESENTATION_CONTEXT(2) 
PARAMETRIC_REPRESENTATION_CONTEXT() REPRESENTATION_CONTEXT('2D SPACE',''
  ) );
#5534 = PCURVE('',#2027,#5535);
#5535 = DEFINITIONAL_REPRESENTATION('',(#5536),#5540);
#5536 = LINE('',#5537,#5538);
#5537 = CARTESIAN_POINT('',(0.,4.));
#5538 = VECTOR('',#5539,1.);
#5539 = DIRECTION('',(1.,0.));
#5540 = ( GEOMETRIC_REPRESENTATION_CONTEXT(2) 
PARAMETRIC_REPRESENTATION_CONTEXT() REPRESENTATION_CONTEXT('2D SPACE',''
  ) );
#5541 = FACE_BOUND('',#5542,.F.);
#5542 = EDGE_LOOP('',(#5543,#5569,#5590,#5614));
#5543 = ORIENTED_EDGE('',*,*,#5544,.F.);
#5544 = EDGE_CURVE('',#5545,#5547,#5549,.T.);
#5545 = VERTEX_POINT('',#5546);
#5546 = CARTESIAN_POINT('',(43.,-27.,0.));
#5547 = VERTEX_POINT('',#5548);
#5548 = CARTESIAN_POINT('',(43.,-31.,0.));
#5549 = SURFACE_CURVE('',#5550,(#5555,#5562),.PCURVE_S1.);
#5550 = CIRCLE('',#5551,2.);
#5551 = AXIS2_PLACEMENT_3D('',#5552,#5553,#5554);
#5552 = CARTESIAN_POINT('',(43.,-29.,0.));
#5553 = DIRECTION('',(0.,0.,1.));
#5554 = DIRECTION('',(-0.,-1.,0.));
#5555 = PCURVE('',#100,#5556);
#5556 = DEFINITIONAL_REPRESENTATION('',(#5557),#5561);
#5557 = CIRCLE('',#5558,2.);
#5558 = AXIS2_PLACEMENT_2D('',#5559,#5560);
#5559 = CARTESIAN_POINT('',(118.,61.));
#5560 = DIRECTION('',(0.,-1.));
#5561 = ( GEOMETRIC_REPRESENTATION_CONTEXT(2) 
PARAMETRIC_REPRESENTATION_CONTEXT() REPRESENTATION_CONTEXT('2D SPACE',''
  ) );
#5562 = PCURVE('',#2060,#5563);
#5563 = DEFINITIONAL_REPRESENTATION('',(#5564),#5568);
#5564 = LINE('',#5565,#5566);
#5565 = CARTESIAN_POINT('',(-6.28318530718,-184.0000003));
#5566 = VECTOR('',#5567,1.);
#5567 = DIRECTION('',(1.,-0.));
#5568 = ( GEOMETRIC_REPRESENTATION_CONTEXT(2) 
PARAMETRIC_REPRESENTATION_CONTEXT() REPRESENTATION_CONTEXT('2D SPACE',''
  ) );
#5569 = ORIENTED_EDGE('',*,*,#5570,.T.);
#5570 = EDGE_CURVE('',#5545,#5571,#5573,.T.);
#5571 = VERTEX_POINT('',#5572);
#5572 = CARTESIAN_POINT('',(53.,-27.,0.));
#5573 = SURFACE_CURVE('',#5574,(#5578,#5584),.PCURVE_S1.);
#5574 = LINE('',#5575,#5576);
#5575 = CARTESIAN_POINT('',(-16.,-27.,0.));
#5576 = VECTOR('',#5577,1.);
#5577 = DIRECTION('',(1.,0.,-0.));
#5578 = PCURVE('',#100,#5579);
#5579 = DEFINITIONAL_REPRESENTATION('',(#5580),#5583);
#5580 = B_SPLINE_CURVE_WITH_KNOTS('',1,(#5581,#5582),.UNSPECIFIED.,.F.,
  .F.,(2,2),(59.,69.),.PIECEWISE_BEZIER_KNOTS.);
#5581 = CARTESIAN_POINT('',(118.,63.));
#5582 = CARTESIAN_POINT('',(128.,63.));
#5583 = ( GEOMETRIC_REPRESENTATION_CONTEXT(2) 
PARAMETRIC_REPRESENTATION_CONTEXT() REPRESENTATION_CONTEXT('2D SPACE',''
  ) );
#5584 = PCURVE('',#2087,#5585);
#5585 = DEFINITIONAL_REPRESENTATION('',(#5586),#5589);
#5586 = B_SPLINE_CURVE_WITH_KNOTS('',1,(#5587,#5588),.UNSPECIFIED.,.F.,
  .F.,(2,2),(59.,69.),.PIECEWISE_BEZIER_KNOTS.);
#5587 = CARTESIAN_POINT('',(0.,-184.0000003));
#5588 = CARTESIAN_POINT('',(10.,-184.0000003));
#5589 = ( GEOMETRIC_REPRESENTATION_CONTEXT(2) 
PARAMETRIC_REPRESENTATION_CONTEXT() REPRESENTATION_CONTEXT('2D SPACE',''
  ) );
#5590 = ORIENTED_EDGE('',*,*,#5591,.F.);
#5591 = EDGE_CURVE('',#5592,#5571,#5594,.T.);
#5592 = VERTEX_POINT('',#5593);
#5593 = CARTESIAN_POINT('',(53.,-31.,0.));
#5594 = SURFACE_CURVE('',#5595,(#5600,#5607),.PCURVE_S1.);
#5595 = CIRCLE('',#5596,2.);
#5596 = AXIS2_PLACEMENT_3D('',#5597,#5598,#5599);
#5597 = CARTESIAN_POINT('',(53.,-29.,0.));
#5598 = DIRECTION('',(0.,-0.,1.));
#5599 = DIRECTION('',(0.,1.,0.));
#5600 = PCURVE('',#100,#5601);
#5601 = DEFINITIONAL_REPRESENTATION('',(#5602),#5606);
#5602 = CIRCLE('',#5603,2.);
#5603 = AXIS2_PLACEMENT_2D('',#5604,#5605);
#5604 = CARTESIAN_POINT('',(128.,61.));
#5605 = DIRECTION('',(0.,1.));
#5606 = ( GEOMETRIC_REPRESENTATION_CONTEXT(2) 
PARAMETRIC_REPRESENTATION_CONTEXT() REPRESENTATION_CONTEXT('2D SPACE',''
  ) );
#5607 = PCURVE('',#2115,#5608);
#5608 = DEFINITIONAL_REPRESENTATION('',(#5609),#5613);
#5609 = LINE('',#5610,#5611);
#5610 = CARTESIAN_POINT('',(-6.28318530718,-184.0000003));
#5611 = VECTOR('',#5612,1.);
#5612 = DIRECTION('',(1.,-0.));
#5613 = ( GEOMETRIC_REPRESENTATION_CONTEXT(2) 
PARAMETRIC_REPRESENTATION_CONTEXT() REPRESENTATION_CONTEXT('2D SPACE',''
  ) );
#5614 = ORIENTED_EDGE('',*,*,#5615,.T.);
#5615 = EDGE_CURVE('',#5592,#5547,#5616,.T.);
#5616 = SURFACE_CURVE('',#5617,(#5621,#5627),.PCURVE_S1.);
#5617 = LINE('',#5618,#5619);
#5618 = CARTESIAN_POINT('',(-11.,-31.,0.));
#5619 = VECTOR('',#5620,1.);
#5620 = DIRECTION('',(-1.,0.,0.));
#5621 = PCURVE('',#100,#5622);
#5622 = DEFINITIONAL_REPRESENTATION('',(#5623),#5626);
#5623 = B_SPLINE_CURVE_WITH_KNOTS('',1,(#5624,#5625),.UNSPECIFIED.,.F.,
  .F.,(2,2),(-64.,-54.),.PIECEWISE_BEZIER_KNOTS.);
#5624 = CARTESIAN_POINT('',(128.,59.));
#5625 = CARTESIAN_POINT('',(118.,59.));
#5626 = ( GEOMETRIC_REPRESENTATION_CONTEXT(2) 
PARAMETRIC_REPRESENTATION_CONTEXT() REPRESENTATION_CONTEXT('2D SPACE',''
  ) );
#5627 = PCURVE('',#2140,#5628);
#5628 = DEFINITIONAL_REPRESENTATION('',(#5629),#5632);
#5629 = B_SPLINE_CURVE_WITH_KNOTS('',1,(#5630,#5631),.UNSPECIFIED.,.F.,
  .F.,(2,2),(-64.,-54.),.PIECEWISE_BEZIER_KNOTS.);
#5630 = CARTESIAN_POINT('',(0.,-184.0000003));
#5631 = CARTESIAN_POINT('',(10.,-184.0000003));
#5632 = ( GEOMETRIC_REPRESENTATION_CONTEXT(2) 
PARAMETRIC_REPRESENTATION_CONTEXT() REPRESENTATION_CONTEXT('2D SPACE',''
  ) );
#5633 = FACE_BOUND('',#5634,.F.);
#5634 = EDGE_LOOP('',(#5635));
#5635 = ORIENTED_EDGE('',*,*,#5636,.T.);
#5636 = EDGE_CURVE('',#5637,#5637,#5639,.T.);
#5637 = VERTEX_POINT('',#5638);
#5638 = CARTESIAN_POINT('',(43.4,-15.,0.));
#5639 = SURFACE_CURVE('',#5640,(#5645,#5656),.PCURVE_S1.);
#5640 = CIRCLE('',#5641,1.6);
#5641 = AXIS2_PLACEMENT_3D('',#5642,#5643,#5644);
#5642 = CARTESIAN_POINT('',(45.,-15.,0.));
#5643 = DIRECTION('',(0.,0.,-1.));
#5644 = DIRECTION('',(-1.,0.,0.));
#5645 = PCURVE('',#100,#5646);
#5646 = DEFINITIONAL_REPRESENTATION('',(#5647),#5655);
#5647 = ( BOUNDED_CURVE() B_SPLINE_CURVE(2,(#5648,#5649,#5650,#5651,
#5652,#5653,#5654),.UNSPECIFIED.,.T.,.F.) B_SPLINE_CURVE_WITH_KNOTS((1,2
    ,2,2,2,1),(-2.094395102393,0.,2.094395102393,4.188790204786,
6.28318530718,8.377580409573),.UNSPECIFIED.) CURVE() 
GEOMETRIC_REPRESENTATION_ITEM() RATIONAL_B_SPLINE_CURVE((1.,0.5,1.,0.5,
1.,0.5,1.)) REPRESENTATION_ITEM('') );
#5648 = CARTESIAN_POINT('',(118.4,75.));
#5649 = CARTESIAN_POINT('',(118.4,77.77128129211));
#5650 = CARTESIAN_POINT('',(120.8,76.385640646055));
#5651 = CARTESIAN_POINT('',(123.2,75.));
#5652 = CARTESIAN_POINT('',(120.8,73.614359353945));
#5653 = CARTESIAN_POINT('',(118.4,72.22871870789));
#5654 = CARTESIAN_POINT('',(118.4,75.));
#5655 = ( GEOMETRIC_REPRESENTATION_CONTEXT(2) 
PARAMETRIC_REPRESENTATION_CONTEXT() REPRESENTATION_CONTEXT('2D SPACE',''
  ) );
#5656 = PCURVE('',#2174,#5657);
#5657 = DEFINITIONAL_REPRESENTATION('',(#5658),#5662);
#5658 = LINE('',#5659,#5660);
#5659 = CARTESIAN_POINT('',(0.,4.));
#5660 = VECTOR('',#5661,1.);
#5661 = DIRECTION('',(1.,0.));
#5662 = ( GEOMETRIC_REPRESENTATION_CONTEXT(2) 
PARAMETRIC_REPRESENTATION_CONTEXT() REPRESENTATION_CONTEXT('2D SPACE',''
  ) );
#5663 = FACE_BOUND('',#5664,.F.);
#5664 = EDGE_LOOP('',(#5665));
#5665 = ORIENTED_EDGE('',*,*,#5666,.T.);
#5666 = EDGE_CURVE('',#5667,#5667,#5669,.T.);
#5667 = VERTEX_POINT('',#5668);
#5668 = CARTESIAN_POINT('',(43.4,-3.918869757272E-16,0.));
#5669 = SURFACE_CURVE('',#5670,(#5675,#5686),.PCURVE_S1.);
#5670 = CIRCLE('',#5671,1.6);
#5671 = AXIS2_PLACEMENT_3D('',#5672,#5673,#5674);
#5672 = CARTESIAN_POINT('',(45.,0.,0.));
#5673 = DIRECTION('',(0.,0.,-1.));
#5674 = DIRECTION('',(-1.,0.,0.));
#5675 = PCURVE('',#100,#5676);
#5676 = DEFINITIONAL_REPRESENTATION('',(#5677),#5685);
#5677 = ( BOUNDED_CURVE() B_SPLINE_CURVE(2,(#5678,#5679,#5680,#5681,
#5682,#5683,#5684),.UNSPECIFIED.,.T.,.F.) B_SPLINE_CURVE_WITH_KNOTS((1,2
    ,2,2,2,1),(-2.094395102393,0.,2.094395102393,4.188790204786,
6.28318530718,8.377580409573),.UNSPECIFIED.) CURVE() 
GEOMETRIC_REPRESENTATION_ITEM() RATIONAL_B_SPLINE_CURVE((1.,0.5,1.,0.5,
1.,0.5,1.)) REPRESENTATION_ITEM('') );
#5678 = CARTESIAN_POINT('',(118.4,90.));
#5679 = CARTESIAN_POINT('',(118.4,92.77128129211));
#5680 = CARTESIAN_POINT('',(120.8,91.385640646055));
#5681 = CARTESIAN_POINT('',(123.2,90.));
#5682 = CARTESIAN_POINT('',(120.8,88.614359353945));
#5683 = CARTESIAN_POINT('',(118.4,87.22871870789));
#5684 = CARTESIAN_POINT('',(118.4,90.));
#5685 = ( GEOMETRIC_REPRESENTATION_CONTEXT(2) 
PARAMETRIC_REPRESENTATION_CONTEXT() REPRESENTATION_CONTEXT('2D SPACE',''
  ) );
#5686 = PCURVE('',#2209,#5687);
#5687 = DEFINITIONAL_REPRESENTATION('',(#5688),#5692);
#5688 = LINE('',#5689,#5690);
#5689 = CARTESIAN_POINT('',(0.,4.));
#5690 = VECTOR('',#5691,1.);
#5691 = DIRECTION('',(1.,0.));
#5692 = ( GEOMETRIC_REPRESENTATION_CONTEXT(2) 
PARAMETRIC_REPRESENTATION_CONTEXT() REPRESENTATION_CONTEXT('2D SPACE',''
  ) );
#5693 = FACE_BOUND('',#5694,.F.);
#5694 = EDGE_LOOP('',(#5695));
#5695 = ORIENTED_EDGE('',*,*,#5696,.T.);
#5696 = EDGE_CURVE('',#5697,#5697,#5699,.T.);
#5697 = VERTEX_POINT('',#5698);
#5698 = CARTESIAN_POINT('',(58.4,-15.,0.));
#5699 = SURFACE_CURVE('',#5700,(#5705,#5716),.PCURVE_S1.);
#5700 = CIRCLE('',#5701,1.6);
#5701 = AXIS2_PLACEMENT_3D('',#5702,#5703,#5704);
#5702 = CARTESIAN_POINT('',(60.,-15.,0.));
#5703 = DIRECTION('',(0.,0.,-1.));
#5704 = DIRECTION('',(-1.,0.,0.));
#5705 = PCURVE('',#100,#5706);
#5706 = DEFINITIONAL_REPRESENTATION('',(#5707),#5715);
#5707 = ( BOUNDED_CURVE() B_SPLINE_CURVE(2,(#5708,#5709,#5710,#5711,
#5712,#5713,#5714),.UNSPECIFIED.,.T.,.F.) B_SPLINE_CURVE_WITH_KNOTS((1,2
    ,2,2,2,1),(-2.094395102393,0.,2.094395102393,4.188790204786,
6.28318530718,8.377580409573),.UNSPECIFIED.) CURVE() 
GEOMETRIC_REPRESENTATION_ITEM() RATIONAL_B_SPLINE_CURVE((1.,0.5,1.,0.5,
1.,0.5,1.)) REPRESENTATION_ITEM('') );
#5708 = CARTESIAN_POINT('',(133.4,75.));
#5709 = CARTESIAN_POINT('',(133.4,77.77128129211));
#5710 = CARTESIAN_POINT('',(135.8,76.385640646055));
#5711 = CARTESIAN_POINT('',(138.2,75.));
#5712 = CARTESIAN_POINT('',(135.8,73.614359353945));
#5713 = CARTESIAN_POINT('',(133.4,72.22871870789));
#5714 = CARTESIAN_POINT('',(133.4,75.));
#5715 = ( GEOMETRIC_REPRESENTATION_CONTEXT(2) 
PARAMETRIC_REPRESENTATION_CONTEXT() REPRESENTATION_CONTEXT('2D SPACE',''
  ) );
#5716 = PCURVE('',#2244,#5717);
#5717 = DEFINITIONAL_REPRESENTATION('',(#5718),#5722);
#5718 = LINE('',#5719,#5720);
#5719 = CARTESIAN_POINT('',(0.,4.));
#5720 = VECTOR('',#5721,1.);
#5721 = DIRECTION('',(1.,0.));
#5722 = ( GEOMETRIC_REPRESENTATION_CONTEXT(2) 
PARAMETRIC_REPRESENTATION_CONTEXT() REPRESENTATION_CONTEXT('2D SPACE',''
  ) );
#5723 = FACE_BOUND('',#5724,.F.);
#5724 = EDGE_LOOP('',(#5725));
#5725 = ORIENTED_EDGE('',*,*,#5726,.T.);
#5726 = EDGE_CURVE('',#5727,#5727,#5729,.T.);
#5727 = VERTEX_POINT('',#5728);
#5728 = CARTESIAN_POINT('',(64.4,-11.,0.));
#5729 = SURFACE_CURVE('',#5730,(#5735,#5746),.PCURVE_S1.);
#5730 = CIRCLE('',#5731,1.6);
#5731 = AXIS2_PLACEMENT_3D('',#5732,#5733,#5734);
#5732 = CARTESIAN_POINT('',(66.,-11.,0.));
#5733 = DIRECTION('',(0.,0.,-1.));
#5734 = DIRECTION('',(-1.,0.,0.));
#5735 = PCURVE('',#100,#5736);
#5736 = DEFINITIONAL_REPRESENTATION('',(#5737),#5745);
#5737 = ( BOUNDED_CURVE() B_SPLINE_CURVE(2,(#5738,#5739,#5740,#5741,
#5742,#5743,#5744),.UNSPECIFIED.,.T.,.F.) B_SPLINE_CURVE_WITH_KNOTS((1,2
    ,2,2,2,1),(-2.094395102393,0.,2.094395102393,4.188790204786,
6.28318530718,8.377580409573),.UNSPECIFIED.) CURVE() 
GEOMETRIC_REPRESENTATION_ITEM() RATIONAL_B_SPLINE_CURVE((1.,0.5,1.,0.5,
1.,0.5,1.)) REPRESENTATION_ITEM('') );
#5738 = CARTESIAN_POINT('',(139.4,79.));
#5739 = CARTESIAN_POINT('',(139.4,81.77128129211));
#5740 = CARTESIAN_POINT('',(141.8,80.385640646055));
#5741 = CARTESIAN_POINT('',(144.2,79.));
#5742 = CARTESIAN_POINT('',(141.8,77.614359353945));
#5743 = CARTESIAN_POINT('',(139.4,76.22871870789));
#5744 = CARTESIAN_POINT('',(139.4,79.));
#5745 = ( GEOMETRIC_REPRESENTATION_CONTEXT(2) 
PARAMETRIC_REPRESENTATION_CONTEXT() REPRESENTATION_CONTEXT('2D SPACE',''
  ) );
#5746 = PCURVE('',#2279,#5747);
#5747 = DEFINITIONAL_REPRESENTATION('',(#5748),#5752);
#5748 = LINE('',#5749,#5750);
#5749 = CARTESIAN_POINT('',(0.,4.));
#5750 = VECTOR('',#5751,1.);
#5751 = DIRECTION('',(1.,0.));
#5752 = ( GEOMETRIC_REPRESENTATION_CONTEXT(2) 
PARAMETRIC_REPRESENTATION_CONTEXT() REPRESENTATION_CONTEXT('2D SPACE',''
  ) );
#5753 = FACE_BOUND('',#5754,.F.);
#5754 = EDGE_LOOP('',(#5755));
#5755 = ORIENTED_EDGE('',*,*,#5756,.T.);
#5756 = EDGE_CURVE('',#5757,#5757,#5759,.T.);
#5757 = VERTEX_POINT('',#5758);
#5758 = CARTESIAN_POINT('',(58.4,-3.918869757272E-16,0.));
#5759 = SURFACE_CURVE('',#5760,(#5765,#5776),.PCURVE_S1.);
#5760 = CIRCLE('',#5761,1.6);
#5761 = AXIS2_PLACEMENT_3D('',#5762,#5763,#5764);
#5762 = CARTESIAN_POINT('',(60.,0.,0.));
#5763 = DIRECTION('',(0.,0.,-1.));
#5764 = DIRECTION('',(-1.,0.,0.));
#5765 = PCURVE('',#100,#5766);
#5766 = DEFINITIONAL_REPRESENTATION('',(#5767),#5775);
#5767 = ( BOUNDED_CURVE() B_SPLINE_CURVE(2,(#5768,#5769,#5770,#5771,
#5772,#5773,#5774),.UNSPECIFIED.,.T.,.F.) B_SPLINE_CURVE_WITH_KNOTS((1,2
    ,2,2,2,1),(-2.094395102393,0.,2.094395102393,4.188790204786,
6.28318530718,8.377580409573),.UNSPECIFIED.) CURVE() 
GEOMETRIC_REPRESENTATION_ITEM() RATIONAL_B_SPLINE_CURVE((1.,0.5,1.,0.5,
1.,0.5,1.)) REPRESENTATION_ITEM('') );
#5768 = CARTESIAN_POINT('',(133.4,90.));
#5769 = CARTESIAN_POINT('',(133.4,92.77128129211));
#5770 = CARTESIAN_POINT('',(135.8,91.385640646055));
#5771 = CARTESIAN_POINT('',(138.2,90.));
#5772 = CARTESIAN_POINT('',(135.8,88.614359353945));
#5773 = CARTESIAN_POINT('',(133.4,87.22871870789));
#5774 = CARTESIAN_POINT('',(133.4,90.));
#5775 = ( GEOMETRIC_REPRESENTATION_CONTEXT(2) 
PARAMETRIC_REPRESENTATION_CONTEXT() REPRESENTATION_CONTEXT('2D SPACE',''
  ) );
#5776 = PCURVE('',#2314,#5777);
#5777 = DEFINITIONAL_REPRESENTATION('',(#5778),#5782);
#5778 = LINE('',#5779,#5780);
#5779 = CARTESIAN_POINT('',(0.,4.));
#5780 = VECTOR('',#5781,1.);
#5781 = DIRECTION('',(1.,0.));
#5782 = ( GEOMETRIC_REPRESENTATION_CONTEXT(2) 
PARAMETRIC_REPRESENTATION_CONTEXT() REPRESENTATION_CONTEXT('2D SPACE',''
  ) );
#5783 = FACE_BOUND('',#5784,.F.);
#5784 = EDGE_LOOP('',(#5785));
#5785 = ORIENTED_EDGE('',*,*,#5786,.T.);
#5786 = EDGE_CURVE('',#5787,#5787,#5789,.T.);
#5787 = VERTEX_POINT('',#5788);
#5788 = CARTESIAN_POINT('',(-67.6,11.,0.));
#5789 = SURFACE_CURVE('',#5790,(#5795,#5806),.PCURVE_S1.);
#5790 = CIRCLE('',#5791,1.6);
#5791 = AXIS2_PLACEMENT_3D('',#5792,#5793,#5794);
#5792 = CARTESIAN_POINT('',(-66.,11.,0.));
#5793 = DIRECTION('',(0.,0.,-1.));
#5794 = DIRECTION('',(-1.,0.,0.));
#5795 = PCURVE('',#100,#5796);
#5796 = DEFINITIONAL_REPRESENTATION('',(#5797),#5805);
#5797 = ( BOUNDED_CURVE() B_SPLINE_CURVE(2,(#5798,#5799,#5800,#5801,
#5802,#5803,#5804),.UNSPECIFIED.,.T.,.F.) B_SPLINE_CURVE_WITH_KNOTS((1,2
    ,2,2,2,1),(-2.094395102393,0.,2.094395102393,4.188790204786,
6.28318530718,8.377580409573),.UNSPECIFIED.) CURVE() 
GEOMETRIC_REPRESENTATION_ITEM() RATIONAL_B_SPLINE_CURVE((1.,0.5,1.,0.5,
1.,0.5,1.)) REPRESENTATION_ITEM('') );
#5798 = CARTESIAN_POINT('',(7.4,101.));
#5799 = CARTESIAN_POINT('',(7.4,103.77128129211));
#5800 = CARTESIAN_POINT('',(9.8,102.38564064605));
#5801 = CARTESIAN_POINT('',(12.2,101.));
#5802 = CARTESIAN_POINT('',(9.8,99.614359353945));
#5803 = CARTESIAN_POINT('',(7.4,98.22871870789));
#5804 = CARTESIAN_POINT('',(7.4,101.));
#5805 = ( GEOMETRIC_REPRESENTATION_CONTEXT(2) 
PARAMETRIC_REPRESENTATION_CONTEXT() REPRESENTATION_CONTEXT('2D SPACE',''
  ) );
#5806 = PCURVE('',#2349,#5807);
#5807 = DEFINITIONAL_REPRESENTATION('',(#5808),#5812);
#5808 = LINE('',#5809,#5810);
#5809 = CARTESIAN_POINT('',(0.,4.));
#5810 = VECTOR('',#5811,1.);
#5811 = DIRECTION('',(1.,0.));
#5812 = ( GEOMETRIC_REPRESENTATION_CONTEXT(2) 
PARAMETRIC_REPRESENTATION_CONTEXT() REPRESENTATION_CONTEXT('2D SPACE',''
  ) );
#5813 = FACE_BOUND('',#5814,.F.);
#5814 = EDGE_LOOP('',(#5815));
#5815 = ORIENTED_EDGE('',*,*,#5816,.T.);
#5816 = EDGE_CURVE('',#5817,#5817,#5819,.T.);
#5817 = VERTEX_POINT('',#5818);
#5818 = CARTESIAN_POINT('',(-61.6,15.,0.));
#5819 = SURFACE_CURVE('',#5820,(#5825,#5836),.PCURVE_S1.);
#5820 = CIRCLE('',#5821,1.6);
#5821 = AXIS2_PLACEMENT_3D('',#5822,#5823,#5824);
#5822 = CARTESIAN_POINT('',(-60.,15.,0.));
#5823 = DIRECTION('',(0.,0.,-1.));
#5824 = DIRECTION('',(-1.,0.,0.));
#5825 = PCURVE('',#100,#5826);
#5826 = DEFINITIONAL_REPRESENTATION('',(#5827),#5835);
#5827 = ( BOUNDED_CURVE() B_SPLINE_CURVE(2,(#5828,#5829,#5830,#5831,
#5832,#5833,#5834),.UNSPECIFIED.,.T.,.F.) B_SPLINE_CURVE_WITH_KNOTS((1,2
    ,2,2,2,1),(-2.094395102393,0.,2.094395102393,4.188790204786,
6.28318530718,8.377580409573),.UNSPECIFIED.) CURVE() 
GEOMETRIC_REPRESENTATION_ITEM() RATIONAL_B_SPLINE_CURVE((1.,0.5,1.,0.5,
1.,0.5,1.)) REPRESENTATION_ITEM('') );
#5828 = CARTESIAN_POINT('',(13.4,105.));
#5829 = CARTESIAN_POINT('',(13.4,107.77128129211));
#5830 = CARTESIAN_POINT('',(15.8,106.38564064605));
#5831 = CARTESIAN_POINT('',(18.2,105.));
#5832 = CARTESIAN_POINT('',(15.8,103.61435935394));
#5833 = CARTESIAN_POINT('',(13.4,102.22871870789));
#5834 = CARTESIAN_POINT('',(13.4,105.));
#5835 = ( GEOMETRIC_REPRESENTATION_CONTEXT(2) 
PARAMETRIC_REPRESENTATION_CONTEXT() REPRESENTATION_CONTEXT('2D SPACE',''
  ) );
#5836 = PCURVE('',#2384,#5837);
#5837 = DEFINITIONAL_REPRESENTATION('',(#5838),#5842);
#5838 = LINE('',#5839,#5840);
#5839 = CARTESIAN_POINT('',(0.,4.));
#5840 = VECTOR('',#5841,1.);
#5841 = DIRECTION('',(1.,0.));
#5842 = ( GEOMETRIC_REPRESENTATION_CONTEXT(2) 
PARAMETRIC_REPRESENTATION_CONTEXT() REPRESENTATION_CONTEXT('2D SPACE',''
  ) );
#5843 = FACE_BOUND('',#5844,.F.);
#5844 = EDGE_LOOP('',(#5845));
#5845 = ORIENTED_EDGE('',*,*,#5846,.T.);
#5846 = EDGE_CURVE('',#5847,#5847,#5849,.T.);
#5847 = VERTEX_POINT('',#5848);
#5848 = CARTESIAN_POINT('',(-46.6,15.,0.));
#5849 = SURFACE_CURVE('',#5850,(#5855,#5866),.PCURVE_S1.);
#5850 = CIRCLE('',#5851,1.6);
#5851 = AXIS2_PLACEMENT_3D('',#5852,#5853,#5854);
#5852 = CARTESIAN_POINT('',(-45.,15.,0.));
#5853 = DIRECTION('',(0.,0.,-1.));
#5854 = DIRECTION('',(-1.,0.,0.));
#5855 = PCURVE('',#100,#5856);
#5856 = DEFINITIONAL_REPRESENTATION('',(#5857),#5865);
#5857 = ( BOUNDED_CURVE() B_SPLINE_CURVE(2,(#5858,#5859,#5860,#5861,
#5862,#5863,#5864),.UNSPECIFIED.,.T.,.F.) B_SPLINE_CURVE_WITH_KNOTS((1,2
    ,2,2,2,1),(-2.094395102393,0.,2.094395102393,4.188790204786,
6.28318530718,8.377580409573),.UNSPECIFIED.) CURVE() 
GEOMETRIC_REPRESENTATION_ITEM() RATIONAL_B_SPLINE_CURVE((1.,0.5,1.,0.5,
1.,0.5,1.)) REPRESENTATION_ITEM('') );
#5858 = CARTESIAN_POINT('',(28.4,105.));
#5859 = CARTESIAN_POINT('',(28.4,107.77128129211));
#5860 = CARTESIAN_POINT('',(30.8,106.38564064605));
#5861 = CARTESIAN_POINT('',(33.2,105.));
#5862 = CARTESIAN_POINT('',(30.8,103.61435935394));
#5863 = CARTESIAN_POINT('',(28.4,102.22871870789));
#5864 = CARTESIAN_POINT('',(28.4,105.));
#5865 = ( GEOMETRIC_REPRESENTATION_CONTEXT(2) 
PARAMETRIC_REPRESENTATION_CONTEXT() REPRESENTATION_CONTEXT('2D SPACE',''
  ) );
#5866 = PCURVE('',#2419,#5867);
#5867 = DEFINITIONAL_REPRESENTATION('',(#5868),#5872);
#5868 = LINE('',#5869,#5870);
#5869 = CARTESIAN_POINT('',(0.,4.));
#5870 = VECTOR('',#5871,1.);
#5871 = DIRECTION('',(1.,0.));
#5872 = ( GEOMETRIC_REPRESENTATION_CONTEXT(2) 
PARAMETRIC_REPRESENTATION_CONTEXT() REPRESENTATION_CONTEXT('2D SPACE',''
  ) );
#5873 = FACE_BOUND('',#5874,.F.);
#5874 = EDGE_LOOP('',(#5875));
#5875 = ORIENTED_EDGE('',*,*,#5876,.T.);
#5876 = EDGE_CURVE('',#5877,#5877,#5879,.T.);
#5877 = VERTEX_POINT('',#5878);
#5878 = CARTESIAN_POINT('',(-61.6,30.,0.));
#5879 = SURFACE_CURVE('',#5880,(#5885,#5896),.PCURVE_S1.);
#5880 = CIRCLE('',#5881,1.6);
#5881 = AXIS2_PLACEMENT_3D('',#5882,#5883,#5884);
#5882 = CARTESIAN_POINT('',(-60.,30.,0.));
#5883 = DIRECTION('',(0.,0.,-1.));
#5884 = DIRECTION('',(-1.,0.,0.));
#5885 = PCURVE('',#100,#5886);
#5886 = DEFINITIONAL_REPRESENTATION('',(#5887),#5895);
#5887 = ( BOUNDED_CURVE() B_SPLINE_CURVE(2,(#5888,#5889,#5890,#5891,
#5892,#5893,#5894),.UNSPECIFIED.,.T.,.F.) B_SPLINE_CURVE_WITH_KNOTS((1,2
    ,2,2,2,1),(-2.094395102393,0.,2.094395102393,4.188790204786,
6.28318530718,8.377580409573),.UNSPECIFIED.) CURVE() 
GEOMETRIC_REPRESENTATION_ITEM() RATIONAL_B_SPLINE_CURVE((1.,0.5,1.,0.5,
1.,0.5,1.)) REPRESENTATION_ITEM('') );
#5888 = CARTESIAN_POINT('',(13.4,120.));
#5889 = CARTESIAN_POINT('',(13.4,122.77128129211));
#5890 = CARTESIAN_POINT('',(15.8,121.38564064605));
#5891 = CARTESIAN_POINT('',(18.2,120.));
#5892 = CARTESIAN_POINT('',(15.8,118.61435935394));
#5893 = CARTESIAN_POINT('',(13.4,117.22871870789));
#5894 = CARTESIAN_POINT('',(13.4,120.));
#5895 = ( GEOMETRIC_REPRESENTATION_CONTEXT(2) 
PARAMETRIC_REPRESENTATION_CONTEXT() REPRESENTATION_CONTEXT('2D SPACE',''
  ) );
#5896 = PCURVE('',#2454,#5897);
#5897 = DEFINITIONAL_REPRESENTATION('',(#5898),#5902);
#5898 = LINE('',#5899,#5900);
#5899 = CARTESIAN_POINT('',(0.,4.));
#5900 = VECTOR('',#5901,1.);
#5901 = DIRECTION('',(1.,0.));
#5902 = ( GEOMETRIC_REPRESENTATION_CONTEXT(2) 
PARAMETRIC_REPRESENTATION_CONTEXT() REPRESENTATION_CONTEXT('2D SPACE',''
  ) );
#5903 = FACE_BOUND('',#5904,.F.);
#5904 = EDGE_LOOP('',(#5905));
#5905 = ORIENTED_EDGE('',*,*,#5906,.T.);
#5906 = EDGE_CURVE('',#5907,#5907,#5909,.T.);
#5907 = VERTEX_POINT('',#5908);
#5908 = CARTESIAN_POINT('',(-61.6,45.,0.));
#5909 = SURFACE_CURVE('',#5910,(#5915,#5926),.PCURVE_S1.);
#5910 = CIRCLE('',#5911,1.6);
#5911 = AXIS2_PLACEMENT_3D('',#5912,#5913,#5914);
#5912 = CARTESIAN_POINT('',(-60.,45.,0.));
#5913 = DIRECTION('',(0.,0.,-1.));
#5914 = DIRECTION('',(-1.,0.,0.));
#5915 = PCURVE('',#100,#5916);
#5916 = DEFINITIONAL_REPRESENTATION('',(#5917),#5925);
#5917 = ( BOUNDED_CURVE() B_SPLINE_CURVE(2,(#5918,#5919,#5920,#5921,
#5922,#5923,#5924),.UNSPECIFIED.,.T.,.F.) B_SPLINE_CURVE_WITH_KNOTS((1,2
    ,2,2,2,1),(-2.094395102393,0.,2.094395102393,4.188790204786,
6.28318530718,8.377580409573),.UNSPECIFIED.) CURVE() 
GEOMETRIC_REPRESENTATION_ITEM() RATIONAL_B_SPLINE_CURVE((1.,0.5,1.,0.5,
1.,0.5,1.)) REPRESENTATION_ITEM('') );
#5918 = CARTESIAN_POINT('',(13.4,135.));
#5919 = CARTESIAN_POINT('',(13.4,137.77128129211));
#5920 = CARTESIAN_POINT('',(15.8,136.38564064605));
#5921 = CARTESIAN_POINT('',(18.2,135.));
#5922 = CARTESIAN_POINT('',(15.8,133.61435935394));
#5923 = CARTESIAN_POINT('',(13.4,132.22871870789));
#5924 = CARTESIAN_POINT('',(13.4,135.));
#5925 = ( GEOMETRIC_REPRESENTATION_CONTEXT(2) 
PARAMETRIC_REPRESENTATION_CONTEXT() REPRESENTATION_CONTEXT('2D SPACE',''
  ) );
#5926 = PCURVE('',#2489,#5927);
#5927 = DEFINITIONAL_REPRESENTATION('',(#5928),#5932);
#5928 = LINE('',#5929,#5930);
#5929 = CARTESIAN_POINT('',(0.,4.));
#5930 = VECTOR('',#5931,1.);
#5931 = DIRECTION('',(1.,0.));
#5932 = ( GEOMETRIC_REPRESENTATION_CONTEXT(2) 
PARAMETRIC_REPRESENTATION_CONTEXT() REPRESENTATION_CONTEXT('2D SPACE',''
  ) );
#5933 = FACE_BOUND('',#5934,.F.);
#5934 = EDGE_LOOP('',(#5935));
#5935 = ORIENTED_EDGE('',*,*,#5936,.T.);
#5936 = EDGE_CURVE('',#5937,#5937,#5939,.T.);
#5937 = VERTEX_POINT('',#5938);
#5938 = CARTESIAN_POINT('',(-46.6,30.,0.));
#5939 = SURFACE_CURVE('',#5940,(#5945,#5956),.PCURVE_S1.);
#5940 = CIRCLE('',#5941,1.6);
#5941 = AXIS2_PLACEMENT_3D('',#5942,#5943,#5944);
#5942 = CARTESIAN_POINT('',(-45.,30.,0.));
#5943 = DIRECTION('',(0.,0.,-1.));
#5944 = DIRECTION('',(-1.,0.,0.));
#5945 = PCURVE('',#100,#5946);
#5946 = DEFINITIONAL_REPRESENTATION('',(#5947),#5955);
#5947 = ( BOUNDED_CURVE() B_SPLINE_CURVE(2,(#5948,#5949,#5950,#5951,
#5952,#5953,#5954),.UNSPECIFIED.,.T.,.F.) B_SPLINE_CURVE_WITH_KNOTS((1,2
    ,2,2,2,1),(-2.094395102393,0.,2.094395102393,4.188790204786,
6.28318530718,8.377580409573),.UNSPECIFIED.) CURVE() 
GEOMETRIC_REPRESENTATION_ITEM() RATIONAL_B_SPLINE_CURVE((1.,0.5,1.,0.5,
1.,0.5,1.)) REPRESENTATION_ITEM('') );
#5948 = CARTESIAN_POINT('',(28.4,120.));
#5949 = CARTESIAN_POINT('',(28.4,122.77128129211));
#5950 = CARTESIAN_POINT('',(30.8,121.38564064605));
#5951 = CARTESIAN_POINT('',(33.2,120.));
#5952 = CARTESIAN_POINT('',(30.8,118.61435935394));
#5953 = CARTESIAN_POINT('',(28.4,117.22871870789));
#5954 = CARTESIAN_POINT('',(28.4,120.));
#5955 = ( GEOMETRIC_REPRESENTATION_CONTEXT(2) 
PARAMETRIC_REPRESENTATION_CONTEXT() REPRESENTATION_CONTEXT('2D SPACE',''
  ) );
#5956 = PCURVE('',#2524,#5957);
#5957 = DEFINITIONAL_REPRESENTATION('',(#5958),#5962);
#5958 = LINE('',#5959,#5960);
#5959 = CARTESIAN_POINT('',(0.,4.));
#5960 = VECTOR('',#5961,1.);
#5961 = DIRECTION('',(1.,0.));
#5962 = ( GEOMETRIC_REPRESENTATION_CONTEXT(2) 
PARAMETRIC_REPRESENTATION_CONTEXT() REPRESENTATION_CONTEXT('2D SPACE',''
  ) );
#5963 = FACE_BOUND('',#5964,.F.);
#5964 = EDGE_LOOP('',(#5965));
#5965 = ORIENTED_EDGE('',*,*,#5966,.T.);
#5966 = EDGE_CURVE('',#5967,#5967,#5969,.T.);
#5967 = VERTEX_POINT('',#5968);
#5968 = CARTESIAN_POINT('',(-46.6,45.,0.));
#5969 = SURFACE_CURVE('',#5970,(#5975,#5986),.PCURVE_S1.);
#5970 = CIRCLE('',#5971,1.6);
#5971 = AXIS2_PLACEMENT_3D('',#5972,#5973,#5974);
#5972 = CARTESIAN_POINT('',(-45.,45.,0.));
#5973 = DIRECTION('',(0.,0.,-1.));
#5974 = DIRECTION('',(-1.,0.,0.));
#5975 = PCURVE('',#100,#5976);
#5976 = DEFINITIONAL_REPRESENTATION('',(#5977),#5985);
#5977 = ( BOUNDED_CURVE() B_SPLINE_CURVE(2,(#5978,#5979,#5980,#5981,
#5982,#5983,#5984),.UNSPECIFIED.,.T.,.F.) B_SPLINE_CURVE_WITH_KNOTS((1,2
    ,2,2,2,1),(-2.094395102393,0.,2.094395102393,4.188790204786,
6.28318530718,8.377580409573),.UNSPECIFIED.) CURVE() 
GEOMETRIC_REPRESENTATION_ITEM() RATIONAL_B_SPLINE_CURVE((1.,0.5,1.,0.5,
1.,0.5,1.)) REPRESENTATION_ITEM('') );
#5978 = CARTESIAN_POINT('',(28.4,135.));
#5979 = CARTESIAN_POINT('',(28.4,137.77128129211));
#5980 = CARTESIAN_POINT('',(30.8,136.38564064605));
#5981 = CARTESIAN_POINT('',(33.2,135.));
#5982 = CARTESIAN_POINT('',(30.8,133.61435935394));
#5983 = CARTESIAN_POINT('',(28.4,132.22871870789));
#5984 = CARTESIAN_POINT('',(28.4,135.));
#5985 = ( GEOMETRIC_REPRESENTATION_CONTEXT(2) 
PARAMETRIC_REPRESENTATION_CONTEXT() REPRESENTATION_CONTEXT('2D SPACE',''
  ) );
#5986 = PCURVE('',#2559,#5987);
#5987 = DEFINITIONAL_REPRESENTATION('',(#5988),#5992);
#5988 = LINE('',#5989,#5990);
#5989 = CARTESIAN_POINT('',(0.,4.));
#5990 = VECTOR('',#5991,1.);
#5991 = DIRECTION('',(1.,0.));
#5992 = ( GEOMETRIC_REPRESENTATION_CONTEXT(2) 
PARAMETRIC_REPRESENTATION_CONTEXT() REPRESENTATION_CONTEXT('2D SPACE',''
  ) );
#5993 = FACE_BOUND('',#5994,.F.);
#5994 = EDGE_LOOP('',(#5995));
#5995 = ORIENTED_EDGE('',*,*,#5996,.T.);
#5996 = EDGE_CURVE('',#5997,#5997,#5999,.T.);
#5997 = VERTEX_POINT('',#5998);
#5998 = CARTESIAN_POINT('',(-31.6,15.,0.));
#5999 = SURFACE_CURVE('',#6000,(#6005,#6016),.PCURVE_S1.);
#6000 = CIRCLE('',#6001,1.6);
#6001 = AXIS2_PLACEMENT_3D('',#6002,#6003,#6004);
#6002 = CARTESIAN_POINT('',(-30.,15.,0.));
#6003 = DIRECTION('',(0.,0.,-1.));
#6004 = DIRECTION('',(-1.,0.,0.));
#6005 = PCURVE('',#100,#6006);
#6006 = DEFINITIONAL_REPRESENTATION('',(#6007),#6015);
#6007 = ( BOUNDED_CURVE() B_SPLINE_CURVE(2,(#6008,#6009,#6010,#6011,
#6012,#6013,#6014),.UNSPECIFIED.,.T.,.F.) B_SPLINE_CURVE_WITH_KNOTS((1,2
    ,2,2,2,1),(-2.094395102393,0.,2.094395102393,4.188790204786,
6.28318530718,8.377580409573),.UNSPECIFIED.) CURVE() 
GEOMETRIC_REPRESENTATION_ITEM() RATIONAL_B_SPLINE_CURVE((1.,0.5,1.,0.5,
1.,0.5,1.)) REPRESENTATION_ITEM('') );
#6008 = CARTESIAN_POINT('',(43.4,105.));
#6009 = CARTESIAN_POINT('',(43.4,107.77128129211));
#6010 = CARTESIAN_POINT('',(45.8,106.38564064605));
#6011 = CARTESIAN_POINT('',(48.2,105.));
#6012 = CARTESIAN_POINT('',(45.8,103.61435935394));
#6013 = CARTESIAN_POINT('',(43.4,102.22871870789));
#6014 = CARTESIAN_POINT('',(43.4,105.));
#6015 = ( GEOMETRIC_REPRESENTATION_CONTEXT(2) 
PARAMETRIC_REPRESENTATION_CONTEXT() REPRESENTATION_CONTEXT('2D SPACE',''
  ) );
#6016 = PCURVE('',#2594,#6017);
#6017 = DEFINITIONAL_REPRESENTATION('',(#6018),#6022);
#6018 = LINE('',#6019,#6020);
#6019 = CARTESIAN_POINT('',(0.,4.));
#6020 = VECTOR('',#6021,1.);
#6021 = DIRECTION('',(1.,0.));
#6022 = ( GEOMETRIC_REPRESENTATION_CONTEXT(2) 
PARAMETRIC_REPRESENTATION_CONTEXT() REPRESENTATION_CONTEXT('2D SPACE',''
  ) );
#6023 = FACE_BOUND('',#6024,.F.);
#6024 = EDGE_LOOP('',(#6025));
#6025 = ORIENTED_EDGE('',*,*,#6026,.T.);
#6026 = EDGE_CURVE('',#6027,#6027,#6029,.T.);
#6027 = VERTEX_POINT('',#6028);
#6028 = CARTESIAN_POINT('',(-16.6,15.,0.));
#6029 = SURFACE_CURVE('',#6030,(#6035,#6046),.PCURVE_S1.);
#6030 = CIRCLE('',#6031,1.6);
#6031 = AXIS2_PLACEMENT_3D('',#6032,#6033,#6034);
#6032 = CARTESIAN_POINT('',(-15.,15.,0.));
#6033 = DIRECTION('',(0.,0.,-1.));
#6034 = DIRECTION('',(-1.,0.,0.));
#6035 = PCURVE('',#100,#6036);
#6036 = DEFINITIONAL_REPRESENTATION('',(#6037),#6045);
#6037 = ( BOUNDED_CURVE() B_SPLINE_CURVE(2,(#6038,#6039,#6040,#6041,
#6042,#6043,#6044),.UNSPECIFIED.,.T.,.F.) B_SPLINE_CURVE_WITH_KNOTS((1,2
    ,2,2,2,1),(-2.094395102393,0.,2.094395102393,4.188790204786,
6.28318530718,8.377580409573),.UNSPECIFIED.) CURVE() 
GEOMETRIC_REPRESENTATION_ITEM() RATIONAL_B_SPLINE_CURVE((1.,0.5,1.,0.5,
1.,0.5,1.)) REPRESENTATION_ITEM('') );
#6038 = CARTESIAN_POINT('',(58.4,105.));
#6039 = CARTESIAN_POINT('',(58.4,107.77128129211));
#6040 = CARTESIAN_POINT('',(60.8,106.38564064605));
#6041 = CARTESIAN_POINT('',(63.2,105.));
#6042 = CARTESIAN_POINT('',(60.8,103.61435935394));
#6043 = CARTESIAN_POINT('',(58.4,102.22871870789));
#6044 = CARTESIAN_POINT('',(58.4,105.));
#6045 = ( GEOMETRIC_REPRESENTATION_CONTEXT(2) 
PARAMETRIC_REPRESENTATION_CONTEXT() REPRESENTATION_CONTEXT('2D SPACE',''
  ) );
#6046 = PCURVE('',#2629,#6047);
#6047 = DEFINITIONAL_REPRESENTATION('',(#6048),#6052);
#6048 = LINE('',#6049,#6050);
#6049 = CARTESIAN_POINT('',(0.,4.));
#6050 = VECTOR('',#6051,1.);
#6051 = DIRECTION('',(1.,0.));
#6052 = ( GEOMETRIC_REPRESENTATION_CONTEXT(2) 
PARAMETRIC_REPRESENTATION_CONTEXT() REPRESENTATION_CONTEXT('2D SPACE',''
  ) );
#6053 = FACE_BOUND('',#6054,.F.);
#6054 = EDGE_LOOP('',(#6055));
#6055 = ORIENTED_EDGE('',*,*,#6056,.T.);
#6056 = EDGE_CURVE('',#6057,#6057,#6059,.T.);
#6057 = VERTEX_POINT('',#6058);
#6058 = CARTESIAN_POINT('',(-31.6,30.,0.));
#6059 = SURFACE_CURVE('',#6060,(#6065,#6076),.PCURVE_S1.);
#6060 = CIRCLE('',#6061,1.6);
#6061 = AXIS2_PLACEMENT_3D('',#6062,#6063,#6064);
#6062 = CARTESIAN_POINT('',(-30.,30.,0.));
#6063 = DIRECTION('',(0.,0.,-1.));
#6064 = DIRECTION('',(-1.,0.,0.));
#6065 = PCURVE('',#100,#6066);
#6066 = DEFINITIONAL_REPRESENTATION('',(#6067),#6075);
#6067 = ( BOUNDED_CURVE() B_SPLINE_CURVE(2,(#6068,#6069,#6070,#6071,
#6072,#6073,#6074),.UNSPECIFIED.,.T.,.F.) B_SPLINE_CURVE_WITH_KNOTS((1,2
    ,2,2,2,1),(-2.094395102393,0.,2.094395102393,4.188790204786,
6.28318530718,8.377580409573),.UNSPECIFIED.) CURVE() 
GEOMETRIC_REPRESENTATION_ITEM() RATIONAL_B_SPLINE_CURVE((1.,0.5,1.,0.5,
1.,0.5,1.)) REPRESENTATION_ITEM('') );
#6068 = CARTESIAN_POINT('',(43.4,120.));
#6069 = CARTESIAN_POINT('',(43.4,122.77128129211));
#6070 = CARTESIAN_POINT('',(45.8,121.38564064605));
#6071 = CARTESIAN_POINT('',(48.2,120.));
#6072 = CARTESIAN_POINT('',(45.8,118.61435935394));
#6073 = CARTESIAN_POINT('',(43.4,117.22871870789));
#6074 = CARTESIAN_POINT('',(43.4,120.));
#6075 = ( GEOMETRIC_REPRESENTATION_CONTEXT(2) 
PARAMETRIC_REPRESENTATION_CONTEXT() REPRESENTATION_CONTEXT('2D SPACE',''
  ) );
#6076 = PCURVE('',#2664,#6077);
#6077 = DEFINITIONAL_REPRESENTATION('',(#6078),#6082);
#6078 = LINE('',#6079,#6080);
#6079 = CARTESIAN_POINT('',(0.,4.));
#6080 = VECTOR('',#6081,1.);
#6081 = DIRECTION('',(1.,0.));
#6082 = ( GEOMETRIC_REPRESENTATION_CONTEXT(2) 
PARAMETRIC_REPRESENTATION_CONTEXT() REPRESENTATION_CONTEXT('2D SPACE',''
  ) );
#6083 = FACE_BOUND('',#6084,.F.);
#6084 = EDGE_LOOP('',(#6085));
#6085 = ORIENTED_EDGE('',*,*,#6086,.T.);
#6086 = EDGE_CURVE('',#6087,#6087,#6089,.T.);
#6087 = VERTEX_POINT('',#6088);
#6088 = CARTESIAN_POINT('',(-31.6,45.,0.));
#6089 = SURFACE_CURVE('',#6090,(#6095,#6106),.PCURVE_S1.);
#6090 = CIRCLE('',#6091,1.6);
#6091 = AXIS2_PLACEMENT_3D('',#6092,#6093,#6094);
#6092 = CARTESIAN_POINT('',(-30.,45.,0.));
#6093 = DIRECTION('',(0.,0.,-1.));
#6094 = DIRECTION('',(-1.,0.,0.));
#6095 = PCURVE('',#100,#6096);
#6096 = DEFINITIONAL_REPRESENTATION('',(#6097),#6105);
#6097 = ( BOUNDED_CURVE() B_SPLINE_CURVE(2,(#6098,#6099,#6100,#6101,
#6102,#6103,#6104),.UNSPECIFIED.,.T.,.F.) B_SPLINE_CURVE_WITH_KNOTS((1,2
    ,2,2,2,1),(-2.094395102393,0.,2.094395102393,4.188790204786,
6.28318530718,8.377580409573),.UNSPECIFIED.) CURVE() 
GEOMETRIC_REPRESENTATION_ITEM() RATIONAL_B_SPLINE_CURVE((1.,0.5,1.,0.5,
1.,0.5,1.)) REPRESENTATION_ITEM('') );
#6098 = CARTESIAN_POINT('',(43.4,135.));
#6099 = CARTESIAN_POINT('',(43.4,137.77128129211));
#6100 = CARTESIAN_POINT('',(45.8,136.38564064605));
#6101 = CARTESIAN_POINT('',(48.2,135.));
#6102 = CARTESIAN_POINT('',(45.8,133.61435935394));
#6103 = CARTESIAN_POINT('',(43.4,132.22871870789));
#6104 = CARTESIAN_POINT('',(43.4,135.));
#6105 = ( GEOMETRIC_REPRESENTATION_CONTEXT(2) 
PARAMETRIC_REPRESENTATION_CONTEXT() REPRESENTATION_CONTEXT('2D SPACE',''
  ) );
#6106 = PCURVE('',#2699,#6107);
#6107 = DEFINITIONAL_REPRESENTATION('',(#6108),#6112);
#6108 = LINE('',#6109,#6110);
#6109 = CARTESIAN_POINT('',(0.,4.));
#6110 = VECTOR('',#6111,1.);
#6111 = DIRECTION('',(1.,0.));
#6112 = ( GEOMETRIC_REPRESENTATION_CONTEXT(2) 
PARAMETRIC_REPRESENTATION_CONTEXT() REPRESENTATION_CONTEXT('2D SPACE',''
  ) );
#6113 = FACE_BOUND('',#6114,.F.);
#6114 = EDGE_LOOP('',(#6115));
#6115 = ORIENTED_EDGE('',*,*,#6116,.T.);
#6116 = EDGE_CURVE('',#6117,#6117,#6119,.T.);
#6117 = VERTEX_POINT('',#6118);
#6118 = CARTESIAN_POINT('',(-61.6,60.,0.));
#6119 = SURFACE_CURVE('',#6120,(#6125,#6136),.PCURVE_S1.);
#6120 = CIRCLE('',#6121,1.6);
#6121 = AXIS2_PLACEMENT_3D('',#6122,#6123,#6124);
#6122 = CARTESIAN_POINT('',(-60.,60.,0.));
#6123 = DIRECTION('',(0.,0.,-1.));
#6124 = DIRECTION('',(-1.,0.,0.));
#6125 = PCURVE('',#100,#6126);
#6126 = DEFINITIONAL_REPRESENTATION('',(#6127),#6135);
#6127 = ( BOUNDED_CURVE() B_SPLINE_CURVE(2,(#6128,#6129,#6130,#6131,
#6132,#6133,#6134),.UNSPECIFIED.,.T.,.F.) B_SPLINE_CURVE_WITH_KNOTS((1,2
    ,2,2,2,1),(-2.094395102393,0.,2.094395102393,4.188790204786,
6.28318530718,8.377580409573),.UNSPECIFIED.) CURVE() 
GEOMETRIC_REPRESENTATION_ITEM() RATIONAL_B_SPLINE_CURVE((1.,0.5,1.,0.5,
1.,0.5,1.)) REPRESENTATION_ITEM('') );
#6128 = CARTESIAN_POINT('',(13.4,150.));
#6129 = CARTESIAN_POINT('',(13.4,152.77128129211));
#6130 = CARTESIAN_POINT('',(15.8,151.38564064605));
#6131 = CARTESIAN_POINT('',(18.2,150.));
#6132 = CARTESIAN_POINT('',(15.8,148.61435935394));
#6133 = CARTESIAN_POINT('',(13.4,147.22871870789));
#6134 = CARTESIAN_POINT('',(13.4,150.));
#6135 = ( GEOMETRIC_REPRESENTATION_CONTEXT(2) 
PARAMETRIC_REPRESENTATION_CONTEXT() REPRESENTATION_CONTEXT('2D SPACE',''
  ) );
#6136 = PCURVE('',#2734,#6137);
#6137 = DEFINITIONAL_REPRESENTATION('',(#6138),#6142);
#6138 = LINE('',#6139,#6140);
#6139 = CARTESIAN_POINT('',(0.,4.));
#6140 = VECTOR('',#6141,1.);
#6141 = DIRECTION('',(1.,0.));
#6142 = ( GEOMETRIC_REPRESENTATION_CONTEXT(2) 
PARAMETRIC_REPRESENTATION_CONTEXT() REPRESENTATION_CONTEXT('2D SPACE',''
  ) );
#6143 = FACE_BOUND('',#6144,.F.);
#6144 = EDGE_LOOP('',(#6145));
#6145 = ORIENTED_EDGE('',*,*,#6146,.T.);
#6146 = EDGE_CURVE('',#6147,#6147,#6149,.T.);
#6147 = VERTEX_POINT('',#6148);
#6148 = CARTESIAN_POINT('',(-46.6,60.,0.));
#6149 = SURFACE_CURVE('',#6150,(#6155,#6166),.PCURVE_S1.);
#6150 = CIRCLE('',#6151,1.6);
#6151 = AXIS2_PLACEMENT_3D('',#6152,#6153,#6154);
#6152 = CARTESIAN_POINT('',(-45.,60.,0.));
#6153 = DIRECTION('',(0.,0.,-1.));
#6154 = DIRECTION('',(-1.,0.,0.));
#6155 = PCURVE('',#100,#6156);
#6156 = DEFINITIONAL_REPRESENTATION('',(#6157),#6165);
#6157 = ( BOUNDED_CURVE() B_SPLINE_CURVE(2,(#6158,#6159,#6160,#6161,
#6162,#6163,#6164),.UNSPECIFIED.,.T.,.F.) B_SPLINE_CURVE_WITH_KNOTS((1,2
    ,2,2,2,1),(-2.094395102393,0.,2.094395102393,4.188790204786,
6.28318530718,8.377580409573),.UNSPECIFIED.) CURVE() 
GEOMETRIC_REPRESENTATION_ITEM() RATIONAL_B_SPLINE_CURVE((1.,0.5,1.,0.5,
1.,0.5,1.)) REPRESENTATION_ITEM('') );
#6158 = CARTESIAN_POINT('',(28.4,150.));
#6159 = CARTESIAN_POINT('',(28.4,152.77128129211));
#6160 = CARTESIAN_POINT('',(30.8,151.38564064605));
#6161 = CARTESIAN_POINT('',(33.2,150.));
#6162 = CARTESIAN_POINT('',(30.8,148.61435935394));
#6163 = CARTESIAN_POINT('',(28.4,147.22871870789));
#6164 = CARTESIAN_POINT('',(28.4,150.));
#6165 = ( GEOMETRIC_REPRESENTATION_CONTEXT(2) 
PARAMETRIC_REPRESENTATION_CONTEXT() REPRESENTATION_CONTEXT('2D SPACE',''
  ) );
#6166 = PCURVE('',#2769,#6167);
#6167 = DEFINITIONAL_REPRESENTATION('',(#6168),#6172);
#6168 = LINE('',#6169,#6170);
#6169 = CARTESIAN_POINT('',(0.,4.));
#6170 = VECTOR('',#6171,1.);
#6171 = DIRECTION('',(1.,0.));
#6172 = ( GEOMETRIC_REPRESENTATION_CONTEXT(2) 
PARAMETRIC_REPRESENTATION_CONTEXT() REPRESENTATION_CONTEXT('2D SPACE',''
  ) );
#6173 = FACE_BOUND('',#6174,.F.);
#6174 = EDGE_LOOP('',(#6175));
#6175 = ORIENTED_EDGE('',*,*,#6176,.T.);
#6176 = EDGE_CURVE('',#6177,#6177,#6179,.T.);
#6177 = VERTEX_POINT('',#6178);
#6178 = CARTESIAN_POINT('',(-61.6,75.,0.));
#6179 = SURFACE_CURVE('',#6180,(#6185,#6196),.PCURVE_S1.);
#6180 = CIRCLE('',#6181,1.6);
#6181 = AXIS2_PLACEMENT_3D('',#6182,#6183,#6184);
#6182 = CARTESIAN_POINT('',(-60.,75.,0.));
#6183 = DIRECTION('',(0.,0.,-1.));
#6184 = DIRECTION('',(-1.,0.,0.));
#6185 = PCURVE('',#100,#6186);
#6186 = DEFINITIONAL_REPRESENTATION('',(#6187),#6195);
#6187 = ( BOUNDED_CURVE() B_SPLINE_CURVE(2,(#6188,#6189,#6190,#6191,
#6192,#6193,#6194),.UNSPECIFIED.,.T.,.F.) B_SPLINE_CURVE_WITH_KNOTS((1,2
    ,2,2,2,1),(-2.094395102393,0.,2.094395102393,4.188790204786,
6.28318530718,8.377580409573),.UNSPECIFIED.) CURVE() 
GEOMETRIC_REPRESENTATION_ITEM() RATIONAL_B_SPLINE_CURVE((1.,0.5,1.,0.5,
1.,0.5,1.)) REPRESENTATION_ITEM('') );
#6188 = CARTESIAN_POINT('',(13.4,165.));
#6189 = CARTESIAN_POINT('',(13.4,167.77128129211));
#6190 = CARTESIAN_POINT('',(15.8,166.38564064605));
#6191 = CARTESIAN_POINT('',(18.2,165.));
#6192 = CARTESIAN_POINT('',(15.8,163.61435935394));
#6193 = CARTESIAN_POINT('',(13.4,162.22871870789));
#6194 = CARTESIAN_POINT('',(13.4,165.));
#6195 = ( GEOMETRIC_REPRESENTATION_CONTEXT(2) 
PARAMETRIC_REPRESENTATION_CONTEXT() REPRESENTATION_CONTEXT('2D SPACE',''
  ) );
#6196 = PCURVE('',#2804,#6197);
#6197 = DEFINITIONAL_REPRESENTATION('',(#6198),#6202);
#6198 = LINE('',#6199,#6200);
#6199 = CARTESIAN_POINT('',(0.,4.));
#6200 = VECTOR('',#6201,1.);
#6201 = DIRECTION('',(1.,0.));
#6202 = ( GEOMETRIC_REPRESENTATION_CONTEXT(2) 
PARAMETRIC_REPRESENTATION_CONTEXT() REPRESENTATION_CONTEXT('2D SPACE',''
  ) );
#6203 = FACE_BOUND('',#6204,.F.);
#6204 = EDGE_LOOP('',(#6205));
#6205 = ORIENTED_EDGE('',*,*,#6206,.T.);
#6206 = EDGE_CURVE('',#6207,#6207,#6209,.T.);
#6207 = VERTEX_POINT('',#6208);
#6208 = CARTESIAN_POINT('',(-46.6,75.,0.));
#6209 = SURFACE_CURVE('',#6210,(#6215,#6226),.PCURVE_S1.);
#6210 = CIRCLE('',#6211,1.6);
#6211 = AXIS2_PLACEMENT_3D('',#6212,#6213,#6214);
#6212 = CARTESIAN_POINT('',(-45.,75.,0.));
#6213 = DIRECTION('',(0.,0.,-1.));
#6214 = DIRECTION('',(-1.,0.,0.));
#6215 = PCURVE('',#100,#6216);
#6216 = DEFINITIONAL_REPRESENTATION('',(#6217),#6225);
#6217 = ( BOUNDED_CURVE() B_SPLINE_CURVE(2,(#6218,#6219,#6220,#6221,
#6222,#6223,#6224),.UNSPECIFIED.,.T.,.F.) B_SPLINE_CURVE_WITH_KNOTS((1,2
    ,2,2,2,1),(-2.094395102393,0.,2.094395102393,4.188790204786,
6.28318530718,8.377580409573),.UNSPECIFIED.) CURVE() 
GEOMETRIC_REPRESENTATION_ITEM() RATIONAL_B_SPLINE_CURVE((1.,0.5,1.,0.5,
1.,0.5,1.)) REPRESENTATION_ITEM('') );
#6218 = CARTESIAN_POINT('',(28.4,165.));
#6219 = CARTESIAN_POINT('',(28.4,167.77128129211));
#6220 = CARTESIAN_POINT('',(30.8,166.38564064605));
#6221 = CARTESIAN_POINT('',(33.2,165.));
#6222 = CARTESIAN_POINT('',(30.8,163.61435935394));
#6223 = CARTESIAN_POINT('',(28.4,162.22871870789));
#6224 = CARTESIAN_POINT('',(28.4,165.));
#6225 = ( GEOMETRIC_REPRESENTATION_CONTEXT(2) 
PARAMETRIC_REPRESENTATION_CONTEXT() REPRESENTATION_CONTEXT('2D SPACE',''
  ) );
#6226 = PCURVE('',#2839,#6227);
#6227 = DEFINITIONAL_REPRESENTATION('',(#6228),#6232);
#6228 = LINE('',#6229,#6230);
#6229 = CARTESIAN_POINT('',(0.,4.));
#6230 = VECTOR('',#6231,1.);
#6231 = DIRECTION('',(1.,0.));
#6232 = ( GEOMETRIC_REPRESENTATION_CONTEXT(2) 
PARAMETRIC_REPRESENTATION_CONTEXT() REPRESENTATION_CONTEXT('2D SPACE',''
  ) );
#6233 = FACE_BOUND('',#6234,.F.);
#6234 = EDGE_LOOP('',(#6235));
#6235 = ORIENTED_EDGE('',*,*,#6236,.T.);
#6236 = EDGE_CURVE('',#6237,#6237,#6239,.T.);
#6237 = VERTEX_POINT('',#6238);
#6238 = CARTESIAN_POINT('',(-31.6,60.,0.));
#6239 = SURFACE_CURVE('',#6240,(#6245,#6256),.PCURVE_S1.);
#6240 = CIRCLE('',#6241,1.6);
#6241 = AXIS2_PLACEMENT_3D('',#6242,#6243,#6244);
#6242 = CARTESIAN_POINT('',(-30.,60.,0.));
#6243 = DIRECTION('',(0.,0.,-1.));
#6244 = DIRECTION('',(-1.,0.,0.));
#6245 = PCURVE('',#100,#6246);
#6246 = DEFINITIONAL_REPRESENTATION('',(#6247),#6255);
#6247 = ( BOUNDED_CURVE() B_SPLINE_CURVE(2,(#6248,#6249,#6250,#6251,
#6252,#6253,#6254),.UNSPECIFIED.,.T.,.F.) B_SPLINE_CURVE_WITH_KNOTS((1,2
    ,2,2,2,1),(-2.094395102393,0.,2.094395102393,4.188790204786,
6.28318530718,8.377580409573),.UNSPECIFIED.) CURVE() 
GEOMETRIC_REPRESENTATION_ITEM() RATIONAL_B_SPLINE_CURVE((1.,0.5,1.,0.5,
1.,0.5,1.)) REPRESENTATION_ITEM('') );
#6248 = CARTESIAN_POINT('',(43.4,150.));
#6249 = CARTESIAN_POINT('',(43.4,152.77128129211));
#6250 = CARTESIAN_POINT('',(45.8,151.38564064605));
#6251 = CARTESIAN_POINT('',(48.2,150.));
#6252 = CARTESIAN_POINT('',(45.8,148.61435935394));
#6253 = CARTESIAN_POINT('',(43.4,147.22871870789));
#6254 = CARTESIAN_POINT('',(43.4,150.));
#6255 = ( GEOMETRIC_REPRESENTATION_CONTEXT(2) 
PARAMETRIC_REPRESENTATION_CONTEXT() REPRESENTATION_CONTEXT('2D SPACE',''
  ) );
#6256 = PCURVE('',#2874,#6257);
#6257 = DEFINITIONAL_REPRESENTATION('',(#6258),#6262);
#6258 = LINE('',#6259,#6260);
#6259 = CARTESIAN_POINT('',(0.,4.));
#6260 = VECTOR('',#6261,1.);
#6261 = DIRECTION('',(1.,0.));
#6262 = ( GEOMETRIC_REPRESENTATION_CONTEXT(2) 
PARAMETRIC_REPRESENTATION_CONTEXT() REPRESENTATION_CONTEXT('2D SPACE',''
  ) );
#6263 = FACE_BOUND('',#6264,.F.);
#6264 = EDGE_LOOP('',(#6265));
#6265 = ORIENTED_EDGE('',*,*,#6266,.T.);
#6266 = EDGE_CURVE('',#6267,#6267,#6269,.T.);
#6267 = VERTEX_POINT('',#6268);
#6268 = CARTESIAN_POINT('',(-12.6,64.,0.));
#6269 = SURFACE_CURVE('',#6270,(#6275,#6286),.PCURVE_S1.);
#6270 = CIRCLE('',#6271,1.6);
#6271 = AXIS2_PLACEMENT_3D('',#6272,#6273,#6274);
#6272 = CARTESIAN_POINT('',(-11.,64.,0.));
#6273 = DIRECTION('',(0.,0.,-1.));
#6274 = DIRECTION('',(-1.,0.,0.));
#6275 = PCURVE('',#100,#6276);
#6276 = DEFINITIONAL_REPRESENTATION('',(#6277),#6285);
#6277 = ( BOUNDED_CURVE() B_SPLINE_CURVE(2,(#6278,#6279,#6280,#6281,
#6282,#6283,#6284),.UNSPECIFIED.,.T.,.F.) B_SPLINE_CURVE_WITH_KNOTS((1,2
    ,2,2,2,1),(-2.094395102393,0.,2.094395102393,4.188790204786,
6.28318530718,8.377580409573),.UNSPECIFIED.) CURVE() 
GEOMETRIC_REPRESENTATION_ITEM() RATIONAL_B_SPLINE_CURVE((1.,0.5,1.,0.5,
1.,0.5,1.)) REPRESENTATION_ITEM('') );
#6278 = CARTESIAN_POINT('',(62.4,154.));
#6279 = CARTESIAN_POINT('',(62.4,156.77128129211));
#6280 = CARTESIAN_POINT('',(64.8,155.38564064605));
#6281 = CARTESIAN_POINT('',(67.2,154.));
#6282 = CARTESIAN_POINT('',(64.8,152.61435935394));
#6283 = CARTESIAN_POINT('',(62.4,151.22871870789));
#6284 = CARTESIAN_POINT('',(62.4,154.));
#6285 = ( GEOMETRIC_REPRESENTATION_CONTEXT(2) 
PARAMETRIC_REPRESENTATION_CONTEXT() REPRESENTATION_CONTEXT('2D SPACE',''
  ) );
#6286 = PCURVE('',#2909,#6287);
#6287 = DEFINITIONAL_REPRESENTATION('',(#6288),#6292);
#6288 = LINE('',#6289,#6290);
#6289 = CARTESIAN_POINT('',(0.,4.));
#6290 = VECTOR('',#6291,1.);
#6291 = DIRECTION('',(1.,0.));
#6292 = ( GEOMETRIC_REPRESENTATION_CONTEXT(2) 
PARAMETRIC_REPRESENTATION_CONTEXT() REPRESENTATION_CONTEXT('2D SPACE',''
  ) );
#6293 = FACE_BOUND('',#6294,.F.);
#6294 = EDGE_LOOP('',(#6295));
#6295 = ORIENTED_EDGE('',*,*,#6296,.T.);
#6296 = EDGE_CURVE('',#6297,#6297,#6299,.T.);
#6297 = VERTEX_POINT('',#6298);
#6298 = CARTESIAN_POINT('',(-31.6,75.,0.));
#6299 = SURFACE_CURVE('',#6300,(#6305,#6316),.PCURVE_S1.);
#6300 = CIRCLE('',#6301,1.6);
#6301 = AXIS2_PLACEMENT_3D('',#6302,#6303,#6304);
#6302 = CARTESIAN_POINT('',(-30.,75.,0.));
#6303 = DIRECTION('',(0.,0.,-1.));
#6304 = DIRECTION('',(-1.,0.,0.));
#6305 = PCURVE('',#100,#6306);
#6306 = DEFINITIONAL_REPRESENTATION('',(#6307),#6315);
#6307 = ( BOUNDED_CURVE() B_SPLINE_CURVE(2,(#6308,#6309,#6310,#6311,
#6312,#6313,#6314),.UNSPECIFIED.,.T.,.F.) B_SPLINE_CURVE_WITH_KNOTS((1,2
    ,2,2,2,1),(-2.094395102393,0.,2.094395102393,4.188790204786,
6.28318530718,8.377580409573),.UNSPECIFIED.) CURVE() 
GEOMETRIC_REPRESENTATION_ITEM() RATIONAL_B_SPLINE_CURVE((1.,0.5,1.,0.5,
1.,0.5,1.)) REPRESENTATION_ITEM('') );
#6308 = CARTESIAN_POINT('',(43.4,165.));
#6309 = CARTESIAN_POINT('',(43.4,167.77128129211));
#6310 = CARTESIAN_POINT('',(45.8,166.38564064605));
#6311 = CARTESIAN_POINT('',(48.2,165.));
#6312 = CARTESIAN_POINT('',(45.8,163.61435935394));
#6313 = CARTESIAN_POINT('',(43.4,162.22871870789));
#6314 = CARTESIAN_POINT('',(43.4,165.));
#6315 = ( GEOMETRIC_REPRESENTATION_CONTEXT(2) 
PARAMETRIC_REPRESENTATION_CONTEXT() REPRESENTATION_CONTEXT('2D SPACE',''
  ) );
#6316 = PCURVE('',#2944,#6317);
#6317 = DEFINITIONAL_REPRESENTATION('',(#6318),#6322);
#6318 = LINE('',#6319,#6320);
#6319 = CARTESIAN_POINT('',(0.,4.));
#6320 = VECTOR('',#6321,1.);
#6321 = DIRECTION('',(1.,0.));
#6322 = ( GEOMETRIC_REPRESENTATION_CONTEXT(2) 
PARAMETRIC_REPRESENTATION_CONTEXT() REPRESENTATION_CONTEXT('2D SPACE',''
  ) );
#6323 = FACE_BOUND('',#6324,.F.);
#6324 = EDGE_LOOP('',(#6325));
#6325 = ORIENTED_EDGE('',*,*,#6326,.T.);
#6326 = EDGE_CURVE('',#6327,#6327,#6329,.T.);
#6327 = VERTEX_POINT('',#6328);
#6328 = CARTESIAN_POINT('',(-12.6,79.,0.));
#6329 = SURFACE_CURVE('',#6330,(#6335,#6346),.PCURVE_S1.);
#6330 = CIRCLE('',#6331,1.6);
#6331 = AXIS2_PLACEMENT_3D('',#6332,#6333,#6334);
#6332 = CARTESIAN_POINT('',(-11.,79.,0.));
#6333 = DIRECTION('',(0.,0.,-1.));
#6334 = DIRECTION('',(-1.,0.,0.));
#6335 = PCURVE('',#100,#6336);
#6336 = DEFINITIONAL_REPRESENTATION('',(#6337),#6345);
#6337 = ( BOUNDED_CURVE() B_SPLINE_CURVE(2,(#6338,#6339,#6340,#6341,
#6342,#6343,#6344),.UNSPECIFIED.,.T.,.F.) B_SPLINE_CURVE_WITH_KNOTS((1,2
    ,2,2,2,1),(-2.094395102393,0.,2.094395102393,4.188790204786,
6.28318530718,8.377580409573),.UNSPECIFIED.) CURVE() 
GEOMETRIC_REPRESENTATION_ITEM() RATIONAL_B_SPLINE_CURVE((1.,0.5,1.,0.5,
1.,0.5,1.)) REPRESENTATION_ITEM('') );
#6338 = CARTESIAN_POINT('',(62.4,169.));
#6339 = CARTESIAN_POINT('',(62.4,171.77128129211));
#6340 = CARTESIAN_POINT('',(64.8,170.38564064605));
#6341 = CARTESIAN_POINT('',(67.2,169.));
#6342 = CARTESIAN_POINT('',(64.8,167.61435935394));
#6343 = CARTESIAN_POINT('',(62.4,166.22871870789));
#6344 = CARTESIAN_POINT('',(62.4,169.));
#6345 = ( GEOMETRIC_REPRESENTATION_CONTEXT(2) 
PARAMETRIC_REPRESENTATION_CONTEXT() REPRESENTATION_CONTEXT('2D SPACE',''
  ) );
#6346 = PCURVE('',#2979,#6347);
#6347 = DEFINITIONAL_REPRESENTATION('',(#6348),#6352);
#6348 = LINE('',#6349,#6350);
#6349 = CARTESIAN_POINT('',(0.,4.));
#6350 = VECTOR('',#6351,1.);
#6351 = DIRECTION('',(1.,0.));
#6352 = ( GEOMETRIC_REPRESENTATION_CONTEXT(2) 
PARAMETRIC_REPRESENTATION_CONTEXT() REPRESENTATION_CONTEXT('2D SPACE',''
  ) );
#6353 = FACE_BOUND('',#6354,.F.);
#6354 = EDGE_LOOP('',(#6355));
#6355 = ORIENTED_EDGE('',*,*,#6356,.T.);
#6356 = EDGE_CURVE('',#6357,#6357,#6359,.T.);
#6357 = VERTEX_POINT('',#6358);
#6358 = CARTESIAN_POINT('',(-12.6,86.,0.));
#6359 = SURFACE_CURVE('',#6360,(#6365,#6376),.PCURVE_S1.);
#6360 = CIRCLE('',#6361,1.6);
#6361 = AXIS2_PLACEMENT_3D('',#6362,#6363,#6364);
#6362 = CARTESIAN_POINT('',(-11.,86.,0.));
#6363 = DIRECTION('',(0.,0.,-1.));
#6364 = DIRECTION('',(-1.,0.,0.));
#6365 = PCURVE('',#100,#6366);
#6366 = DEFINITIONAL_REPRESENTATION('',(#6367),#6375);
#6367 = ( BOUNDED_CURVE() B_SPLINE_CURVE(2,(#6368,#6369,#6370,#6371,
#6372,#6373,#6374),.UNSPECIFIED.,.T.,.F.) B_SPLINE_CURVE_WITH_KNOTS((1,2
    ,2,2,2,1),(-2.094395102393,0.,2.094395102393,4.188790204786,
6.28318530718,8.377580409573),.UNSPECIFIED.) CURVE() 
GEOMETRIC_REPRESENTATION_ITEM() RATIONAL_B_SPLINE_CURVE((1.,0.5,1.,0.5,
1.,0.5,1.)) REPRESENTATION_ITEM('') );
#6368 = CARTESIAN_POINT('',(62.4,176.));
#6369 = CARTESIAN_POINT('',(62.4,178.77128129211));
#6370 = CARTESIAN_POINT('',(64.8,177.38564064605));
#6371 = CARTESIAN_POINT('',(67.2,176.));
#6372 = CARTESIAN_POINT('',(64.8,174.61435935394));
#6373 = CARTESIAN_POINT('',(62.4,173.22871870789));
#6374 = CARTESIAN_POINT('',(62.4,176.));
#6375 = ( GEOMETRIC_REPRESENTATION_CONTEXT(2) 
PARAMETRIC_REPRESENTATION_CONTEXT() REPRESENTATION_CONTEXT('2D SPACE',''
  ) );
#6376 = PCURVE('',#3014,#6377);
#6377 = DEFINITIONAL_REPRESENTATION('',(#6378),#6382);
#6378 = LINE('',#6379,#6380);
#6379 = CARTESIAN_POINT('',(0.,4.));
#6380 = VECTOR('',#6381,1.);
#6381 = DIRECTION('',(1.,0.));
#6382 = ( GEOMETRIC_REPRESENTATION_CONTEXT(2) 
PARAMETRIC_REPRESENTATION_CONTEXT() REPRESENTATION_CONTEXT('2D SPACE',''
  ) );
#6383 = FACE_BOUND('',#6384,.F.);
#6384 = EDGE_LOOP('',(#6385));
#6385 = ORIENTED_EDGE('',*,*,#6386,.T.);
#6386 = EDGE_CURVE('',#6387,#6387,#6389,.T.);
#6387 = VERTEX_POINT('',#6388);
#6388 = CARTESIAN_POINT('',(-1.6,15.,0.));
#6389 = SURFACE_CURVE('',#6390,(#6395,#6406),.PCURVE_S1.);
#6390 = CIRCLE('',#6391,1.6);
#6391 = AXIS2_PLACEMENT_3D('',#6392,#6393,#6394);
#6392 = CARTESIAN_POINT('',(0.,15.,0.));
#6393 = DIRECTION('',(0.,0.,-1.));
#6394 = DIRECTION('',(-1.,0.,0.));
#6395 = PCURVE('',#100,#6396);
#6396 = DEFINITIONAL_REPRESENTATION('',(#6397),#6405);
#6397 = ( BOUNDED_CURVE() B_SPLINE_CURVE(2,(#6398,#6399,#6400,#6401,
#6402,#6403,#6404),.UNSPECIFIED.,.T.,.F.) B_SPLINE_CURVE_WITH_KNOTS((1,2
    ,2,2,2,1),(-2.094395102393,0.,2.094395102393,4.188790204786,
6.28318530718,8.377580409573),.UNSPECIFIED.) CURVE() 
GEOMETRIC_REPRESENTATION_ITEM() RATIONAL_B_SPLINE_CURVE((1.,0.5,1.,0.5,
1.,0.5,1.)) REPRESENTATION_ITEM('') );
#6398 = CARTESIAN_POINT('',(73.4,105.));
#6399 = CARTESIAN_POINT('',(73.4,107.77128129211));
#6400 = CARTESIAN_POINT('',(75.8,106.38564064605));
#6401 = CARTESIAN_POINT('',(78.2,105.));
#6402 = CARTESIAN_POINT('',(75.8,103.61435935394));
#6403 = CARTESIAN_POINT('',(73.4,102.22871870789));
#6404 = CARTESIAN_POINT('',(73.4,105.));
#6405 = ( GEOMETRIC_REPRESENTATION_CONTEXT(2) 
PARAMETRIC_REPRESENTATION_CONTEXT() REPRESENTATION_CONTEXT('2D SPACE',''
  ) );
#6406 = PCURVE('',#3049,#6407);
#6407 = DEFINITIONAL_REPRESENTATION('',(#6408),#6412);
#6408 = LINE('',#6409,#6410);
#6409 = CARTESIAN_POINT('',(0.,4.));
#6410 = VECTOR('',#6411,1.);
#6411 = DIRECTION('',(1.,0.));
#6412 = ( GEOMETRIC_REPRESENTATION_CONTEXT(2) 
PARAMETRIC_REPRESENTATION_CONTEXT() REPRESENTATION_CONTEXT('2D SPACE',''
  ) );
#6413 = FACE_BOUND('',#6414,.F.);
#6414 = EDGE_LOOP('',(#6415));
#6415 = ORIENTED_EDGE('',*,*,#6416,.T.);
#6416 = EDGE_CURVE('',#6417,#6417,#6419,.T.);
#6417 = VERTEX_POINT('',#6418);
#6418 = CARTESIAN_POINT('',(13.4,15.,0.));
#6419 = SURFACE_CURVE('',#6420,(#6425,#6436),.PCURVE_S1.);
#6420 = CIRCLE('',#6421,1.6);
#6421 = AXIS2_PLACEMENT_3D('',#6422,#6423,#6424);
#6422 = CARTESIAN_POINT('',(15.,15.,0.));
#6423 = DIRECTION('',(0.,0.,-1.));
#6424 = DIRECTION('',(-1.,0.,0.));
#6425 = PCURVE('',#100,#6426);
#6426 = DEFINITIONAL_REPRESENTATION('',(#6427),#6435);
#6427 = ( BOUNDED_CURVE() B_SPLINE_CURVE(2,(#6428,#6429,#6430,#6431,
#6432,#6433,#6434),.UNSPECIFIED.,.T.,.F.) B_SPLINE_CURVE_WITH_KNOTS((1,2
    ,2,2,2,1),(-2.094395102393,0.,2.094395102393,4.188790204786,
6.28318530718,8.377580409573),.UNSPECIFIED.) CURVE() 
GEOMETRIC_REPRESENTATION_ITEM() RATIONAL_B_SPLINE_CURVE((1.,0.5,1.,0.5,
1.,0.5,1.)) REPRESENTATION_ITEM('') );
#6428 = CARTESIAN_POINT('',(88.4,105.));
#6429 = CARTESIAN_POINT('',(88.4,107.77128129211));
#6430 = CARTESIAN_POINT('',(90.8,106.38564064605));
#6431 = CARTESIAN_POINT('',(93.2,105.));
#6432 = CARTESIAN_POINT('',(90.8,103.61435935394));
#6433 = CARTESIAN_POINT('',(88.4,102.22871870789));
#6434 = CARTESIAN_POINT('',(88.4,105.));
#6435 = ( GEOMETRIC_REPRESENTATION_CONTEXT(2) 
PARAMETRIC_REPRESENTATION_CONTEXT() REPRESENTATION_CONTEXT('2D SPACE',''
  ) );
#6436 = PCURVE('',#3084,#6437);
#6437 = DEFINITIONAL_REPRESENTATION('',(#6438),#6442);
#6438 = LINE('',#6439,#6440);
#6439 = CARTESIAN_POINT('',(0.,4.));
#6440 = VECTOR('',#6441,1.);
#6441 = DIRECTION('',(1.,0.));
#6442 = ( GEOMETRIC_REPRESENTATION_CONTEXT(2) 
PARAMETRIC_REPRESENTATION_CONTEXT() REPRESENTATION_CONTEXT('2D SPACE',''
  ) );
#6443 = FACE_BOUND('',#6444,.F.);
#6444 = EDGE_LOOP('',(#6445));
#6445 = ORIENTED_EDGE('',*,*,#6446,.T.);
#6446 = EDGE_CURVE('',#6447,#6447,#6449,.T.);
#6447 = VERTEX_POINT('',#6448);
#6448 = CARTESIAN_POINT('',(28.4,15.,0.));
#6449 = SURFACE_CURVE('',#6450,(#6455,#6466),.PCURVE_S1.);
#6450 = CIRCLE('',#6451,1.6);
#6451 = AXIS2_PLACEMENT_3D('',#6452,#6453,#6454);
#6452 = CARTESIAN_POINT('',(30.,15.,0.));
#6453 = DIRECTION('',(0.,0.,-1.));
#6454 = DIRECTION('',(-1.,0.,0.));
#6455 = PCURVE('',#100,#6456);
#6456 = DEFINITIONAL_REPRESENTATION('',(#6457),#6465);
#6457 = ( BOUNDED_CURVE() B_SPLINE_CURVE(2,(#6458,#6459,#6460,#6461,
#6462,#6463,#6464),.UNSPECIFIED.,.T.,.F.) B_SPLINE_CURVE_WITH_KNOTS((1,2
    ,2,2,2,1),(-2.094395102393,0.,2.094395102393,4.188790204786,
6.28318530718,8.377580409573),.UNSPECIFIED.) CURVE() 
GEOMETRIC_REPRESENTATION_ITEM() RATIONAL_B_SPLINE_CURVE((1.,0.5,1.,0.5,
1.,0.5,1.)) REPRESENTATION_ITEM('') );
#6458 = CARTESIAN_POINT('',(103.4,105.));
#6459 = CARTESIAN_POINT('',(103.4,107.77128129211));
#6460 = CARTESIAN_POINT('',(105.8,106.38564064605));
#6461 = CARTESIAN_POINT('',(108.2,105.));
#6462 = CARTESIAN_POINT('',(105.8,103.61435935394));
#6463 = CARTESIAN_POINT('',(103.4,102.22871870789));
#6464 = CARTESIAN_POINT('',(103.4,105.));
#6465 = ( GEOMETRIC_REPRESENTATION_CONTEXT(2) 
PARAMETRIC_REPRESENTATION_CONTEXT() REPRESENTATION_CONTEXT('2D SPACE',''
  ) );
#6466 = PCURVE('',#3119,#6467);
#6467 = DEFINITIONAL_REPRESENTATION('',(#6468),#6472);
#6468 = LINE('',#6469,#6470);
#6469 = CARTESIAN_POINT('',(0.,4.));
#6470 = VECTOR('',#6471,1.);
#6471 = DIRECTION('',(1.,0.));
#6472 = ( GEOMETRIC_REPRESENTATION_CONTEXT(2) 
PARAMETRIC_REPRESENTATION_CONTEXT() REPRESENTATION_CONTEXT('2D SPACE',''
  ) );
#6473 = FACE_BOUND('',#6474,.F.);
#6474 = EDGE_LOOP('',(#6475,#6498,#6519,#6540));
#6475 = ORIENTED_EDGE('',*,*,#6476,.T.);
#6476 = EDGE_CURVE('',#6477,#6479,#6481,.T.);
#6477 = VERTEX_POINT('',#6478);
#6478 = CARTESIAN_POINT('',(13.,53.,0.));
#6479 = VERTEX_POINT('',#6480);
#6480 = CARTESIAN_POINT('',(13.,27.,0.));
#6481 = SURFACE_CURVE('',#6482,(#6486,#6492),.PCURVE_S1.);
#6482 = LINE('',#6483,#6484);
#6483 = CARTESIAN_POINT('',(13.,-31.5,0.));
#6484 = VECTOR('',#6485,1.);
#6485 = DIRECTION('',(0.,-1.,0.));
#6486 = PCURVE('',#100,#6487);
#6487 = DEFINITIONAL_REPRESENTATION('',(#6488),#6491);
#6488 = B_SPLINE_CURVE_WITH_KNOTS('',1,(#6489,#6490),.UNSPECIFIED.,.F.,
  .F.,(2,2),(-84.5,-58.5),.PIECEWISE_BEZIER_KNOTS.);
#6489 = CARTESIAN_POINT('',(88.,143.));
#6490 = CARTESIAN_POINT('',(88.,117.));
#6491 = ( GEOMETRIC_REPRESENTATION_CONTEXT(2) 
PARAMETRIC_REPRESENTATION_CONTEXT() REPRESENTATION_CONTEXT('2D SPACE',''
  ) );
#6492 = PCURVE('',#3150,#6493);
#6493 = DEFINITIONAL_REPRESENTATION('',(#6494),#6497);
#6494 = B_SPLINE_CURVE_WITH_KNOTS('',1,(#6495,#6496),.UNSPECIFIED.,.F.,
  .F.,(2,2),(-84.5,-58.5),.PIECEWISE_BEZIER_KNOTS.);
#6495 = CARTESIAN_POINT('',(26.,-176.0000002));
#6496 = CARTESIAN_POINT('',(0.,-176.0000002));
#6497 = ( GEOMETRIC_REPRESENTATION_CONTEXT(2) 
PARAMETRIC_REPRESENTATION_CONTEXT() REPRESENTATION_CONTEXT('2D SPACE',''
  ) );
#6498 = ORIENTED_EDGE('',*,*,#6499,.T.);
#6499 = EDGE_CURVE('',#6479,#6500,#6502,.T.);
#6500 = VERTEX_POINT('',#6501);
#6501 = CARTESIAN_POINT('',(-13.,27.,0.));
#6502 = SURFACE_CURVE('',#6503,(#6507,#6513),.PCURVE_S1.);
#6503 = LINE('',#6504,#6505);
#6504 = CARTESIAN_POINT('',(-44.,27.,0.));
#6505 = VECTOR('',#6506,1.);
#6506 = DIRECTION('',(-1.,0.,0.));
#6507 = PCURVE('',#100,#6508);
#6508 = DEFINITIONAL_REPRESENTATION('',(#6509),#6512);
#6509 = B_SPLINE_CURVE_WITH_KNOTS('',1,(#6510,#6511),.UNSPECIFIED.,.F.,
  .F.,(2,2),(-57.,-31.),.PIECEWISE_BEZIER_KNOTS.);
#6510 = CARTESIAN_POINT('',(88.,117.));
#6511 = CARTESIAN_POINT('',(62.,117.));
#6512 = ( GEOMETRIC_REPRESENTATION_CONTEXT(2) 
PARAMETRIC_REPRESENTATION_CONTEXT() REPRESENTATION_CONTEXT('2D SPACE',''
  ) );
#6513 = PCURVE('',#3176,#6514);
#6514 = DEFINITIONAL_REPRESENTATION('',(#6515),#6518);
#6515 = B_SPLINE_CURVE_WITH_KNOTS('',1,(#6516,#6517),.UNSPECIFIED.,.F.,
  .F.,(2,2),(-57.,-31.),.PIECEWISE_BEZIER_KNOTS.);
#6516 = CARTESIAN_POINT('',(26.,-176.0000002));
#6517 = CARTESIAN_POINT('',(0.,-176.0000002));
#6518 = ( GEOMETRIC_REPRESENTATION_CONTEXT(2) 
PARAMETRIC_REPRESENTATION_CONTEXT() REPRESENTATION_CONTEXT('2D SPACE',''
  ) );
#6519 = ORIENTED_EDGE('',*,*,#6520,.T.);
#6520 = EDGE_CURVE('',#6500,#6521,#6523,.T.);
#6521 = VERTEX_POINT('',#6522);
#6522 = CARTESIAN_POINT('',(-13.,53.,0.));
#6523 = SURFACE_CURVE('',#6524,(#6528,#6534),.PCURVE_S1.);
#6524 = LINE('',#6525,#6526);
#6525 = CARTESIAN_POINT('',(-13.,-18.5,0.));
#6526 = VECTOR('',#6527,1.);
#6527 = DIRECTION('',(0.,1.,0.));
#6528 = PCURVE('',#100,#6529);
#6529 = DEFINITIONAL_REPRESENTATION('',(#6530),#6533);
#6530 = B_SPLINE_CURVE_WITH_KNOTS('',1,(#6531,#6532),.UNSPECIFIED.,.F.,
  .F.,(2,2),(45.5,71.5),.PIECEWISE_BEZIER_KNOTS.);
#6531 = CARTESIAN_POINT('',(62.,117.));
#6532 = CARTESIAN_POINT('',(62.,143.));
#6533 = ( GEOMETRIC_REPRESENTATION_CONTEXT(2) 
PARAMETRIC_REPRESENTATION_CONTEXT() REPRESENTATION_CONTEXT('2D SPACE',''
  ) );
#6534 = PCURVE('',#3202,#6535);
#6535 = DEFINITIONAL_REPRESENTATION('',(#6536),#6539);
#6536 = B_SPLINE_CURVE_WITH_KNOTS('',1,(#6537,#6538),.UNSPECIFIED.,.F.,
  .F.,(2,2),(45.5,71.5),.PIECEWISE_BEZIER_KNOTS.);
#6537 = CARTESIAN_POINT('',(26.,-176.0000002));
#6538 = CARTESIAN_POINT('',(0.,-176.0000002));
#6539 = ( GEOMETRIC_REPRESENTATION_CONTEXT(2) 
PARAMETRIC_REPRESENTATION_CONTEXT() REPRESENTATION_CONTEXT('2D SPACE',''
  ) );
#6540 = ORIENTED_EDGE('',*,*,#6541,.T.);
#6541 = EDGE_CURVE('',#6521,#6477,#6542,.T.);
#6542 = SURFACE_CURVE('',#6543,(#6547,#6553),.PCURVE_S1.);
#6543 = LINE('',#6544,#6545);
#6544 = CARTESIAN_POINT('',(-31.,53.,0.));
#6545 = VECTOR('',#6546,1.);
#6546 = DIRECTION('',(1.,0.,-0.));
#6547 = PCURVE('',#100,#6548);
#6548 = DEFINITIONAL_REPRESENTATION('',(#6549),#6552);
#6549 = B_SPLINE_CURVE_WITH_KNOTS('',1,(#6550,#6551),.UNSPECIFIED.,.F.,
  .F.,(2,2),(18.,44.),.PIECEWISE_BEZIER_KNOTS.);
#6550 = CARTESIAN_POINT('',(62.,143.));
#6551 = CARTESIAN_POINT('',(88.,143.));
#6552 = ( GEOMETRIC_REPRESENTATION_CONTEXT(2) 
PARAMETRIC_REPRESENTATION_CONTEXT() REPRESENTATION_CONTEXT('2D SPACE',''
  ) );
#6553 = PCURVE('',#3226,#6554);
#6554 = DEFINITIONAL_REPRESENTATION('',(#6555),#6558);
#6555 = B_SPLINE_CURVE_WITH_KNOTS('',1,(#6556,#6557),.UNSPECIFIED.,.F.,
  .F.,(2,2),(18.,44.),.PIECEWISE_BEZIER_KNOTS.);
#6556 = CARTESIAN_POINT('',(26.,-176.0000002));
#6557 = CARTESIAN_POINT('',(0.,-176.0000002));
#6558 = ( GEOMETRIC_REPRESENTATION_CONTEXT(2) 
PARAMETRIC_REPRESENTATION_CONTEXT() REPRESENTATION_CONTEXT('2D SPACE',''
  ) );
#6559 = FACE_BOUND('',#6560,.F.);
#6560 = EDGE_LOOP('',(#6561));
#6561 = ORIENTED_EDGE('',*,*,#6562,.T.);
#6562 = EDGE_CURVE('',#6563,#6563,#6565,.T.);
#6563 = VERTEX_POINT('',#6564);
#6564 = CARTESIAN_POINT('',(28.4,30.,0.));
#6565 = SURFACE_CURVE('',#6566,(#6571,#6582),.PCURVE_S1.);
#6566 = CIRCLE('',#6567,1.6);
#6567 = AXIS2_PLACEMENT_3D('',#6568,#6569,#6570);
#6568 = CARTESIAN_POINT('',(30.,30.,0.));
#6569 = DIRECTION('',(0.,0.,-1.));
#6570 = DIRECTION('',(-1.,0.,0.));
#6571 = PCURVE('',#100,#6572);
#6572 = DEFINITIONAL_REPRESENTATION('',(#6573),#6581);
#6573 = ( BOUNDED_CURVE() B_SPLINE_CURVE(2,(#6574,#6575,#6576,#6577,
#6578,#6579,#6580),.UNSPECIFIED.,.T.,.F.) B_SPLINE_CURVE_WITH_KNOTS((1,2
    ,2,2,2,1),(-2.094395102393,0.,2.094395102393,4.188790204786,
6.28318530718,8.377580409573),.UNSPECIFIED.) CURVE() 
GEOMETRIC_REPRESENTATION_ITEM() RATIONAL_B_SPLINE_CURVE((1.,0.5,1.,0.5,
1.,0.5,1.)) REPRESENTATION_ITEM('') );
#6574 = CARTESIAN_POINT('',(103.4,120.));
#6575 = CARTESIAN_POINT('',(103.4,122.77128129211));
#6576 = CARTESIAN_POINT('',(105.8,121.38564064605));
#6577 = CARTESIAN_POINT('',(108.2,120.));
#6578 = CARTESIAN_POINT('',(105.8,118.61435935394));
#6579 = CARTESIAN_POINT('',(103.4,117.22871870789));
#6580 = CARTESIAN_POINT('',(103.4,120.));
#6581 = ( GEOMETRIC_REPRESENTATION_CONTEXT(2) 
PARAMETRIC_REPRESENTATION_CONTEXT() REPRESENTATION_CONTEXT('2D SPACE',''
  ) );
#6582 = PCURVE('',#3260,#6583);
#6583 = DEFINITIONAL_REPRESENTATION('',(#6584),#6588);
#6584 = LINE('',#6585,#6586);
#6585 = CARTESIAN_POINT('',(0.,4.));
#6586 = VECTOR('',#6587,1.);
#6587 = DIRECTION('',(1.,0.));
#6588 = ( GEOMETRIC_REPRESENTATION_CONTEXT(2) 
PARAMETRIC_REPRESENTATION_CONTEXT() REPRESENTATION_CONTEXT('2D SPACE',''
  ) );
#6589 = FACE_BOUND('',#6590,.F.);
#6590 = EDGE_LOOP('',(#6591));
#6591 = ORIENTED_EDGE('',*,*,#6592,.T.);
#6592 = EDGE_CURVE('',#6593,#6593,#6595,.T.);
#6593 = VERTEX_POINT('',#6594);
#6594 = CARTESIAN_POINT('',(28.4,45.,0.));
#6595 = SURFACE_CURVE('',#6596,(#6601,#6612),.PCURVE_S1.);
#6596 = CIRCLE('',#6597,1.6);
#6597 = AXIS2_PLACEMENT_3D('',#6598,#6599,#6600);
#6598 = CARTESIAN_POINT('',(30.,45.,0.));
#6599 = DIRECTION('',(0.,0.,-1.));
#6600 = DIRECTION('',(-1.,0.,0.));
#6601 = PCURVE('',#100,#6602);
#6602 = DEFINITIONAL_REPRESENTATION('',(#6603),#6611);
#6603 = ( BOUNDED_CURVE() B_SPLINE_CURVE(2,(#6604,#6605,#6606,#6607,
#6608,#6609,#6610),.UNSPECIFIED.,.T.,.F.) B_SPLINE_CURVE_WITH_KNOTS((1,2
    ,2,2,2,1),(-2.094395102393,0.,2.094395102393,4.188790204786,
6.28318530718,8.377580409573),.UNSPECIFIED.) CURVE() 
GEOMETRIC_REPRESENTATION_ITEM() RATIONAL_B_SPLINE_CURVE((1.,0.5,1.,0.5,
1.,0.5,1.)) REPRESENTATION_ITEM('') );
#6604 = CARTESIAN_POINT('',(103.4,135.));
#6605 = CARTESIAN_POINT('',(103.4,137.77128129211));
#6606 = CARTESIAN_POINT('',(105.8,136.38564064605));
#6607 = CARTESIAN_POINT('',(108.2,135.));
#6608 = CARTESIAN_POINT('',(105.8,133.61435935394));
#6609 = CARTESIAN_POINT('',(103.4,132.22871870789));
#6610 = CARTESIAN_POINT('',(103.4,135.));
#6611 = ( GEOMETRIC_REPRESENTATION_CONTEXT(2) 
PARAMETRIC_REPRESENTATION_CONTEXT() REPRESENTATION_CONTEXT('2D SPACE',''
  ) );
#6612 = PCURVE('',#3295,#6613);
#6613 = DEFINITIONAL_REPRESENTATION('',(#6614),#6618);
#6614 = LINE('',#6615,#6616);
#6615 = CARTESIAN_POINT('',(0.,4.));
#6616 = VECTOR('',#6617,1.);
#6617 = DIRECTION('',(1.,0.));
#6618 = ( GEOMETRIC_REPRESENTATION_CONTEXT(2) 
PARAMETRIC_REPRESENTATION_CONTEXT() REPRESENTATION_CONTEXT('2D SPACE',''
  ) );
#6619 = FACE_BOUND('',#6620,.F.);
#6620 = EDGE_LOOP('',(#6621));
#6621 = ORIENTED_EDGE('',*,*,#6622,.T.);
#6622 = EDGE_CURVE('',#6623,#6623,#6625,.T.);
#6623 = VERTEX_POINT('',#6624);
#6624 = CARTESIAN_POINT('',(43.4,15.,0.));
#6625 = SURFACE_CURVE('',#6626,(#6631,#6642),.PCURVE_S1.);
#6626 = CIRCLE('',#6627,1.6);
#6627 = AXIS2_PLACEMENT_3D('',#6628,#6629,#6630);
#6628 = CARTESIAN_POINT('',(45.,15.,0.));
#6629 = DIRECTION('',(0.,0.,-1.));
#6630 = DIRECTION('',(-1.,0.,0.));
#6631 = PCURVE('',#100,#6632);
#6632 = DEFINITIONAL_REPRESENTATION('',(#6633),#6641);
#6633 = ( BOUNDED_CURVE() B_SPLINE_CURVE(2,(#6634,#6635,#6636,#6637,
#6638,#6639,#6640),.UNSPECIFIED.,.T.,.F.) B_SPLINE_CURVE_WITH_KNOTS((1,2
    ,2,2,2,1),(-2.094395102393,0.,2.094395102393,4.188790204786,
6.28318530718,8.377580409573),.UNSPECIFIED.) CURVE() 
GEOMETRIC_REPRESENTATION_ITEM() RATIONAL_B_SPLINE_CURVE((1.,0.5,1.,0.5,
1.,0.5,1.)) REPRESENTATION_ITEM('') );
#6634 = CARTESIAN_POINT('',(118.4,105.));
#6635 = CARTESIAN_POINT('',(118.4,107.77128129211));
#6636 = CARTESIAN_POINT('',(120.8,106.38564064605));
#6637 = CARTESIAN_POINT('',(123.2,105.));
#6638 = CARTESIAN_POINT('',(120.8,103.61435935394));
#6639 = CARTESIAN_POINT('',(118.4,102.22871870789));
#6640 = CARTESIAN_POINT('',(118.4,105.));
#6641 = ( GEOMETRIC_REPRESENTATION_CONTEXT(2) 
PARAMETRIC_REPRESENTATION_CONTEXT() REPRESENTATION_CONTEXT('2D SPACE',''
  ) );
#6642 = PCURVE('',#3330,#6643);
#6643 = DEFINITIONAL_REPRESENTATION('',(#6644),#6648);
#6644 = LINE('',#6645,#6646);
#6645 = CARTESIAN_POINT('',(0.,4.));
#6646 = VECTOR('',#6647,1.);
#6647 = DIRECTION('',(1.,0.));
#6648 = ( GEOMETRIC_REPRESENTATION_CONTEXT(2) 
PARAMETRIC_REPRESENTATION_CONTEXT() REPRESENTATION_CONTEXT('2D SPACE',''
  ) );
#6649 = FACE_BOUND('',#6650,.F.);
#6650 = EDGE_LOOP('',(#6651));
#6651 = ORIENTED_EDGE('',*,*,#6652,.T.);
#6652 = EDGE_CURVE('',#6653,#6653,#6655,.T.);
#6653 = VERTEX_POINT('',#6654);
#6654 = CARTESIAN_POINT('',(58.4,15.,0.));
#6655 = SURFACE_CURVE('',#6656,(#6661,#6672),.PCURVE_S1.);
#6656 = CIRCLE('',#6657,1.6);
#6657 = AXIS2_PLACEMENT_3D('',#6658,#6659,#6660);
#6658 = CARTESIAN_POINT('',(60.,15.,0.));
#6659 = DIRECTION('',(0.,0.,-1.));
#6660 = DIRECTION('',(-1.,0.,0.));
#6661 = PCURVE('',#100,#6662);
#6662 = DEFINITIONAL_REPRESENTATION('',(#6663),#6671);
#6663 = ( BOUNDED_CURVE() B_SPLINE_CURVE(2,(#6664,#6665,#6666,#6667,
#6668,#6669,#6670),.UNSPECIFIED.,.T.,.F.) B_SPLINE_CURVE_WITH_KNOTS((1,2
    ,2,2,2,1),(-2.094395102393,0.,2.094395102393,4.188790204786,
6.28318530718,8.377580409573),.UNSPECIFIED.) CURVE() 
GEOMETRIC_REPRESENTATION_ITEM() RATIONAL_B_SPLINE_CURVE((1.,0.5,1.,0.5,
1.,0.5,1.)) REPRESENTATION_ITEM('') );
#6664 = CARTESIAN_POINT('',(133.4,105.));
#6665 = CARTESIAN_POINT('',(133.4,107.77128129211));
#6666 = CARTESIAN_POINT('',(135.8,106.38564064605));
#6667 = CARTESIAN_POINT('',(138.2,105.));
#6668 = CARTESIAN_POINT('',(135.8,103.61435935394));
#6669 = CARTESIAN_POINT('',(133.4,102.22871870789));
#6670 = CARTESIAN_POINT('',(133.4,105.));
#6671 = ( GEOMETRIC_REPRESENTATION_CONTEXT(2) 
PARAMETRIC_REPRESENTATION_CONTEXT() REPRESENTATION_CONTEXT('2D SPACE',''
  ) );
#6672 = PCURVE('',#3365,#6673);
#6673 = DEFINITIONAL_REPRESENTATION('',(#6674),#6678);
#6674 = LINE('',#6675,#6676);
#6675 = CARTESIAN_POINT('',(0.,4.));
#6676 = VECTOR('',#6677,1.);
#6677 = DIRECTION('',(1.,0.));
#6678 = ( GEOMETRIC_REPRESENTATION_CONTEXT(2) 
PARAMETRIC_REPRESENTATION_CONTEXT() REPRESENTATION_CONTEXT('2D SPACE',''
  ) );
#6679 = FACE_BOUND('',#6680,.F.);
#6680 = EDGE_LOOP('',(#6681));
#6681 = ORIENTED_EDGE('',*,*,#6682,.T.);
#6682 = EDGE_CURVE('',#6683,#6683,#6685,.T.);
#6683 = VERTEX_POINT('',#6684);
#6684 = CARTESIAN_POINT('',(64.4,11.,0.));
#6685 = SURFACE_CURVE('',#6686,(#6691,#6702),.PCURVE_S1.);
#6686 = CIRCLE('',#6687,1.6);
#6687 = AXIS2_PLACEMENT_3D('',#6688,#6689,#6690);
#6688 = CARTESIAN_POINT('',(66.,11.,0.));
#6689 = DIRECTION('',(0.,0.,-1.));
#6690 = DIRECTION('',(-1.,0.,0.));
#6691 = PCURVE('',#100,#6692);
#6692 = DEFINITIONAL_REPRESENTATION('',(#6693),#6701);
#6693 = ( BOUNDED_CURVE() B_SPLINE_CURVE(2,(#6694,#6695,#6696,#6697,
#6698,#6699,#6700),.UNSPECIFIED.,.T.,.F.) B_SPLINE_CURVE_WITH_KNOTS((1,2
    ,2,2,2,1),(-2.094395102393,0.,2.094395102393,4.188790204786,
6.28318530718,8.377580409573),.UNSPECIFIED.) CURVE() 
GEOMETRIC_REPRESENTATION_ITEM() RATIONAL_B_SPLINE_CURVE((1.,0.5,1.,0.5,
1.,0.5,1.)) REPRESENTATION_ITEM('') );
#6694 = CARTESIAN_POINT('',(139.4,101.));
#6695 = CARTESIAN_POINT('',(139.4,103.77128129211));
#6696 = CARTESIAN_POINT('',(141.8,102.38564064605));
#6697 = CARTESIAN_POINT('',(144.2,101.));
#6698 = CARTESIAN_POINT('',(141.8,99.614359353945));
#6699 = CARTESIAN_POINT('',(139.4,98.22871870789));
#6700 = CARTESIAN_POINT('',(139.4,101.));
#6701 = ( GEOMETRIC_REPRESENTATION_CONTEXT(2) 
PARAMETRIC_REPRESENTATION_CONTEXT() REPRESENTATION_CONTEXT('2D SPACE',''
  ) );
#6702 = PCURVE('',#3400,#6703);
#6703 = DEFINITIONAL_REPRESENTATION('',(#6704),#6708);
#6704 = LINE('',#6705,#6706);
#6705 = CARTESIAN_POINT('',(0.,4.));
#6706 = VECTOR('',#6707,1.);
#6707 = DIRECTION('',(1.,0.));
#6708 = ( GEOMETRIC_REPRESENTATION_CONTEXT(2) 
PARAMETRIC_REPRESENTATION_CONTEXT() REPRESENTATION_CONTEXT('2D SPACE',''
  ) );
#6709 = FACE_BOUND('',#6710,.F.);
#6710 = EDGE_LOOP('',(#6711));
#6711 = ORIENTED_EDGE('',*,*,#6712,.T.);
#6712 = EDGE_CURVE('',#6713,#6713,#6715,.T.);
#6713 = VERTEX_POINT('',#6714);
#6714 = CARTESIAN_POINT('',(43.4,30.,0.));
#6715 = SURFACE_CURVE('',#6716,(#6721,#6732),.PCURVE_S1.);
#6716 = CIRCLE('',#6717,1.6);
#6717 = AXIS2_PLACEMENT_3D('',#6718,#6719,#6720);
#6718 = CARTESIAN_POINT('',(45.,30.,0.));
#6719 = DIRECTION('',(0.,0.,-1.));
#6720 = DIRECTION('',(-1.,0.,0.));
#6721 = PCURVE('',#100,#6722);
#6722 = DEFINITIONAL_REPRESENTATION('',(#6723),#6731);
#6723 = ( BOUNDED_CURVE() B_SPLINE_CURVE(2,(#6724,#6725,#6726,#6727,
#6728,#6729,#6730),.UNSPECIFIED.,.T.,.F.) B_SPLINE_CURVE_WITH_KNOTS((1,2
    ,2,2,2,1),(-2.094395102393,0.,2.094395102393,4.188790204786,
6.28318530718,8.377580409573),.UNSPECIFIED.) CURVE() 
GEOMETRIC_REPRESENTATION_ITEM() RATIONAL_B_SPLINE_CURVE((1.,0.5,1.,0.5,
1.,0.5,1.)) REPRESENTATION_ITEM('') );
#6724 = CARTESIAN_POINT('',(118.4,120.));
#6725 = CARTESIAN_POINT('',(118.4,122.77128129211));
#6726 = CARTESIAN_POINT('',(120.8,121.38564064605));
#6727 = CARTESIAN_POINT('',(123.2,120.));
#6728 = CARTESIAN_POINT('',(120.8,118.61435935394));
#6729 = CARTESIAN_POINT('',(118.4,117.22871870789));
#6730 = CARTESIAN_POINT('',(118.4,120.));
#6731 = ( GEOMETRIC_REPRESENTATION_CONTEXT(2) 
PARAMETRIC_REPRESENTATION_CONTEXT() REPRESENTATION_CONTEXT('2D SPACE',''
  ) );
#6732 = PCURVE('',#3435,#6733);
#6733 = DEFINITIONAL_REPRESENTATION('',(#6734),#6738);
#6734 = LINE('',#6735,#6736);
#6735 = CARTESIAN_POINT('',(0.,4.));
#6736 = VECTOR('',#6737,1.);
#6737 = DIRECTION('',(1.,0.));
#6738 = ( GEOMETRIC_REPRESENTATION_CONTEXT(2) 
PARAMETRIC_REPRESENTATION_CONTEXT() REPRESENTATION_CONTEXT('2D SPACE',''
  ) );
#6739 = FACE_BOUND('',#6740,.F.);
#6740 = EDGE_LOOP('',(#6741));
#6741 = ORIENTED_EDGE('',*,*,#6742,.T.);
#6742 = EDGE_CURVE('',#6743,#6743,#6745,.T.);
#6743 = VERTEX_POINT('',#6744);
#6744 = CARTESIAN_POINT('',(43.4,45.,0.));
#6745 = SURFACE_CURVE('',#6746,(#6751,#6762),.PCURVE_S1.);
#6746 = CIRCLE('',#6747,1.6);
#6747 = AXIS2_PLACEMENT_3D('',#6748,#6749,#6750);
#6748 = CARTESIAN_POINT('',(45.,45.,0.));
#6749 = DIRECTION('',(0.,0.,-1.));
#6750 = DIRECTION('',(-1.,0.,0.));
#6751 = PCURVE('',#100,#6752);
#6752 = DEFINITIONAL_REPRESENTATION('',(#6753),#6761);
#6753 = ( BOUNDED_CURVE() B_SPLINE_CURVE(2,(#6754,#6755,#6756,#6757,
#6758,#6759,#6760),.UNSPECIFIED.,.T.,.F.) B_SPLINE_CURVE_WITH_KNOTS((1,2
    ,2,2,2,1),(-2.094395102393,0.,2.094395102393,4.188790204786,
6.28318530718,8.377580409573),.UNSPECIFIED.) CURVE() 
GEOMETRIC_REPRESENTATION_ITEM() RATIONAL_B_SPLINE_CURVE((1.,0.5,1.,0.5,
1.,0.5,1.)) REPRESENTATION_ITEM('') );
#6754 = CARTESIAN_POINT('',(118.4,135.));
#6755 = CARTESIAN_POINT('',(118.4,137.77128129211));
#6756 = CARTESIAN_POINT('',(120.8,136.38564064605));
#6757 = CARTESIAN_POINT('',(123.2,135.));
#6758 = CARTESIAN_POINT('',(120.8,133.61435935394));
#6759 = CARTESIAN_POINT('',(118.4,132.22871870789));
#6760 = CARTESIAN_POINT('',(118.4,135.));
#6761 = ( GEOMETRIC_REPRESENTATION_CONTEXT(2) 
PARAMETRIC_REPRESENTATION_CONTEXT() REPRESENTATION_CONTEXT('2D SPACE',''
  ) );
#6762 = PCURVE('',#3470,#6763);
#6763 = DEFINITIONAL_REPRESENTATION('',(#6764),#6768);
#6764 = LINE('',#6765,#6766);
#6765 = CARTESIAN_POINT('',(0.,4.));
#6766 = VECTOR('',#6767,1.);
#6767 = DIRECTION('',(1.,0.));
#6768 = ( GEOMETRIC_REPRESENTATION_CONTEXT(2) 
PARAMETRIC_REPRESENTATION_CONTEXT() REPRESENTATION_CONTEXT('2D SPACE',''
  ) );
#6769 = FACE_BOUND('',#6770,.F.);
#6770 = EDGE_LOOP('',(#6771));
#6771 = ORIENTED_EDGE('',*,*,#6772,.T.);
#6772 = EDGE_CURVE('',#6773,#6773,#6775,.T.);
#6773 = VERTEX_POINT('',#6774);
#6774 = CARTESIAN_POINT('',(58.4,30.,0.));
#6775 = SURFACE_CURVE('',#6776,(#6781,#6792),.PCURVE_S1.);
#6776 = CIRCLE('',#6777,1.6);
#6777 = AXIS2_PLACEMENT_3D('',#6778,#6779,#6780);
#6778 = CARTESIAN_POINT('',(60.,30.,0.));
#6779 = DIRECTION('',(0.,0.,-1.));
#6780 = DIRECTION('',(-1.,0.,0.));
#6781 = PCURVE('',#100,#6782);
#6782 = DEFINITIONAL_REPRESENTATION('',(#6783),#6791);
#6783 = ( BOUNDED_CURVE() B_SPLINE_CURVE(2,(#6784,#6785,#6786,#6787,
#6788,#6789,#6790),.UNSPECIFIED.,.T.,.F.) B_SPLINE_CURVE_WITH_KNOTS((1,2
    ,2,2,2,1),(-2.094395102393,0.,2.094395102393,4.188790204786,
6.28318530718,8.377580409573),.UNSPECIFIED.) CURVE() 
GEOMETRIC_REPRESENTATION_ITEM() RATIONAL_B_SPLINE_CURVE((1.,0.5,1.,0.5,
1.,0.5,1.)) REPRESENTATION_ITEM('') );
#6784 = CARTESIAN_POINT('',(133.4,120.));
#6785 = CARTESIAN_POINT('',(133.4,122.77128129211));
#6786 = CARTESIAN_POINT('',(135.8,121.38564064605));
#6787 = CARTESIAN_POINT('',(138.2,120.));
#6788 = CARTESIAN_POINT('',(135.8,118.61435935394));
#6789 = CARTESIAN_POINT('',(133.4,117.22871870789));
#6790 = CARTESIAN_POINT('',(133.4,120.));
#6791 = ( GEOMETRIC_REPRESENTATION_CONTEXT(2) 
PARAMETRIC_REPRESENTATION_CONTEXT() REPRESENTATION_CONTEXT('2D SPACE',''
  ) );
#6792 = PCURVE('',#3505,#6793);
#6793 = DEFINITIONAL_REPRESENTATION('',(#6794),#6798);
#6794 = LINE('',#6795,#6796);
#6795 = CARTESIAN_POINT('',(0.,4.));
#6796 = VECTOR('',#6797,1.);
#6797 = DIRECTION('',(1.,0.));
#6798 = ( GEOMETRIC_REPRESENTATION_CONTEXT(2) 
PARAMETRIC_REPRESENTATION_CONTEXT() REPRESENTATION_CONTEXT('2D SPACE',''
  ) );
#6799 = FACE_BOUND('',#6800,.F.);
#6800 = EDGE_LOOP('',(#6801));
#6801 = ORIENTED_EDGE('',*,*,#6802,.T.);
#6802 = EDGE_CURVE('',#6803,#6803,#6805,.T.);
#6803 = VERTEX_POINT('',#6804);
#6804 = CARTESIAN_POINT('',(58.4,45.,0.));
#6805 = SURFACE_CURVE('',#6806,(#6811,#6822),.PCURVE_S1.);
#6806 = CIRCLE('',#6807,1.6);
#6807 = AXIS2_PLACEMENT_3D('',#6808,#6809,#6810);
#6808 = CARTESIAN_POINT('',(60.,45.,0.));
#6809 = DIRECTION('',(0.,0.,-1.));
#6810 = DIRECTION('',(-1.,0.,0.));
#6811 = PCURVE('',#100,#6812);
#6812 = DEFINITIONAL_REPRESENTATION('',(#6813),#6821);
#6813 = ( BOUNDED_CURVE() B_SPLINE_CURVE(2,(#6814,#6815,#6816,#6817,
#6818,#6819,#6820),.UNSPECIFIED.,.T.,.F.) B_SPLINE_CURVE_WITH_KNOTS((1,2
    ,2,2,2,1),(-2.094395102393,0.,2.094395102393,4.188790204786,
6.28318530718,8.377580409573),.UNSPECIFIED.) CURVE() 
GEOMETRIC_REPRESENTATION_ITEM() RATIONAL_B_SPLINE_CURVE((1.,0.5,1.,0.5,
1.,0.5,1.)) REPRESENTATION_ITEM('') );
#6814 = CARTESIAN_POINT('',(133.4,135.));
#6815 = CARTESIAN_POINT('',(133.4,137.77128129211));
#6816 = CARTESIAN_POINT('',(135.8,136.38564064605));
#6817 = CARTESIAN_POINT('',(138.2,135.));
#6818 = CARTESIAN_POINT('',(135.8,133.61435935394));
#6819 = CARTESIAN_POINT('',(133.4,132.22871870789));
#6820 = CARTESIAN_POINT('',(133.4,135.));
#6821 = ( GEOMETRIC_REPRESENTATION_CONTEXT(2) 
PARAMETRIC_REPRESENTATION_CONTEXT() REPRESENTATION_CONTEXT('2D SPACE',''
  ) );
#6822 = PCURVE('',#3540,#6823);
#6823 = DEFINITIONAL_REPRESENTATION('',(#6824),#6828);
#6824 = LINE('',#6825,#6826);
#6825 = CARTESIAN_POINT('',(0.,4.));
#6826 = VECTOR('',#6827,1.);
#6827 = DIRECTION('',(1.,0.));
#6828 = ( GEOMETRIC_REPRESENTATION_CONTEXT(2) 
PARAMETRIC_REPRESENTATION_CONTEXT() REPRESENTATION_CONTEXT('2D SPACE',''
  ) );
#6829 = FACE_BOUND('',#6830,.F.);
#6830 = EDGE_LOOP('',(#6831));
#6831 = ORIENTED_EDGE('',*,*,#6832,.T.);
#6832 = EDGE_CURVE('',#6833,#6833,#6835,.T.);
#6833 = VERTEX_POINT('',#6834);
#6834 = CARTESIAN_POINT('',(9.4,64.,0.));
#6835 = SURFACE_CURVE('',#6836,(#6841,#6852),.PCURVE_S1.);
#6836 = CIRCLE('',#6837,1.6);
#6837 = AXIS2_PLACEMENT_3D('',#6838,#6839,#6840);
#6838 = CARTESIAN_POINT('',(11.,64.,0.));
#6839 = DIRECTION('',(0.,0.,-1.));
#6840 = DIRECTION('',(-1.,0.,0.));
#6841 = PCURVE('',#100,#6842);
#6842 = DEFINITIONAL_REPRESENTATION('',(#6843),#6851);
#6843 = ( BOUNDED_CURVE() B_SPLINE_CURVE(2,(#6844,#6845,#6846,#6847,
#6848,#6849,#6850),.UNSPECIFIED.,.T.,.F.) B_SPLINE_CURVE_WITH_KNOTS((1,2
    ,2,2,2,1),(-2.094395102393,0.,2.094395102393,4.188790204786,
6.28318530718,8.377580409573),.UNSPECIFIED.) CURVE() 
GEOMETRIC_REPRESENTATION_ITEM() RATIONAL_B_SPLINE_CURVE((1.,0.5,1.,0.5,
1.,0.5,1.)) REPRESENTATION_ITEM('') );
#6844 = CARTESIAN_POINT('',(84.4,154.));
#6845 = CARTESIAN_POINT('',(84.4,156.77128129211));
#6846 = CARTESIAN_POINT('',(86.8,155.38564064605));
#6847 = CARTESIAN_POINT('',(89.2,154.));
#6848 = CARTESIAN_POINT('',(86.8,152.61435935394));
#6849 = CARTESIAN_POINT('',(84.4,151.22871870789));
#6850 = CARTESIAN_POINT('',(84.4,154.));
#6851 = ( GEOMETRIC_REPRESENTATION_CONTEXT(2) 
PARAMETRIC_REPRESENTATION_CONTEXT() REPRESENTATION_CONTEXT('2D SPACE',''
  ) );
#6852 = PCURVE('',#3575,#6853);
#6853 = DEFINITIONAL_REPRESENTATION('',(#6854),#6858);
#6854 = LINE('',#6855,#6856);
#6855 = CARTESIAN_POINT('',(0.,4.));
#6856 = VECTOR('',#6857,1.);
#6857 = DIRECTION('',(1.,0.));
#6858 = ( GEOMETRIC_REPRESENTATION_CONTEXT(2) 
PARAMETRIC_REPRESENTATION_CONTEXT() REPRESENTATION_CONTEXT('2D SPACE',''
  ) );
#6859 = FACE_BOUND('',#6860,.F.);
#6860 = EDGE_LOOP('',(#6861));
#6861 = ORIENTED_EDGE('',*,*,#6862,.T.);
#6862 = EDGE_CURVE('',#6863,#6863,#6865,.T.);
#6863 = VERTEX_POINT('',#6864);
#6864 = CARTESIAN_POINT('',(28.4,60.,0.));
#6865 = SURFACE_CURVE('',#6866,(#6871,#6882),.PCURVE_S1.);
#6866 = CIRCLE('',#6867,1.6);
#6867 = AXIS2_PLACEMENT_3D('',#6868,#6869,#6870);
#6868 = CARTESIAN_POINT('',(30.,60.,0.));
#6869 = DIRECTION('',(0.,0.,-1.));
#6870 = DIRECTION('',(-1.,0.,0.));
#6871 = PCURVE('',#100,#6872);
#6872 = DEFINITIONAL_REPRESENTATION('',(#6873),#6881);
#6873 = ( BOUNDED_CURVE() B_SPLINE_CURVE(2,(#6874,#6875,#6876,#6877,
#6878,#6879,#6880),.UNSPECIFIED.,.T.,.F.) B_SPLINE_CURVE_WITH_KNOTS((1,2
    ,2,2,2,1),(-2.094395102393,0.,2.094395102393,4.188790204786,
6.28318530718,8.377580409573),.UNSPECIFIED.) CURVE() 
GEOMETRIC_REPRESENTATION_ITEM() RATIONAL_B_SPLINE_CURVE((1.,0.5,1.,0.5,
1.,0.5,1.)) REPRESENTATION_ITEM('') );
#6874 = CARTESIAN_POINT('',(103.4,150.));
#6875 = CARTESIAN_POINT('',(103.4,152.77128129211));
#6876 = CARTESIAN_POINT('',(105.8,151.38564064605));
#6877 = CARTESIAN_POINT('',(108.2,150.));
#6878 = CARTESIAN_POINT('',(105.8,148.61435935394));
#6879 = CARTESIAN_POINT('',(103.4,147.22871870789));
#6880 = CARTESIAN_POINT('',(103.4,150.));
#6881 = ( GEOMETRIC_REPRESENTATION_CONTEXT(2) 
PARAMETRIC_REPRESENTATION_CONTEXT() REPRESENTATION_CONTEXT('2D SPACE',''
  ) );
#6882 = PCURVE('',#3610,#6883);
#6883 = DEFINITIONAL_REPRESENTATION('',(#6884),#6888);
#6884 = LINE('',#6885,#6886);
#6885 = CARTESIAN_POINT('',(0.,4.));
#6886 = VECTOR('',#6887,1.);
#6887 = DIRECTION('',(1.,0.));
#6888 = ( GEOMETRIC_REPRESENTATION_CONTEXT(2) 
PARAMETRIC_REPRESENTATION_CONTEXT() REPRESENTATION_CONTEXT('2D SPACE',''
  ) );
#6889 = FACE_BOUND('',#6890,.F.);
#6890 = EDGE_LOOP('',(#6891));
#6891 = ORIENTED_EDGE('',*,*,#6892,.T.);
#6892 = EDGE_CURVE('',#6893,#6893,#6895,.T.);
#6893 = VERTEX_POINT('',#6894);
#6894 = CARTESIAN_POINT('',(9.4,79.,0.));
#6895 = SURFACE_CURVE('',#6896,(#6901,#6912),.PCURVE_S1.);
#6896 = CIRCLE('',#6897,1.6);
#6897 = AXIS2_PLACEMENT_3D('',#6898,#6899,#6900);
#6898 = CARTESIAN_POINT('',(11.,79.,0.));
#6899 = DIRECTION('',(0.,0.,-1.));
#6900 = DIRECTION('',(-1.,0.,0.));
#6901 = PCURVE('',#100,#6902);
#6902 = DEFINITIONAL_REPRESENTATION('',(#6903),#6911);
#6903 = ( BOUNDED_CURVE() B_SPLINE_CURVE(2,(#6904,#6905,#6906,#6907,
#6908,#6909,#6910),.UNSPECIFIED.,.T.,.F.) B_SPLINE_CURVE_WITH_KNOTS((1,2
    ,2,2,2,1),(-2.094395102393,0.,2.094395102393,4.188790204786,
6.28318530718,8.377580409573),.UNSPECIFIED.) CURVE() 
GEOMETRIC_REPRESENTATION_ITEM() RATIONAL_B_SPLINE_CURVE((1.,0.5,1.,0.5,
1.,0.5,1.)) REPRESENTATION_ITEM('') );
#6904 = CARTESIAN_POINT('',(84.4,169.));
#6905 = CARTESIAN_POINT('',(84.4,171.77128129211));
#6906 = CARTESIAN_POINT('',(86.8,170.38564064605));
#6907 = CARTESIAN_POINT('',(89.2,169.));
#6908 = CARTESIAN_POINT('',(86.8,167.61435935394));
#6909 = CARTESIAN_POINT('',(84.4,166.22871870789));
#6910 = CARTESIAN_POINT('',(84.4,169.));
#6911 = ( GEOMETRIC_REPRESENTATION_CONTEXT(2) 
PARAMETRIC_REPRESENTATION_CONTEXT() REPRESENTATION_CONTEXT('2D SPACE',''
  ) );
#6912 = PCURVE('',#3645,#6913);
#6913 = DEFINITIONAL_REPRESENTATION('',(#6914),#6918);
#6914 = LINE('',#6915,#6916);
#6915 = CARTESIAN_POINT('',(0.,4.));
#6916 = VECTOR('',#6917,1.);
#6917 = DIRECTION('',(1.,0.));
#6918 = ( GEOMETRIC_REPRESENTATION_CONTEXT(2) 
PARAMETRIC_REPRESENTATION_CONTEXT() REPRESENTATION_CONTEXT('2D SPACE',''
  ) );
#6919 = FACE_BOUND('',#6920,.F.);
#6920 = EDGE_LOOP('',(#6921));
#6921 = ORIENTED_EDGE('',*,*,#6922,.T.);
#6922 = EDGE_CURVE('',#6923,#6923,#6925,.T.);
#6923 = VERTEX_POINT('',#6924);
#6924 = CARTESIAN_POINT('',(9.4,86.,0.));
#6925 = SURFACE_CURVE('',#6926,(#6931,#6942),.PCURVE_S1.);
#6926 = CIRCLE('',#6927,1.6);
#6927 = AXIS2_PLACEMENT_3D('',#6928,#6929,#6930);
#6928 = CARTESIAN_POINT('',(11.,86.,0.));
#6929 = DIRECTION('',(0.,0.,-1.));
#6930 = DIRECTION('',(-1.,0.,0.));
#6931 = PCURVE('',#100,#6932);
#6932 = DEFINITIONAL_REPRESENTATION('',(#6933),#6941);
#6933 = ( BOUNDED_CURVE() B_SPLINE_CURVE(2,(#6934,#6935,#6936,#6937,
#6938,#6939,#6940),.UNSPECIFIED.,.T.,.F.) B_SPLINE_CURVE_WITH_KNOTS((1,2
    ,2,2,2,1),(-2.094395102393,0.,2.094395102393,4.188790204786,
6.28318530718,8.377580409573),.UNSPECIFIED.) CURVE() 
GEOMETRIC_REPRESENTATION_ITEM() RATIONAL_B_SPLINE_CURVE((1.,0.5,1.,0.5,
1.,0.5,1.)) REPRESENTATION_ITEM('') );
#6934 = CARTESIAN_POINT('',(84.4,176.));
#6935 = CARTESIAN_POINT('',(84.4,178.77128129211));
#6936 = CARTESIAN_POINT('',(86.8,177.38564064605));
#6937 = CARTESIAN_POINT('',(89.2,176.));
#6938 = CARTESIAN_POINT('',(86.8,174.61435935394));
#6939 = CARTESIAN_POINT('',(84.4,173.22871870789));
#6940 = CARTESIAN_POINT('',(84.4,176.));
#6941 = ( GEOMETRIC_REPRESENTATION_CONTEXT(2) 
PARAMETRIC_REPRESENTATION_CONTEXT() REPRESENTATION_CONTEXT('2D SPACE',''
  ) );
#6942 = PCURVE('',#3680,#6943);
#6943 = DEFINITIONAL_REPRESENTATION('',(#6944),#6948);
#6944 = LINE('',#6945,#6946);
#6945 = CARTESIAN_POINT('',(0.,4.));
#6946 = VECTOR('',#6947,1.);
#6947 = DIRECTION('',(1.,0.));
#6948 = ( GEOMETRIC_REPRESENTATION_CONTEXT(2) 
PARAMETRIC_REPRESENTATION_CONTEXT() REPRESENTATION_CONTEXT('2D SPACE',''
  ) );
#6949 = FACE_BOUND('',#6950,.F.);
#6950 = EDGE_LOOP('',(#6951));
#6951 = ORIENTED_EDGE('',*,*,#6952,.T.);
#6952 = EDGE_CURVE('',#6953,#6953,#6955,.T.);
#6953 = VERTEX_POINT('',#6954);
#6954 = CARTESIAN_POINT('',(28.4,75.,0.));
#6955 = SURFACE_CURVE('',#6956,(#6961,#6972),.PCURVE_S1.);
#6956 = CIRCLE('',#6957,1.6);
#6957 = AXIS2_PLACEMENT_3D('',#6958,#6959,#6960);
#6958 = CARTESIAN_POINT('',(30.,75.,0.));
#6959 = DIRECTION('',(0.,0.,-1.));
#6960 = DIRECTION('',(-1.,0.,0.));
#6961 = PCURVE('',#100,#6962);
#6962 = DEFINITIONAL_REPRESENTATION('',(#6963),#6971);
#6963 = ( BOUNDED_CURVE() B_SPLINE_CURVE(2,(#6964,#6965,#6966,#6967,
#6968,#6969,#6970),.UNSPECIFIED.,.T.,.F.) B_SPLINE_CURVE_WITH_KNOTS((1,2
    ,2,2,2,1),(-2.094395102393,0.,2.094395102393,4.188790204786,
6.28318530718,8.377580409573),.UNSPECIFIED.) CURVE() 
GEOMETRIC_REPRESENTATION_ITEM() RATIONAL_B_SPLINE_CURVE((1.,0.5,1.,0.5,
1.,0.5,1.)) REPRESENTATION_ITEM('') );
#6964 = CARTESIAN_POINT('',(103.4,165.));
#6965 = CARTESIAN_POINT('',(103.4,167.77128129211));
#6966 = CARTESIAN_POINT('',(105.8,166.38564064605));
#6967 = CARTESIAN_POINT('',(108.2,165.));
#6968 = CARTESIAN_POINT('',(105.8,163.61435935394));
#6969 = CARTESIAN_POINT('',(103.4,162.22871870789));
#6970 = CARTESIAN_POINT('',(103.4,165.));
#6971 = ( GEOMETRIC_REPRESENTATION_CONTEXT(2) 
PARAMETRIC_REPRESENTATION_CONTEXT() REPRESENTATION_CONTEXT('2D SPACE',''
  ) );
#6972 = PCURVE('',#3715,#6973);
#6973 = DEFINITIONAL_REPRESENTATION('',(#6974),#6978);
#6974 = LINE('',#6975,#6976);
#6975 = CARTESIAN_POINT('',(0.,4.));
#6976 = VECTOR('',#6977,1.);
#6977 = DIRECTION('',(1.,0.));
#6978 = ( GEOMETRIC_REPRESENTATION_CONTEXT(2) 
PARAMETRIC_REPRESENTATION_CONTEXT() REPRESENTATION_CONTEXT('2D SPACE',''
  ) );
#6979 = FACE_BOUND('',#6980,.F.);
#6980 = EDGE_LOOP('',(#6981));
#6981 = ORIENTED_EDGE('',*,*,#6982,.T.);
#6982 = EDGE_CURVE('',#6983,#6983,#6985,.T.);
#6983 = VERTEX_POINT('',#6984);
#6984 = CARTESIAN_POINT('',(43.4,60.,0.));
#6985 = SURFACE_CURVE('',#6986,(#6991,#7002),.PCURVE_S1.);
#6986 = CIRCLE('',#6987,1.6);
#6987 = AXIS2_PLACEMENT_3D('',#6988,#6989,#6990);
#6988 = CARTESIAN_POINT('',(45.,60.,0.));
#6989 = DIRECTION('',(0.,0.,-1.));
#6990 = DIRECTION('',(-1.,0.,0.));
#6991 = PCURVE('',#100,#6992);
#6992 = DEFINITIONAL_REPRESENTATION('',(#6993),#7001);
#6993 = ( BOUNDED_CURVE() B_SPLINE_CURVE(2,(#6994,#6995,#6996,#6997,
#6998,#6999,#7000),.UNSPECIFIED.,.T.,.F.) B_SPLINE_CURVE_WITH_KNOTS((1,2
    ,2,2,2,1),(-2.094395102393,0.,2.094395102393,4.188790204786,
6.28318530718,8.377580409573),.UNSPECIFIED.) CURVE() 
GEOMETRIC_REPRESENTATION_ITEM() RATIONAL_B_SPLINE_CURVE((1.,0.5,1.,0.5,
1.,0.5,1.)) REPRESENTATION_ITEM('') );
#6994 = CARTESIAN_POINT('',(118.4,150.));
#6995 = CARTESIAN_POINT('',(118.4,152.77128129211));
#6996 = CARTESIAN_POINT('',(120.8,151.38564064605));
#6997 = CARTESIAN_POINT('',(123.2,150.));
#6998 = CARTESIAN_POINT('',(120.8,148.61435935394));
#6999 = CARTESIAN_POINT('',(118.4,147.22871870789));
#7000 = CARTESIAN_POINT('',(118.4,150.));
#7001 = ( GEOMETRIC_REPRESENTATION_CONTEXT(2) 
PARAMETRIC_REPRESENTATION_CONTEXT() REPRESENTATION_CONTEXT('2D SPACE',''
  ) );
#7002 = PCURVE('',#3750,#7003);
#7003 = DEFINITIONAL_REPRESENTATION('',(#7004),#7008);
#7004 = LINE('',#7005,#7006);
#7005 = CARTESIAN_POINT('',(0.,4.));
#7006 = VECTOR('',#7007,1.);
#7007 = DIRECTION('',(1.,0.));
#7008 = ( GEOMETRIC_REPRESENTATION_CONTEXT(2) 
PARAMETRIC_REPRESENTATION_CONTEXT() REPRESENTATION_CONTEXT('2D SPACE',''
  ) );
#7009 = FACE_BOUND('',#7010,.F.);
#7010 = EDGE_LOOP('',(#7011));
#7011 = ORIENTED_EDGE('',*,*,#7012,.T.);
#7012 = EDGE_CURVE('',#7013,#7013,#7015,.T.);
#7013 = VERTEX_POINT('',#7014);
#7014 = CARTESIAN_POINT('',(58.4,60.,0.));
#7015 = SURFACE_CURVE('',#7016,(#7021,#7032),.PCURVE_S1.);
#7016 = CIRCLE('',#7017,1.6);
#7017 = AXIS2_PLACEMENT_3D('',#7018,#7019,#7020);
#7018 = CARTESIAN_POINT('',(60.,60.,0.));
#7019 = DIRECTION('',(0.,0.,-1.));
#7020 = DIRECTION('',(-1.,0.,0.));
#7021 = PCURVE('',#100,#7022);
#7022 = DEFINITIONAL_REPRESENTATION('',(#7023),#7031);
#7023 = ( BOUNDED_CURVE() B_SPLINE_CURVE(2,(#7024,#7025,#7026,#7027,
#7028,#7029,#7030),.UNSPECIFIED.,.T.,.F.) B_SPLINE_CURVE_WITH_KNOTS((1,2
    ,2,2,2,1),(-2.094395102393,0.,2.094395102393,4.188790204786,
6.28318530718,8.377580409573),.UNSPECIFIED.) CURVE() 
GEOMETRIC_REPRESENTATION_ITEM() RATIONAL_B_SPLINE_CURVE((1.,0.5,1.,0.5,
1.,0.5,1.)) REPRESENTATION_ITEM('') );
#7024 = CARTESIAN_POINT('',(133.4,150.));
#7025 = CARTESIAN_POINT('',(133.4,152.77128129211));
#7026 = CARTESIAN_POINT('',(135.8,151.38564064605));
#7027 = CARTESIAN_POINT('',(138.2,150.));
#7028 = CARTESIAN_POINT('',(135.8,148.61435935394));
#7029 = CARTESIAN_POINT('',(133.4,147.22871870789));
#7030 = CARTESIAN_POINT('',(133.4,150.));
#7031 = ( GEOMETRIC_REPRESENTATION_CONTEXT(2) 
PARAMETRIC_REPRESENTATION_CONTEXT() REPRESENTATION_CONTEXT('2D SPACE',''
  ) );
#7032 = PCURVE('',#3785,#7033);
#7033 = DEFINITIONAL_REPRESENTATION('',(#7034),#7038);
#7034 = LINE('',#7035,#7036);
#7035 = CARTESIAN_POINT('',(0.,4.));
#7036 = VECTOR('',#7037,1.);
#7037 = DIRECTION('',(1.,0.));
#7038 = ( GEOMETRIC_REPRESENTATION_CONTEXT(2) 
PARAMETRIC_REPRESENTATION_CONTEXT() REPRESENTATION_CONTEXT('2D SPACE',''
  ) );
#7039 = FACE_BOUND('',#7040,.F.);
#7040 = EDGE_LOOP('',(#7041));
#7041 = ORIENTED_EDGE('',*,*,#7042,.T.);
#7042 = EDGE_CURVE('',#7043,#7043,#7045,.T.);
#7043 = VERTEX_POINT('',#7044);
#7044 = CARTESIAN_POINT('',(43.4,75.,0.));
#7045 = SURFACE_CURVE('',#7046,(#7051,#7062),.PCURVE_S1.);
#7046 = CIRCLE('',#7047,1.6);
#7047 = AXIS2_PLACEMENT_3D('',#7048,#7049,#7050);
#7048 = CARTESIAN_POINT('',(45.,75.,0.));
#7049 = DIRECTION('',(0.,0.,-1.));
#7050 = DIRECTION('',(-1.,0.,0.));
#7051 = PCURVE('',#100,#7052);
#7052 = DEFINITIONAL_REPRESENTATION('',(#7053),#7061);
#7053 = ( BOUNDED_CURVE() B_SPLINE_CURVE(2,(#7054,#7055,#7056,#7057,
#7058,#7059,#7060),.UNSPECIFIED.,.T.,.F.) B_SPLINE_CURVE_WITH_KNOTS((1,2
    ,2,2,2,1),(-2.094395102393,0.,2.094395102393,4.188790204786,
6.28318530718,8.377580409573),.UNSPECIFIED.) CURVE() 
GEOMETRIC_REPRESENTATION_ITEM() RATIONAL_B_SPLINE_CURVE((1.,0.5,1.,0.5,
1.,0.5,1.)) REPRESENTATION_ITEM('') );
#7054 = CARTESIAN_POINT('',(118.4,165.));
#7055 = CARTESIAN_POINT('',(118.4,167.77128129211));
#7056 = CARTESIAN_POINT('',(120.8,166.38564064605));
#7057 = CARTESIAN_POINT('',(123.2,165.));
#7058 = CARTESIAN_POINT('',(120.8,163.61435935394));
#7059 = CARTESIAN_POINT('',(118.4,162.22871870789));
#7060 = CARTESIAN_POINT('',(118.4,165.));
#7061 = ( GEOMETRIC_REPRESENTATION_CONTEXT(2) 
PARAMETRIC_REPRESENTATION_CONTEXT() REPRESENTATION_CONTEXT('2D SPACE',''
  ) );
#7062 = PCURVE('',#3820,#7063);
#7063 = DEFINITIONAL_REPRESENTATION('',(#7064),#7068);
#7064 = LINE('',#7065,#7066);
#7065 = CARTESIAN_POINT('',(0.,4.));
#7066 = VECTOR('',#7067,1.);
#7067 = DIRECTION('',(1.,0.));
#7068 = ( GEOMETRIC_REPRESENTATION_CONTEXT(2) 
PARAMETRIC_REPRESENTATION_CONTEXT() REPRESENTATION_CONTEXT('2D SPACE',''
  ) );
#7069 = FACE_BOUND('',#7070,.F.);
#7070 = EDGE_LOOP('',(#7071));
#7071 = ORIENTED_EDGE('',*,*,#7072,.T.);
#7072 = EDGE_CURVE('',#7073,#7073,#7075,.T.);
#7073 = VERTEX_POINT('',#7074);
#7074 = CARTESIAN_POINT('',(58.4,75.,0.));
#7075 = SURFACE_CURVE('',#7076,(#7081,#7092),.PCURVE_S1.);
#7076 = CIRCLE('',#7077,1.6);
#7077 = AXIS2_PLACEMENT_3D('',#7078,#7079,#7080);
#7078 = CARTESIAN_POINT('',(60.,75.,0.));
#7079 = DIRECTION('',(0.,0.,-1.));
#7080 = DIRECTION('',(-1.,0.,0.));
#7081 = PCURVE('',#100,#7082);
#7082 = DEFINITIONAL_REPRESENTATION('',(#7083),#7091);
#7083 = ( BOUNDED_CURVE() B_SPLINE_CURVE(2,(#7084,#7085,#7086,#7087,
#7088,#7089,#7090),.UNSPECIFIED.,.T.,.F.) B_SPLINE_CURVE_WITH_KNOTS((1,2
    ,2,2,2,1),(-2.094395102393,0.,2.094395102393,4.188790204786,
6.28318530718,8.377580409573),.UNSPECIFIED.) CURVE() 
GEOMETRIC_REPRESENTATION_ITEM() RATIONAL_B_SPLINE_CURVE((1.,0.5,1.,0.5,
1.,0.5,1.)) REPRESENTATION_ITEM('') );
#7084 = CARTESIAN_POINT('',(133.4,165.));
#7085 = CARTESIAN_POINT('',(133.4,167.77128129211));
#7086 = CARTESIAN_POINT('',(135.8,166.38564064605));
#7087 = CARTESIAN_POINT('',(138.2,165.));
#7088 = CARTESIAN_POINT('',(135.8,163.61435935394));
#7089 = CARTESIAN_POINT('',(133.4,162.22871870789));
#7090 = CARTESIAN_POINT('',(133.4,165.));
#7091 = ( GEOMETRIC_REPRESENTATION_CONTEXT(2) 
PARAMETRIC_REPRESENTATION_CONTEXT() REPRESENTATION_CONTEXT('2D SPACE',''
  ) );
#7092 = PCURVE('',#3855,#7093);
#7093 = DEFINITIONAL_REPRESENTATION('',(#7094),#7098);
#7094 = LINE('',#7095,#7096);
#7095 = CARTESIAN_POINT('',(0.,4.));
#7096 = VECTOR('',#7097,1.);
#7097 = DIRECTION('',(1.,0.));
#7098 = ( GEOMETRIC_REPRESENTATION_CONTEXT(2) 
PARAMETRIC_REPRESENTATION_CONTEXT() REPRESENTATION_CONTEXT('2D SPACE',''
  ) );
#7099 = ADVANCED_FACE('',(#7100),#182,.F.);
#7100 = FACE_BOUND('',#7101,.F.);
#7101 = EDGE_LOOP('',(#7102,#7103,#7104,#7105));
#7102 = ORIENTED_EDGE('',*,*,#3976,.F.);
#7103 = ORIENTED_EDGE('',*,*,#3894,.T.);
#7104 = ORIENTED_EDGE('',*,*,#166,.T.);
#7105 = ORIENTED_EDGE('',*,*,#7106,.F.);
#7106 = EDGE_CURVE('',#3977,#167,#7107,.T.);
#7107 = SURFACE_CURVE('',#7108,(#7112,#7119),.PCURVE_S1.);
#7108 = LINE('',#7109,#7110);
#7109 = CARTESIAN_POINT('',(63.,-90.,0.));
#7110 = VECTOR('',#7111,1.);
#7111 = DIRECTION('',(0.,0.,1.));
#7112 = PCURVE('',#182,#7113);
#7113 = DEFINITIONAL_REPRESENTATION('',(#7114),#7118);
#7114 = LINE('',#7115,#7116);
#7115 = CARTESIAN_POINT('',(0.,138.));
#7116 = VECTOR('',#7117,1.);
#7117 = DIRECTION('',(1.,0.));
#7118 = ( GEOMETRIC_REPRESENTATION_CONTEXT(2) 
PARAMETRIC_REPRESENTATION_CONTEXT() REPRESENTATION_CONTEXT('2D SPACE',''
  ) );
#7119 = PCURVE('',#215,#7120);
#7120 = DEFINITIONAL_REPRESENTATION('',(#7121),#7125);
#7121 = LINE('',#7122,#7123);
#7122 = CARTESIAN_POINT('',(-1.570796326795,0.));
#7123 = VECTOR('',#7124,1.);
#7124 = DIRECTION('',(-0.,1.));
#7125 = ( GEOMETRIC_REPRESENTATION_CONTEXT(2) 
PARAMETRIC_REPRESENTATION_CONTEXT() REPRESENTATION_CONTEXT('2D SPACE',''
  ) );
#7126 = ADVANCED_FACE('',(#7127),#300,.T.);
#7127 = FACE_BOUND('',#7128,.T.);
#7128 = EDGE_LOOP('',(#7129,#7130,#7131,#7132));
#7129 = ORIENTED_EDGE('',*,*,#4074,.F.);
#7130 = ORIENTED_EDGE('',*,*,#3948,.T.);
#7131 = ORIENTED_EDGE('',*,*,#284,.T.);
#7132 = ORIENTED_EDGE('',*,*,#7133,.F.);
#7133 = EDGE_CURVE('',#4051,#256,#7134,.T.);
#7134 = SURFACE_CURVE('',#7135,(#7139,#7146),.PCURVE_S1.);
#7135 = LINE('',#7136,#7137);
#7136 = CARTESIAN_POINT('',(63.,90.,0.));
#7137 = VECTOR('',#7138,1.);
#7138 = DIRECTION('',(0.,0.,1.));
#7139 = PCURVE('',#300,#7140);
#7140 = DEFINITIONAL_REPRESENTATION('',(#7141),#7145);
#7141 = LINE('',#7142,#7143);
#7142 = CARTESIAN_POINT('',(0.,138.));
#7143 = VECTOR('',#7144,1.);
#7144 = DIRECTION('',(1.,0.));
#7145 = ( GEOMETRIC_REPRESENTATION_CONTEXT(2) 
PARAMETRIC_REPRESENTATION_CONTEXT() REPRESENTATION_CONTEXT('2D SPACE',''
  ) );
#7146 = PCURVE('',#272,#7147);
#7147 = DEFINITIONAL_REPRESENTATION('',(#7148),#7152);
#7148 = LINE('',#7149,#7150);
#7149 = CARTESIAN_POINT('',(1.570796326795,0.));
#7150 = VECTOR('',#7151,1.);
#7151 = DIRECTION('',(0.,1.));
#7152 = ( GEOMETRIC_REPRESENTATION_CONTEXT(2) 
PARAMETRIC_REPRESENTATION_CONTEXT() REPRESENTATION_CONTEXT('2D SPACE',''
  ) );
#7153 = ADVANCED_FACE('',(#7154),#215,.T.);
#7154 = FACE_BOUND('',#7155,.F.);
#7155 = EDGE_LOOP('',(#7156,#7157,#7158,#7159));
#7156 = ORIENTED_EDGE('',*,*,#3999,.T.);
#7157 = ORIENTED_EDGE('',*,*,#7106,.T.);
#7158 = ORIENTED_EDGE('',*,*,#194,.F.);
#7159 = ORIENTED_EDGE('',*,*,#7160,.F.);
#7160 = EDGE_CURVE('',#4000,#195,#7161,.T.);
#7161 = SURFACE_CURVE('',#7162,(#7166,#7173),.PCURVE_S1.);
#7162 = LINE('',#7163,#7164);
#7163 = CARTESIAN_POINT('',(75.,-78.,0.));
#7164 = VECTOR('',#7165,1.);
#7165 = DIRECTION('',(0.,0.,1.));
#7166 = PCURVE('',#215,#7167);
#7167 = DEFINITIONAL_REPRESENTATION('',(#7168),#7172);
#7168 = LINE('',#7169,#7170);
#7169 = CARTESIAN_POINT('',(-0.,0.));
#7170 = VECTOR('',#7171,1.);
#7171 = DIRECTION('',(-0.,1.));
#7172 = ( GEOMETRIC_REPRESENTATION_CONTEXT(2) 
PARAMETRIC_REPRESENTATION_CONTEXT() REPRESENTATION_CONTEXT('2D SPACE',''
  ) );
#7173 = PCURVE('',#243,#7174);
#7174 = DEFINITIONAL_REPRESENTATION('',(#7175),#7179);
#7175 = LINE('',#7176,#7177);
#7176 = CARTESIAN_POINT('',(0.,-12.));
#7177 = VECTOR('',#7178,1.);
#7178 = DIRECTION('',(1.,0.));
#7179 = ( GEOMETRIC_REPRESENTATION_CONTEXT(2) 
PARAMETRIC_REPRESENTATION_CONTEXT() REPRESENTATION_CONTEXT('2D SPACE',''
  ) );
#7180 = ADVANCED_FACE('',(#7181),#272,.T.);
#7181 = FACE_BOUND('',#7182,.T.);
#7182 = EDGE_LOOP('',(#7183,#7184,#7185,#7186));
#7183 = ORIENTED_EDGE('',*,*,#4050,.T.);
#7184 = ORIENTED_EDGE('',*,*,#7133,.T.);
#7185 = ORIENTED_EDGE('',*,*,#255,.F.);
#7186 = ORIENTED_EDGE('',*,*,#7187,.F.);
#7187 = EDGE_CURVE('',#4028,#228,#7188,.T.);
#7188 = SURFACE_CURVE('',#7189,(#7193,#7200),.PCURVE_S1.);
#7189 = LINE('',#7190,#7191);
#7190 = CARTESIAN_POINT('',(75.,78.,0.));
#7191 = VECTOR('',#7192,1.);
#7192 = DIRECTION('',(0.,0.,1.));
#7193 = PCURVE('',#272,#7194);
#7194 = DEFINITIONAL_REPRESENTATION('',(#7195),#7199);
#7195 = LINE('',#7196,#7197);
#7196 = CARTESIAN_POINT('',(0.,0.));
#7197 = VECTOR('',#7198,1.);
#7198 = DIRECTION('',(0.,1.));
#7199 = ( GEOMETRIC_REPRESENTATION_CONTEXT(2) 
PARAMETRIC_REPRESENTATION_CONTEXT() REPRESENTATION_CONTEXT('2D SPACE',''
  ) );
#7200 = PCURVE('',#243,#7201);
#7201 = DEFINITIONAL_REPRESENTATION('',(#7202),#7206);
#7202 = LINE('',#7203,#7204);
#7203 = CARTESIAN_POINT('',(0.,-168.));
#7204 = VECTOR('',#7205,1.);
#7205 = DIRECTION('',(1.,0.));
#7206 = ( GEOMETRIC_REPRESENTATION_CONTEXT(2) 
PARAMETRIC_REPRESENTATION_CONTEXT() REPRESENTATION_CONTEXT('2D SPACE',''
  ) );
#7207 = ADVANCED_FACE('',(#7208),#243,.T.);
#7208 = FACE_BOUND('',#7209,.T.);
#7209 = EDGE_LOOP('',(#7210,#7211,#7212,#7213));
#7210 = ORIENTED_EDGE('',*,*,#227,.F.);
#7211 = ORIENTED_EDGE('',*,*,#7160,.F.);
#7212 = ORIENTED_EDGE('',*,*,#4027,.T.);
#7213 = ORIENTED_EDGE('',*,*,#7187,.T.);
#7214 = ADVANCED_FACE('',(#7215),#361,.F.);
#7215 = FACE_BOUND('',#7216,.F.);
#7216 = EDGE_LOOP('',(#7217,#7218,#7239,#7240));
#7217 = ORIENTED_EDGE('',*,*,#4098,.F.);
#7218 = ORIENTED_EDGE('',*,*,#7219,.F.);
#7219 = EDGE_CURVE('',#341,#4099,#7220,.T.);
#7220 = SEAM_CURVE('',#7221,(#7225,#7232),.PCURVE_S1.);
#7221 = LINE('',#7222,#7223);
#7222 = CARTESIAN_POINT('',(-61.6,-75.,4.));
#7223 = VECTOR('',#7224,1.);
#7224 = DIRECTION('',(0.,0.,-1.));
#7225 = PCURVE('',#361,#7226);
#7226 = DEFINITIONAL_REPRESENTATION('',(#7227),#7231);
#7227 = LINE('',#7228,#7229);
#7228 = CARTESIAN_POINT('',(6.28318530718,-0.));
#7229 = VECTOR('',#7230,1.);
#7230 = DIRECTION('',(0.,1.));
#7231 = ( GEOMETRIC_REPRESENTATION_CONTEXT(2) 
PARAMETRIC_REPRESENTATION_CONTEXT() REPRESENTATION_CONTEXT('2D SPACE',''
  ) );
#7232 = PCURVE('',#361,#7233);
#7233 = DEFINITIONAL_REPRESENTATION('',(#7234),#7238);
#7234 = LINE('',#7235,#7236);
#7235 = CARTESIAN_POINT('',(0.,-0.));
#7236 = VECTOR('',#7237,1.);
#7237 = DIRECTION('',(0.,1.));
#7238 = ( GEOMETRIC_REPRESENTATION_CONTEXT(2) 
PARAMETRIC_REPRESENTATION_CONTEXT() REPRESENTATION_CONTEXT('2D SPACE',''
  ) );
#7239 = ORIENTED_EDGE('',*,*,#340,.T.);
#7240 = ORIENTED_EDGE('',*,*,#7219,.T.);
#7241 = ADVANCED_FACE('',(#7242),#396,.F.);
#7242 = FACE_BOUND('',#7243,.F.);
#7243 = EDGE_LOOP('',(#7244,#7245,#7266,#7267));
#7244 = ORIENTED_EDGE('',*,*,#4128,.F.);
#7245 = ORIENTED_EDGE('',*,*,#7246,.F.);
#7246 = EDGE_CURVE('',#376,#4129,#7247,.T.);
#7247 = SEAM_CURVE('',#7248,(#7252,#7259),.PCURVE_S1.);
#7248 = LINE('',#7249,#7250);
#7249 = CARTESIAN_POINT('',(-46.6,-75.,4.));
#7250 = VECTOR('',#7251,1.);
#7251 = DIRECTION('',(0.,0.,-1.));
#7252 = PCURVE('',#396,#7253);
#7253 = DEFINITIONAL_REPRESENTATION('',(#7254),#7258);
#7254 = LINE('',#7255,#7256);
#7255 = CARTESIAN_POINT('',(6.28318530718,-0.));
#7256 = VECTOR('',#7257,1.);
#7257 = DIRECTION('',(0.,1.));
#7258 = ( GEOMETRIC_REPRESENTATION_CONTEXT(2) 
PARAMETRIC_REPRESENTATION_CONTEXT() REPRESENTATION_CONTEXT('2D SPACE',''
  ) );
#7259 = PCURVE('',#396,#7260);
#7260 = DEFINITIONAL_REPRESENTATION('',(#7261),#7265);
#7261 = LINE('',#7262,#7263);
#7262 = CARTESIAN_POINT('',(0.,-0.));
#7263 = VECTOR('',#7264,1.);
#7264 = DIRECTION('',(0.,1.));
#7265 = ( GEOMETRIC_REPRESENTATION_CONTEXT(2) 
PARAMETRIC_REPRESENTATION_CONTEXT() REPRESENTATION_CONTEXT('2D SPACE',''
  ) );
#7266 = ORIENTED_EDGE('',*,*,#375,.T.);
#7267 = ORIENTED_EDGE('',*,*,#7246,.T.);
#7268 = ADVANCED_FACE('',(#7269),#429,.F.);
#7269 = FACE_BOUND('',#7270,.T.);
#7270 = EDGE_LOOP('',(#7271,#7272,#7293,#7294));
#7271 = ORIENTED_EDGE('',*,*,#410,.T.);
#7272 = ORIENTED_EDGE('',*,*,#7273,.T.);
#7273 = EDGE_CURVE('',#413,#4161,#7274,.T.);
#7274 = SURFACE_CURVE('',#7275,(#7279,#7286),.PCURVE_S1.);
#7275 = LINE('',#7276,#7277);
#7276 = CARTESIAN_POINT('',(-53.,-63.,184.0000003));
#7277 = VECTOR('',#7278,1.);
#7278 = DIRECTION('',(0.,0.,-1.));
#7279 = PCURVE('',#429,#7280);
#7280 = DEFINITIONAL_REPRESENTATION('',(#7281),#7285);
#7281 = LINE('',#7282,#7283);
#7282 = CARTESIAN_POINT('',(-0.,0.));
#7283 = VECTOR('',#7284,1.);
#7284 = DIRECTION('',(-0.,-1.));
#7285 = ( GEOMETRIC_REPRESENTATION_CONTEXT(2) 
PARAMETRIC_REPRESENTATION_CONTEXT() REPRESENTATION_CONTEXT('2D SPACE',''
  ) );
#7286 = PCURVE('',#509,#7287);
#7287 = DEFINITIONAL_REPRESENTATION('',(#7288),#7292);
#7288 = LINE('',#7289,#7290);
#7289 = CARTESIAN_POINT('',(10.,0.));
#7290 = VECTOR('',#7291,1.);
#7291 = DIRECTION('',(0.,-1.));
#7292 = ( GEOMETRIC_REPRESENTATION_CONTEXT(2) 
PARAMETRIC_REPRESENTATION_CONTEXT() REPRESENTATION_CONTEXT('2D SPACE',''
  ) );
#7293 = ORIENTED_EDGE('',*,*,#4158,.F.);
#7294 = ORIENTED_EDGE('',*,*,#7295,.F.);
#7295 = EDGE_CURVE('',#411,#4159,#7296,.T.);
#7296 = SURFACE_CURVE('',#7297,(#7301,#7308),.PCURVE_S1.);
#7297 = LINE('',#7298,#7299);
#7298 = CARTESIAN_POINT('',(-53.,-59.,184.0000003));
#7299 = VECTOR('',#7300,1.);
#7300 = DIRECTION('',(0.,0.,-1.));
#7301 = PCURVE('',#429,#7302);
#7302 = DEFINITIONAL_REPRESENTATION('',(#7303),#7307);
#7303 = LINE('',#7304,#7305);
#7304 = CARTESIAN_POINT('',(-3.14159265359,0.));
#7305 = VECTOR('',#7306,1.);
#7306 = DIRECTION('',(-0.,-1.));
#7307 = ( GEOMETRIC_REPRESENTATION_CONTEXT(2) 
PARAMETRIC_REPRESENTATION_CONTEXT() REPRESENTATION_CONTEXT('2D SPACE',''
  ) );
#7308 = PCURVE('',#456,#7309);
#7309 = DEFINITIONAL_REPRESENTATION('',(#7310),#7314);
#7310 = LINE('',#7311,#7312);
#7311 = CARTESIAN_POINT('',(0.,-0.));
#7312 = VECTOR('',#7313,1.);
#7313 = DIRECTION('',(0.,-1.));
#7314 = ( GEOMETRIC_REPRESENTATION_CONTEXT(2) 
PARAMETRIC_REPRESENTATION_CONTEXT() REPRESENTATION_CONTEXT('2D SPACE',''
  ) );
#7315 = ADVANCED_FACE('',(#7316),#456,.T.);
#7316 = FACE_BOUND('',#7317,.T.);
#7317 = EDGE_LOOP('',(#7318,#7319,#7320,#7321));
#7318 = ORIENTED_EDGE('',*,*,#441,.F.);
#7319 = ORIENTED_EDGE('',*,*,#7295,.T.);
#7320 = ORIENTED_EDGE('',*,*,#4184,.T.);
#7321 = ORIENTED_EDGE('',*,*,#7322,.F.);
#7322 = EDGE_CURVE('',#442,#4185,#7323,.T.);
#7323 = SURFACE_CURVE('',#7324,(#7328,#7335),.PCURVE_S1.);
#7324 = LINE('',#7325,#7326);
#7325 = CARTESIAN_POINT('',(-43.,-59.,184.0000003));
#7326 = VECTOR('',#7327,1.);
#7327 = DIRECTION('',(0.,0.,-1.));
#7328 = PCURVE('',#456,#7329);
#7329 = DEFINITIONAL_REPRESENTATION('',(#7330),#7334);
#7330 = LINE('',#7331,#7332);
#7331 = CARTESIAN_POINT('',(10.,0.));
#7332 = VECTOR('',#7333,1.);
#7333 = DIRECTION('',(0.,-1.));
#7334 = ( GEOMETRIC_REPRESENTATION_CONTEXT(2) 
PARAMETRIC_REPRESENTATION_CONTEXT() REPRESENTATION_CONTEXT('2D SPACE',''
  ) );
#7335 = PCURVE('',#484,#7336);
#7336 = DEFINITIONAL_REPRESENTATION('',(#7337),#7341);
#7337 = LINE('',#7338,#7339);
#7338 = CARTESIAN_POINT('',(-0.,0.));
#7339 = VECTOR('',#7340,1.);
#7340 = DIRECTION('',(-0.,-1.));
#7341 = ( GEOMETRIC_REPRESENTATION_CONTEXT(2) 
PARAMETRIC_REPRESENTATION_CONTEXT() REPRESENTATION_CONTEXT('2D SPACE',''
  ) );
#7342 = ADVANCED_FACE('',(#7343),#509,.T.);
#7343 = FACE_BOUND('',#7344,.T.);
#7344 = EDGE_LOOP('',(#7345,#7346,#7367,#7368));
#7345 = ORIENTED_EDGE('',*,*,#496,.F.);
#7346 = ORIENTED_EDGE('',*,*,#7347,.T.);
#7347 = EDGE_CURVE('',#468,#4206,#7348,.T.);
#7348 = SURFACE_CURVE('',#7349,(#7353,#7360),.PCURVE_S1.);
#7349 = LINE('',#7350,#7351);
#7350 = CARTESIAN_POINT('',(-43.,-63.,184.0000003));
#7351 = VECTOR('',#7352,1.);
#7352 = DIRECTION('',(0.,0.,-1.));
#7353 = PCURVE('',#509,#7354);
#7354 = DEFINITIONAL_REPRESENTATION('',(#7355),#7359);
#7355 = LINE('',#7356,#7357);
#7356 = CARTESIAN_POINT('',(0.,0.));
#7357 = VECTOR('',#7358,1.);
#7358 = DIRECTION('',(0.,-1.));
#7359 = ( GEOMETRIC_REPRESENTATION_CONTEXT(2) 
PARAMETRIC_REPRESENTATION_CONTEXT() REPRESENTATION_CONTEXT('2D SPACE',''
  ) );
#7360 = PCURVE('',#484,#7361);
#7361 = DEFINITIONAL_REPRESENTATION('',(#7362),#7366);
#7362 = LINE('',#7363,#7364);
#7363 = CARTESIAN_POINT('',(-3.14159265359,0.));
#7364 = VECTOR('',#7365,1.);
#7365 = DIRECTION('',(-0.,-1.));
#7366 = ( GEOMETRIC_REPRESENTATION_CONTEXT(2) 
PARAMETRIC_REPRESENTATION_CONTEXT() REPRESENTATION_CONTEXT('2D SPACE',''
  ) );
#7367 = ORIENTED_EDGE('',*,*,#4229,.T.);
#7368 = ORIENTED_EDGE('',*,*,#7273,.F.);
#7369 = ADVANCED_FACE('',(#7370),#484,.F.);
#7370 = FACE_BOUND('',#7371,.T.);
#7371 = EDGE_LOOP('',(#7372,#7373,#7374,#7375));
#7372 = ORIENTED_EDGE('',*,*,#467,.T.);
#7373 = ORIENTED_EDGE('',*,*,#7322,.T.);
#7374 = ORIENTED_EDGE('',*,*,#4205,.F.);
#7375 = ORIENTED_EDGE('',*,*,#7347,.F.);
#7376 = ADVANCED_FACE('',(#7377),#543,.F.);
#7377 = FACE_BOUND('',#7378,.F.);
#7378 = EDGE_LOOP('',(#7379,#7380,#7401,#7402));
#7379 = ORIENTED_EDGE('',*,*,#4250,.F.);
#7380 = ORIENTED_EDGE('',*,*,#7381,.F.);
#7381 = EDGE_CURVE('',#523,#4251,#7382,.T.);
#7382 = SEAM_CURVE('',#7383,(#7387,#7394),.PCURVE_S1.);
#7383 = LINE('',#7384,#7385);
#7384 = CARTESIAN_POINT('',(-31.6,-75.,4.));
#7385 = VECTOR('',#7386,1.);
#7386 = DIRECTION('',(0.,0.,-1.));
#7387 = PCURVE('',#543,#7388);
#7388 = DEFINITIONAL_REPRESENTATION('',(#7389),#7393);
#7389 = LINE('',#7390,#7391);
#7390 = CARTESIAN_POINT('',(6.28318530718,-0.));
#7391 = VECTOR('',#7392,1.);
#7392 = DIRECTION('',(0.,1.));
#7393 = ( GEOMETRIC_REPRESENTATION_CONTEXT(2) 
PARAMETRIC_REPRESENTATION_CONTEXT() REPRESENTATION_CONTEXT('2D SPACE',''
  ) );
#7394 = PCURVE('',#543,#7395);
#7395 = DEFINITIONAL_REPRESENTATION('',(#7396),#7400);
#7396 = LINE('',#7397,#7398);
#7397 = CARTESIAN_POINT('',(0.,-0.));
#7398 = VECTOR('',#7399,1.);
#7399 = DIRECTION('',(0.,1.));
#7400 = ( GEOMETRIC_REPRESENTATION_CONTEXT(2) 
PARAMETRIC_REPRESENTATION_CONTEXT() REPRESENTATION_CONTEXT('2D SPACE',''
  ) );
#7401 = ORIENTED_EDGE('',*,*,#522,.T.);
#7402 = ORIENTED_EDGE('',*,*,#7381,.T.);
#7403 = ADVANCED_FACE('',(#7404),#578,.F.);
#7404 = FACE_BOUND('',#7405,.F.);
#7405 = EDGE_LOOP('',(#7406,#7407,#7428,#7429));
#7406 = ORIENTED_EDGE('',*,*,#4280,.F.);
#7407 = ORIENTED_EDGE('',*,*,#7408,.F.);
#7408 = EDGE_CURVE('',#558,#4281,#7409,.T.);
#7409 = SEAM_CURVE('',#7410,(#7414,#7421),.PCURVE_S1.);
#7410 = LINE('',#7411,#7412);
#7411 = CARTESIAN_POINT('',(-31.6,-60.,4.));
#7412 = VECTOR('',#7413,1.);
#7413 = DIRECTION('',(0.,0.,-1.));
#7414 = PCURVE('',#578,#7415);
#7415 = DEFINITIONAL_REPRESENTATION('',(#7416),#7420);
#7416 = LINE('',#7417,#7418);
#7417 = CARTESIAN_POINT('',(6.28318530718,-0.));
#7418 = VECTOR('',#7419,1.);
#7419 = DIRECTION('',(0.,1.));
#7420 = ( GEOMETRIC_REPRESENTATION_CONTEXT(2) 
PARAMETRIC_REPRESENTATION_CONTEXT() REPRESENTATION_CONTEXT('2D SPACE',''
  ) );
#7421 = PCURVE('',#578,#7422);
#7422 = DEFINITIONAL_REPRESENTATION('',(#7423),#7427);
#7423 = LINE('',#7424,#7425);
#7424 = CARTESIAN_POINT('',(0.,-0.));
#7425 = VECTOR('',#7426,1.);
#7426 = DIRECTION('',(0.,1.));
#7427 = ( GEOMETRIC_REPRESENTATION_CONTEXT(2) 
PARAMETRIC_REPRESENTATION_CONTEXT() REPRESENTATION_CONTEXT('2D SPACE',''
  ) );
#7428 = ORIENTED_EDGE('',*,*,#557,.T.);
#7429 = ORIENTED_EDGE('',*,*,#7408,.T.);
#7430 = ADVANCED_FACE('',(#7431),#613,.F.);
#7431 = FACE_BOUND('',#7432,.F.);
#7432 = EDGE_LOOP('',(#7433,#7434,#7455,#7456));
#7433 = ORIENTED_EDGE('',*,*,#4310,.F.);
#7434 = ORIENTED_EDGE('',*,*,#7435,.F.);
#7435 = EDGE_CURVE('',#593,#4311,#7436,.T.);
#7436 = SEAM_CURVE('',#7437,(#7441,#7448),.PCURVE_S1.);
#7437 = LINE('',#7438,#7439);
#7438 = CARTESIAN_POINT('',(-16.6,-75.,4.));
#7439 = VECTOR('',#7440,1.);
#7440 = DIRECTION('',(0.,0.,-1.));
#7441 = PCURVE('',#613,#7442);
#7442 = DEFINITIONAL_REPRESENTATION('',(#7443),#7447);
#7443 = LINE('',#7444,#7445);
#7444 = CARTESIAN_POINT('',(6.28318530718,-0.));
#7445 = VECTOR('',#7446,1.);
#7446 = DIRECTION('',(0.,1.));
#7447 = ( GEOMETRIC_REPRESENTATION_CONTEXT(2) 
PARAMETRIC_REPRESENTATION_CONTEXT() REPRESENTATION_CONTEXT('2D SPACE',''
  ) );
#7448 = PCURVE('',#613,#7449);
#7449 = DEFINITIONAL_REPRESENTATION('',(#7450),#7454);
#7450 = LINE('',#7451,#7452);
#7451 = CARTESIAN_POINT('',(0.,-0.));
#7452 = VECTOR('',#7453,1.);
#7453 = DIRECTION('',(0.,1.));
#7454 = ( GEOMETRIC_REPRESENTATION_CONTEXT(2) 
PARAMETRIC_REPRESENTATION_CONTEXT() REPRESENTATION_CONTEXT('2D SPACE',''
  ) );
#7455 = ORIENTED_EDGE('',*,*,#592,.T.);
#7456 = ORIENTED_EDGE('',*,*,#7435,.T.);
#7457 = ADVANCED_FACE('',(#7458),#648,.F.);
#7458 = FACE_BOUND('',#7459,.F.);
#7459 = EDGE_LOOP('',(#7460,#7461,#7482,#7483));
#7460 = ORIENTED_EDGE('',*,*,#4340,.F.);
#7461 = ORIENTED_EDGE('',*,*,#7462,.F.);
#7462 = EDGE_CURVE('',#628,#4341,#7463,.T.);
#7463 = SEAM_CURVE('',#7464,(#7468,#7475),.PCURVE_S1.);
#7464 = LINE('',#7465,#7466);
#7465 = CARTESIAN_POINT('',(-16.6,-60.,4.));
#7466 = VECTOR('',#7467,1.);
#7467 = DIRECTION('',(0.,0.,-1.));
#7468 = PCURVE('',#648,#7469);
#7469 = DEFINITIONAL_REPRESENTATION('',(#7470),#7474);
#7470 = LINE('',#7471,#7472);
#7471 = CARTESIAN_POINT('',(6.28318530718,-0.));
#7472 = VECTOR('',#7473,1.);
#7473 = DIRECTION('',(0.,1.));
#7474 = ( GEOMETRIC_REPRESENTATION_CONTEXT(2) 
PARAMETRIC_REPRESENTATION_CONTEXT() REPRESENTATION_CONTEXT('2D SPACE',''
  ) );
#7475 = PCURVE('',#648,#7476);
#7476 = DEFINITIONAL_REPRESENTATION('',(#7477),#7481);
#7477 = LINE('',#7478,#7479);
#7478 = CARTESIAN_POINT('',(0.,-0.));
#7479 = VECTOR('',#7480,1.);
#7480 = DIRECTION('',(0.,1.));
#7481 = ( GEOMETRIC_REPRESENTATION_CONTEXT(2) 
PARAMETRIC_REPRESENTATION_CONTEXT() REPRESENTATION_CONTEXT('2D SPACE',''
  ) );
#7482 = ORIENTED_EDGE('',*,*,#627,.T.);
#7483 = ORIENTED_EDGE('',*,*,#7462,.T.);
#7484 = ADVANCED_FACE('',(#7485),#683,.F.);
#7485 = FACE_BOUND('',#7486,.F.);
#7486 = EDGE_LOOP('',(#7487,#7488,#7509,#7510));
#7487 = ORIENTED_EDGE('',*,*,#4370,.F.);
#7488 = ORIENTED_EDGE('',*,*,#7489,.F.);
#7489 = EDGE_CURVE('',#663,#4371,#7490,.T.);
#7490 = SEAM_CURVE('',#7491,(#7495,#7502),.PCURVE_S1.);
#7491 = LINE('',#7492,#7493);
#7492 = CARTESIAN_POINT('',(-31.6,-45.,4.));
#7493 = VECTOR('',#7494,1.);
#7494 = DIRECTION('',(0.,0.,-1.));
#7495 = PCURVE('',#683,#7496);
#7496 = DEFINITIONAL_REPRESENTATION('',(#7497),#7501);
#7497 = LINE('',#7498,#7499);
#7498 = CARTESIAN_POINT('',(6.28318530718,-0.));
#7499 = VECTOR('',#7500,1.);
#7500 = DIRECTION('',(0.,1.));
#7501 = ( GEOMETRIC_REPRESENTATION_CONTEXT(2) 
PARAMETRIC_REPRESENTATION_CONTEXT() REPRESENTATION_CONTEXT('2D SPACE',''
  ) );
#7502 = PCURVE('',#683,#7503);
#7503 = DEFINITIONAL_REPRESENTATION('',(#7504),#7508);
#7504 = LINE('',#7505,#7506);
#7505 = CARTESIAN_POINT('',(0.,-0.));
#7506 = VECTOR('',#7507,1.);
#7507 = DIRECTION('',(0.,1.));
#7508 = ( GEOMETRIC_REPRESENTATION_CONTEXT(2) 
PARAMETRIC_REPRESENTATION_CONTEXT() REPRESENTATION_CONTEXT('2D SPACE',''
  ) );
#7509 = ORIENTED_EDGE('',*,*,#662,.T.);
#7510 = ORIENTED_EDGE('',*,*,#7489,.T.);
#7511 = ADVANCED_FACE('',(#7512),#718,.F.);
#7512 = FACE_BOUND('',#7513,.F.);
#7513 = EDGE_LOOP('',(#7514,#7515,#7536,#7537));
#7514 = ORIENTED_EDGE('',*,*,#4400,.F.);
#7515 = ORIENTED_EDGE('',*,*,#7516,.F.);
#7516 = EDGE_CURVE('',#698,#4401,#7517,.T.);
#7517 = SEAM_CURVE('',#7518,(#7522,#7529),.PCURVE_S1.);
#7518 = LINE('',#7519,#7520);
#7519 = CARTESIAN_POINT('',(-16.6,-45.,4.));
#7520 = VECTOR('',#7521,1.);
#7521 = DIRECTION('',(0.,0.,-1.));
#7522 = PCURVE('',#718,#7523);
#7523 = DEFINITIONAL_REPRESENTATION('',(#7524),#7528);
#7524 = LINE('',#7525,#7526);
#7525 = CARTESIAN_POINT('',(6.28318530718,-0.));
#7526 = VECTOR('',#7527,1.);
#7527 = DIRECTION('',(0.,1.));
#7528 = ( GEOMETRIC_REPRESENTATION_CONTEXT(2) 
PARAMETRIC_REPRESENTATION_CONTEXT() REPRESENTATION_CONTEXT('2D SPACE',''
  ) );
#7529 = PCURVE('',#718,#7530);
#7530 = DEFINITIONAL_REPRESENTATION('',(#7531),#7535);
#7531 = LINE('',#7532,#7533);
#7532 = CARTESIAN_POINT('',(0.,-0.));
#7533 = VECTOR('',#7534,1.);
#7534 = DIRECTION('',(0.,1.));
#7535 = ( GEOMETRIC_REPRESENTATION_CONTEXT(2) 
PARAMETRIC_REPRESENTATION_CONTEXT() REPRESENTATION_CONTEXT('2D SPACE',''
  ) );
#7536 = ORIENTED_EDGE('',*,*,#697,.T.);
#7537 = ORIENTED_EDGE('',*,*,#7516,.T.);
#7538 = ADVANCED_FACE('',(#7539),#751,.F.);
#7539 = FACE_BOUND('',#7540,.T.);
#7540 = EDGE_LOOP('',(#7541,#7542,#7563,#7564));
#7541 = ORIENTED_EDGE('',*,*,#732,.T.);
#7542 = ORIENTED_EDGE('',*,*,#7543,.T.);
#7543 = EDGE_CURVE('',#735,#4433,#7544,.T.);
#7544 = SURFACE_CURVE('',#7545,(#7549,#7556),.PCURVE_S1.);
#7545 = LINE('',#7546,#7547);
#7546 = CARTESIAN_POINT('',(-53.,-31.,184.0000003));
#7547 = VECTOR('',#7548,1.);
#7548 = DIRECTION('',(0.,0.,-1.));
#7549 = PCURVE('',#751,#7550);
#7550 = DEFINITIONAL_REPRESENTATION('',(#7551),#7555);
#7551 = LINE('',#7552,#7553);
#7552 = CARTESIAN_POINT('',(-0.,0.));
#7553 = VECTOR('',#7554,1.);
#7554 = DIRECTION('',(-0.,-1.));
#7555 = ( GEOMETRIC_REPRESENTATION_CONTEXT(2) 
PARAMETRIC_REPRESENTATION_CONTEXT() REPRESENTATION_CONTEXT('2D SPACE',''
  ) );
#7556 = PCURVE('',#831,#7557);
#7557 = DEFINITIONAL_REPRESENTATION('',(#7558),#7562);
#7558 = LINE('',#7559,#7560);
#7559 = CARTESIAN_POINT('',(10.,0.));
#7560 = VECTOR('',#7561,1.);
#7561 = DIRECTION('',(0.,-1.));
#7562 = ( GEOMETRIC_REPRESENTATION_CONTEXT(2) 
PARAMETRIC_REPRESENTATION_CONTEXT() REPRESENTATION_CONTEXT('2D SPACE',''
  ) );
#7563 = ORIENTED_EDGE('',*,*,#4430,.F.);
#7564 = ORIENTED_EDGE('',*,*,#7565,.F.);
#7565 = EDGE_CURVE('',#733,#4431,#7566,.T.);
#7566 = SURFACE_CURVE('',#7567,(#7571,#7578),.PCURVE_S1.);
#7567 = LINE('',#7568,#7569);
#7568 = CARTESIAN_POINT('',(-53.,-27.,184.0000003));
#7569 = VECTOR('',#7570,1.);
#7570 = DIRECTION('',(0.,0.,-1.));
#7571 = PCURVE('',#751,#7572);
#7572 = DEFINITIONAL_REPRESENTATION('',(#7573),#7577);
#7573 = LINE('',#7574,#7575);
#7574 = CARTESIAN_POINT('',(-3.14159265359,0.));
#7575 = VECTOR('',#7576,1.);
#7576 = DIRECTION('',(-0.,-1.));
#7577 = ( GEOMETRIC_REPRESENTATION_CONTEXT(2) 
PARAMETRIC_REPRESENTATION_CONTEXT() REPRESENTATION_CONTEXT('2D SPACE',''
  ) );
#7578 = PCURVE('',#778,#7579);
#7579 = DEFINITIONAL_REPRESENTATION('',(#7580),#7584);
#7580 = LINE('',#7581,#7582);
#7581 = CARTESIAN_POINT('',(0.,-0.));
#7582 = VECTOR('',#7583,1.);
#7583 = DIRECTION('',(0.,-1.));
#7584 = ( GEOMETRIC_REPRESENTATION_CONTEXT(2) 
PARAMETRIC_REPRESENTATION_CONTEXT() REPRESENTATION_CONTEXT('2D SPACE',''
  ) );
#7585 = ADVANCED_FACE('',(#7586),#778,.T.);
#7586 = FACE_BOUND('',#7587,.T.);
#7587 = EDGE_LOOP('',(#7588,#7589,#7590,#7591));
#7588 = ORIENTED_EDGE('',*,*,#763,.F.);
#7589 = ORIENTED_EDGE('',*,*,#7565,.T.);
#7590 = ORIENTED_EDGE('',*,*,#4456,.T.);
#7591 = ORIENTED_EDGE('',*,*,#7592,.F.);
#7592 = EDGE_CURVE('',#764,#4457,#7593,.T.);
#7593 = SURFACE_CURVE('',#7594,(#7598,#7605),.PCURVE_S1.);
#7594 = LINE('',#7595,#7596);
#7595 = CARTESIAN_POINT('',(-43.,-27.,184.0000003));
#7596 = VECTOR('',#7597,1.);
#7597 = DIRECTION('',(0.,0.,-1.));
#7598 = PCURVE('',#778,#7599);
#7599 = DEFINITIONAL_REPRESENTATION('',(#7600),#7604);
#7600 = LINE('',#7601,#7602);
#7601 = CARTESIAN_POINT('',(10.,0.));
#7602 = VECTOR('',#7603,1.);
#7603 = DIRECTION('',(0.,-1.));
#7604 = ( GEOMETRIC_REPRESENTATION_CONTEXT(2) 
PARAMETRIC_REPRESENTATION_CONTEXT() REPRESENTATION_CONTEXT('2D SPACE',''
  ) );
#7605 = PCURVE('',#806,#7606);
#7606 = DEFINITIONAL_REPRESENTATION('',(#7607),#7611);
#7607 = LINE('',#7608,#7609);
#7608 = CARTESIAN_POINT('',(-0.,0.));
#7609 = VECTOR('',#7610,1.);
#7610 = DIRECTION('',(-0.,-1.));
#7611 = ( GEOMETRIC_REPRESENTATION_CONTEXT(2) 
PARAMETRIC_REPRESENTATION_CONTEXT() REPRESENTATION_CONTEXT('2D SPACE',''
  ) );
#7612 = ADVANCED_FACE('',(#7613),#831,.T.);
#7613 = FACE_BOUND('',#7614,.T.);
#7614 = EDGE_LOOP('',(#7615,#7616,#7637,#7638));
#7615 = ORIENTED_EDGE('',*,*,#818,.F.);
#7616 = ORIENTED_EDGE('',*,*,#7617,.T.);
#7617 = EDGE_CURVE('',#790,#4478,#7618,.T.);
#7618 = SURFACE_CURVE('',#7619,(#7623,#7630),.PCURVE_S1.);
#7619 = LINE('',#7620,#7621);
#7620 = CARTESIAN_POINT('',(-43.,-31.,184.0000003));
#7621 = VECTOR('',#7622,1.);
#7622 = DIRECTION('',(0.,0.,-1.));
#7623 = PCURVE('',#831,#7624);
#7624 = DEFINITIONAL_REPRESENTATION('',(#7625),#7629);
#7625 = LINE('',#7626,#7627);
#7626 = CARTESIAN_POINT('',(0.,0.));
#7627 = VECTOR('',#7628,1.);
#7628 = DIRECTION('',(0.,-1.));
#7629 = ( GEOMETRIC_REPRESENTATION_CONTEXT(2) 
PARAMETRIC_REPRESENTATION_CONTEXT() REPRESENTATION_CONTEXT('2D SPACE',''
  ) );
#7630 = PCURVE('',#806,#7631);
#7631 = DEFINITIONAL_REPRESENTATION('',(#7632),#7636);
#7632 = LINE('',#7633,#7634);
#7633 = CARTESIAN_POINT('',(-3.14159265359,0.));
#7634 = VECTOR('',#7635,1.);
#7635 = DIRECTION('',(-0.,-1.));
#7636 = ( GEOMETRIC_REPRESENTATION_CONTEXT(2) 
PARAMETRIC_REPRESENTATION_CONTEXT() REPRESENTATION_CONTEXT('2D SPACE',''
  ) );
#7637 = ORIENTED_EDGE('',*,*,#4501,.T.);
#7638 = ORIENTED_EDGE('',*,*,#7543,.F.);
#7639 = ADVANCED_FACE('',(#7640),#806,.F.);
#7640 = FACE_BOUND('',#7641,.T.);
#7641 = EDGE_LOOP('',(#7642,#7643,#7644,#7645));
#7642 = ORIENTED_EDGE('',*,*,#789,.T.);
#7643 = ORIENTED_EDGE('',*,*,#7592,.T.);
#7644 = ORIENTED_EDGE('',*,*,#4477,.F.);
#7645 = ORIENTED_EDGE('',*,*,#7617,.F.);
#7646 = ADVANCED_FACE('',(#7647),#865,.F.);
#7647 = FACE_BOUND('',#7648,.F.);
#7648 = EDGE_LOOP('',(#7649,#7650,#7671,#7672));
#7649 = ORIENTED_EDGE('',*,*,#4522,.F.);
#7650 = ORIENTED_EDGE('',*,*,#7651,.F.);
#7651 = EDGE_CURVE('',#845,#4523,#7652,.T.);
#7652 = SEAM_CURVE('',#7653,(#7657,#7664),.PCURVE_S1.);
#7653 = LINE('',#7654,#7655);
#7654 = CARTESIAN_POINT('',(-67.6,-11.,4.));
#7655 = VECTOR('',#7656,1.);
#7656 = DIRECTION('',(0.,0.,-1.));
#7657 = PCURVE('',#865,#7658);
#7658 = DEFINITIONAL_REPRESENTATION('',(#7659),#7663);
#7659 = LINE('',#7660,#7661);
#7660 = CARTESIAN_POINT('',(6.28318530718,-0.));
#7661 = VECTOR('',#7662,1.);
#7662 = DIRECTION('',(0.,1.));
#7663 = ( GEOMETRIC_REPRESENTATION_CONTEXT(2) 
PARAMETRIC_REPRESENTATION_CONTEXT() REPRESENTATION_CONTEXT('2D SPACE',''
  ) );
#7664 = PCURVE('',#865,#7665);
#7665 = DEFINITIONAL_REPRESENTATION('',(#7666),#7670);
#7666 = LINE('',#7667,#7668);
#7667 = CARTESIAN_POINT('',(0.,-0.));
#7668 = VECTOR('',#7669,1.);
#7669 = DIRECTION('',(0.,1.));
#7670 = ( GEOMETRIC_REPRESENTATION_CONTEXT(2) 
PARAMETRIC_REPRESENTATION_CONTEXT() REPRESENTATION_CONTEXT('2D SPACE',''
  ) );
#7671 = ORIENTED_EDGE('',*,*,#844,.T.);
#7672 = ORIENTED_EDGE('',*,*,#7651,.T.);
#7673 = ADVANCED_FACE('',(#7674),#900,.F.);
#7674 = FACE_BOUND('',#7675,.F.);
#7675 = EDGE_LOOP('',(#7676,#7677,#7698,#7699));
#7676 = ORIENTED_EDGE('',*,*,#4552,.F.);
#7677 = ORIENTED_EDGE('',*,*,#7678,.F.);
#7678 = EDGE_CURVE('',#880,#4553,#7679,.T.);
#7679 = SEAM_CURVE('',#7680,(#7684,#7691),.PCURVE_S1.);
#7680 = LINE('',#7681,#7682);
#7681 = CARTESIAN_POINT('',(-61.6,-15.,4.));
#7682 = VECTOR('',#7683,1.);
#7683 = DIRECTION('',(0.,0.,-1.));
#7684 = PCURVE('',#900,#7685);
#7685 = DEFINITIONAL_REPRESENTATION('',(#7686),#7690);
#7686 = LINE('',#7687,#7688);
#7687 = CARTESIAN_POINT('',(6.28318530718,-0.));
#7688 = VECTOR('',#7689,1.);
#7689 = DIRECTION('',(0.,1.));
#7690 = ( GEOMETRIC_REPRESENTATION_CONTEXT(2) 
PARAMETRIC_REPRESENTATION_CONTEXT() REPRESENTATION_CONTEXT('2D SPACE',''
  ) );
#7691 = PCURVE('',#900,#7692);
#7692 = DEFINITIONAL_REPRESENTATION('',(#7693),#7697);
#7693 = LINE('',#7694,#7695);
#7694 = CARTESIAN_POINT('',(0.,-0.));
#7695 = VECTOR('',#7696,1.);
#7696 = DIRECTION('',(0.,1.));
#7697 = ( GEOMETRIC_REPRESENTATION_CONTEXT(2) 
PARAMETRIC_REPRESENTATION_CONTEXT() REPRESENTATION_CONTEXT('2D SPACE',''
  ) );
#7698 = ORIENTED_EDGE('',*,*,#879,.T.);
#7699 = ORIENTED_EDGE('',*,*,#7678,.T.);
#7700 = ADVANCED_FACE('',(#7701),#935,.F.);
#7701 = FACE_BOUND('',#7702,.F.);
#7702 = EDGE_LOOP('',(#7703,#7704,#7725,#7726));
#7703 = ORIENTED_EDGE('',*,*,#4582,.F.);
#7704 = ORIENTED_EDGE('',*,*,#7705,.F.);
#7705 = EDGE_CURVE('',#915,#4583,#7706,.T.);
#7706 = SEAM_CURVE('',#7707,(#7711,#7718),.PCURVE_S1.);
#7707 = LINE('',#7708,#7709);
#7708 = CARTESIAN_POINT('',(-61.6,-3.918869757272E-16,4.));
#7709 = VECTOR('',#7710,1.);
#7710 = DIRECTION('',(0.,0.,-1.));
#7711 = PCURVE('',#935,#7712);
#7712 = DEFINITIONAL_REPRESENTATION('',(#7713),#7717);
#7713 = LINE('',#7714,#7715);
#7714 = CARTESIAN_POINT('',(6.28318530718,-0.));
#7715 = VECTOR('',#7716,1.);
#7716 = DIRECTION('',(0.,1.));
#7717 = ( GEOMETRIC_REPRESENTATION_CONTEXT(2) 
PARAMETRIC_REPRESENTATION_CONTEXT() REPRESENTATION_CONTEXT('2D SPACE',''
  ) );
#7718 = PCURVE('',#935,#7719);
#7719 = DEFINITIONAL_REPRESENTATION('',(#7720),#7724);
#7720 = LINE('',#7721,#7722);
#7721 = CARTESIAN_POINT('',(0.,-0.));
#7722 = VECTOR('',#7723,1.);
#7723 = DIRECTION('',(0.,1.));
#7724 = ( GEOMETRIC_REPRESENTATION_CONTEXT(2) 
PARAMETRIC_REPRESENTATION_CONTEXT() REPRESENTATION_CONTEXT('2D SPACE',''
  ) );
#7725 = ORIENTED_EDGE('',*,*,#914,.T.);
#7726 = ORIENTED_EDGE('',*,*,#7705,.T.);
#7727 = ADVANCED_FACE('',(#7728),#970,.F.);
#7728 = FACE_BOUND('',#7729,.F.);
#7729 = EDGE_LOOP('',(#7730,#7731,#7752,#7753));
#7730 = ORIENTED_EDGE('',*,*,#4612,.F.);
#7731 = ORIENTED_EDGE('',*,*,#7732,.F.);
#7732 = EDGE_CURVE('',#950,#4613,#7733,.T.);
#7733 = SEAM_CURVE('',#7734,(#7738,#7745),.PCURVE_S1.);
#7734 = LINE('',#7735,#7736);
#7735 = CARTESIAN_POINT('',(-46.6,-15.,4.));
#7736 = VECTOR('',#7737,1.);
#7737 = DIRECTION('',(0.,0.,-1.));
#7738 = PCURVE('',#970,#7739);
#7739 = DEFINITIONAL_REPRESENTATION('',(#7740),#7744);
#7740 = LINE('',#7741,#7742);
#7741 = CARTESIAN_POINT('',(6.28318530718,-0.));
#7742 = VECTOR('',#7743,1.);
#7743 = DIRECTION('',(0.,1.));
#7744 = ( GEOMETRIC_REPRESENTATION_CONTEXT(2) 
PARAMETRIC_REPRESENTATION_CONTEXT() REPRESENTATION_CONTEXT('2D SPACE',''
  ) );
#7745 = PCURVE('',#970,#7746);
#7746 = DEFINITIONAL_REPRESENTATION('',(#7747),#7751);
#7747 = LINE('',#7748,#7749);
#7748 = CARTESIAN_POINT('',(0.,-0.));
#7749 = VECTOR('',#7750,1.);
#7750 = DIRECTION('',(0.,1.));
#7751 = ( GEOMETRIC_REPRESENTATION_CONTEXT(2) 
PARAMETRIC_REPRESENTATION_CONTEXT() REPRESENTATION_CONTEXT('2D SPACE',''
  ) );
#7752 = ORIENTED_EDGE('',*,*,#949,.T.);
#7753 = ORIENTED_EDGE('',*,*,#7732,.T.);
#7754 = ADVANCED_FACE('',(#7755),#1005,.F.);
#7755 = FACE_BOUND('',#7756,.F.);
#7756 = EDGE_LOOP('',(#7757,#7758,#7779,#7780));
#7757 = ORIENTED_EDGE('',*,*,#4642,.F.);
#7758 = ORIENTED_EDGE('',*,*,#7759,.F.);
#7759 = EDGE_CURVE('',#985,#4643,#7760,.T.);
#7760 = SEAM_CURVE('',#7761,(#7765,#7772),.PCURVE_S1.);
#7761 = LINE('',#7762,#7763);
#7762 = CARTESIAN_POINT('',(-46.6,-3.918869757272E-16,4.));
#7763 = VECTOR('',#7764,1.);
#7764 = DIRECTION('',(0.,0.,-1.));
#7765 = PCURVE('',#1005,#7766);
#7766 = DEFINITIONAL_REPRESENTATION('',(#7767),#7771);
#7767 = LINE('',#7768,#7769);
#7768 = CARTESIAN_POINT('',(6.28318530718,-0.));
#7769 = VECTOR('',#7770,1.);
#7770 = DIRECTION('',(0.,1.));
#7771 = ( GEOMETRIC_REPRESENTATION_CONTEXT(2) 
PARAMETRIC_REPRESENTATION_CONTEXT() REPRESENTATION_CONTEXT('2D SPACE',''
  ) );
#7772 = PCURVE('',#1005,#7773);
#7773 = DEFINITIONAL_REPRESENTATION('',(#7774),#7778);
#7774 = LINE('',#7775,#7776);
#7775 = CARTESIAN_POINT('',(0.,-0.));
#7776 = VECTOR('',#7777,1.);
#7777 = DIRECTION('',(0.,1.));
#7778 = ( GEOMETRIC_REPRESENTATION_CONTEXT(2) 
PARAMETRIC_REPRESENTATION_CONTEXT() REPRESENTATION_CONTEXT('2D SPACE',''
  ) );
#7779 = ORIENTED_EDGE('',*,*,#984,.T.);
#7780 = ORIENTED_EDGE('',*,*,#7759,.T.);
#7781 = ADVANCED_FACE('',(#7782),#1040,.F.);
#7782 = FACE_BOUND('',#7783,.F.);
#7783 = EDGE_LOOP('',(#7784,#7785,#7806,#7807));
#7784 = ORIENTED_EDGE('',*,*,#4672,.F.);
#7785 = ORIENTED_EDGE('',*,*,#7786,.F.);
#7786 = EDGE_CURVE('',#1020,#4673,#7787,.T.);
#7787 = SEAM_CURVE('',#7788,(#7792,#7799),.PCURVE_S1.);
#7788 = LINE('',#7789,#7790);
#7789 = CARTESIAN_POINT('',(-31.6,-30.,4.));
#7790 = VECTOR('',#7791,1.);
#7791 = DIRECTION('',(0.,0.,-1.));
#7792 = PCURVE('',#1040,#7793);
#7793 = DEFINITIONAL_REPRESENTATION('',(#7794),#7798);
#7794 = LINE('',#7795,#7796);
#7795 = CARTESIAN_POINT('',(6.28318530718,-0.));
#7796 = VECTOR('',#7797,1.);
#7797 = DIRECTION('',(0.,1.));
#7798 = ( GEOMETRIC_REPRESENTATION_CONTEXT(2) 
PARAMETRIC_REPRESENTATION_CONTEXT() REPRESENTATION_CONTEXT('2D SPACE',''
  ) );
#7799 = PCURVE('',#1040,#7800);
#7800 = DEFINITIONAL_REPRESENTATION('',(#7801),#7805);
#7801 = LINE('',#7802,#7803);
#7802 = CARTESIAN_POINT('',(0.,-0.));
#7803 = VECTOR('',#7804,1.);
#7804 = DIRECTION('',(0.,1.));
#7805 = ( GEOMETRIC_REPRESENTATION_CONTEXT(2) 
PARAMETRIC_REPRESENTATION_CONTEXT() REPRESENTATION_CONTEXT('2D SPACE',''
  ) );
#7806 = ORIENTED_EDGE('',*,*,#1019,.T.);
#7807 = ORIENTED_EDGE('',*,*,#7786,.T.);
#7808 = ADVANCED_FACE('',(#7809),#1075,.F.);
#7809 = FACE_BOUND('',#7810,.F.);
#7810 = EDGE_LOOP('',(#7811,#7812,#7833,#7834));
#7811 = ORIENTED_EDGE('',*,*,#4702,.F.);
#7812 = ORIENTED_EDGE('',*,*,#7813,.F.);
#7813 = EDGE_CURVE('',#1055,#4703,#7814,.T.);
#7814 = SEAM_CURVE('',#7815,(#7819,#7826),.PCURVE_S1.);
#7815 = LINE('',#7816,#7817);
#7816 = CARTESIAN_POINT('',(-16.6,-30.,4.));
#7817 = VECTOR('',#7818,1.);
#7818 = DIRECTION('',(0.,0.,-1.));
#7819 = PCURVE('',#1075,#7820);
#7820 = DEFINITIONAL_REPRESENTATION('',(#7821),#7825);
#7821 = LINE('',#7822,#7823);
#7822 = CARTESIAN_POINT('',(6.28318530718,-0.));
#7823 = VECTOR('',#7824,1.);
#7824 = DIRECTION('',(0.,1.));
#7825 = ( GEOMETRIC_REPRESENTATION_CONTEXT(2) 
PARAMETRIC_REPRESENTATION_CONTEXT() REPRESENTATION_CONTEXT('2D SPACE',''
  ) );
#7826 = PCURVE('',#1075,#7827);
#7827 = DEFINITIONAL_REPRESENTATION('',(#7828),#7832);
#7828 = LINE('',#7829,#7830);
#7829 = CARTESIAN_POINT('',(0.,-0.));
#7830 = VECTOR('',#7831,1.);
#7831 = DIRECTION('',(0.,1.));
#7832 = ( GEOMETRIC_REPRESENTATION_CONTEXT(2) 
PARAMETRIC_REPRESENTATION_CONTEXT() REPRESENTATION_CONTEXT('2D SPACE',''
  ) );
#7833 = ORIENTED_EDGE('',*,*,#1054,.T.);
#7834 = ORIENTED_EDGE('',*,*,#7813,.T.);
#7835 = ADVANCED_FACE('',(#7836),#1110,.F.);
#7836 = FACE_BOUND('',#7837,.F.);
#7837 = EDGE_LOOP('',(#7838,#7839,#7860,#7861));
#7838 = ORIENTED_EDGE('',*,*,#4732,.F.);
#7839 = ORIENTED_EDGE('',*,*,#7840,.F.);
#7840 = EDGE_CURVE('',#1090,#4733,#7841,.T.);
#7841 = SEAM_CURVE('',#7842,(#7846,#7853),.PCURVE_S1.);
#7842 = LINE('',#7843,#7844);
#7843 = CARTESIAN_POINT('',(-31.6,-15.,4.));
#7844 = VECTOR('',#7845,1.);
#7845 = DIRECTION('',(0.,0.,-1.));
#7846 = PCURVE('',#1110,#7847);
#7847 = DEFINITIONAL_REPRESENTATION('',(#7848),#7852);
#7848 = LINE('',#7849,#7850);
#7849 = CARTESIAN_POINT('',(6.28318530718,-0.));
#7850 = VECTOR('',#7851,1.);
#7851 = DIRECTION('',(0.,1.));
#7852 = ( GEOMETRIC_REPRESENTATION_CONTEXT(2) 
PARAMETRIC_REPRESENTATION_CONTEXT() REPRESENTATION_CONTEXT('2D SPACE',''
  ) );
#7853 = PCURVE('',#1110,#7854);
#7854 = DEFINITIONAL_REPRESENTATION('',(#7855),#7859);
#7855 = LINE('',#7856,#7857);
#7856 = CARTESIAN_POINT('',(0.,-0.));
#7857 = VECTOR('',#7858,1.);
#7858 = DIRECTION('',(0.,1.));
#7859 = ( GEOMETRIC_REPRESENTATION_CONTEXT(2) 
PARAMETRIC_REPRESENTATION_CONTEXT() REPRESENTATION_CONTEXT('2D SPACE',''
  ) );
#7860 = ORIENTED_EDGE('',*,*,#1089,.T.);
#7861 = ORIENTED_EDGE('',*,*,#7840,.T.);
#7862 = ADVANCED_FACE('',(#7863),#1145,.F.);
#7863 = FACE_BOUND('',#7864,.F.);
#7864 = EDGE_LOOP('',(#7865,#7866,#7887,#7888));
#7865 = ORIENTED_EDGE('',*,*,#4762,.F.);
#7866 = ORIENTED_EDGE('',*,*,#7867,.F.);
#7867 = EDGE_CURVE('',#1125,#4763,#7868,.T.);
#7868 = SEAM_CURVE('',#7869,(#7873,#7880),.PCURVE_S1.);
#7869 = LINE('',#7870,#7871);
#7870 = CARTESIAN_POINT('',(-31.6,-3.918869757272E-16,4.));
#7871 = VECTOR('',#7872,1.);
#7872 = DIRECTION('',(0.,0.,-1.));
#7873 = PCURVE('',#1145,#7874);
#7874 = DEFINITIONAL_REPRESENTATION('',(#7875),#7879);
#7875 = LINE('',#7876,#7877);
#7876 = CARTESIAN_POINT('',(6.28318530718,-0.));
#7877 = VECTOR('',#7878,1.);
#7878 = DIRECTION('',(0.,1.));
#7879 = ( GEOMETRIC_REPRESENTATION_CONTEXT(2) 
PARAMETRIC_REPRESENTATION_CONTEXT() REPRESENTATION_CONTEXT('2D SPACE',''
  ) );
#7880 = PCURVE('',#1145,#7881);
#7881 = DEFINITIONAL_REPRESENTATION('',(#7882),#7886);
#7882 = LINE('',#7883,#7884);
#7883 = CARTESIAN_POINT('',(0.,-0.));
#7884 = VECTOR('',#7885,1.);
#7885 = DIRECTION('',(0.,1.));
#7886 = ( GEOMETRIC_REPRESENTATION_CONTEXT(2) 
PARAMETRIC_REPRESENTATION_CONTEXT() REPRESENTATION_CONTEXT('2D SPACE',''
  ) );
#7887 = ORIENTED_EDGE('',*,*,#1124,.T.);
#7888 = ORIENTED_EDGE('',*,*,#7867,.T.);
#7889 = ADVANCED_FACE('',(#7890),#1180,.F.);
#7890 = FACE_BOUND('',#7891,.F.);
#7891 = EDGE_LOOP('',(#7892,#7893,#7914,#7915));
#7892 = ORIENTED_EDGE('',*,*,#4792,.F.);
#7893 = ORIENTED_EDGE('',*,*,#7894,.F.);
#7894 = EDGE_CURVE('',#1160,#4793,#7895,.T.);
#7895 = SEAM_CURVE('',#7896,(#7900,#7907),.PCURVE_S1.);
#7896 = LINE('',#7897,#7898);
#7897 = CARTESIAN_POINT('',(-16.6,-15.,4.));
#7898 = VECTOR('',#7899,1.);
#7899 = DIRECTION('',(0.,0.,-1.));
#7900 = PCURVE('',#1180,#7901);
#7901 = DEFINITIONAL_REPRESENTATION('',(#7902),#7906);
#7902 = LINE('',#7903,#7904);
#7903 = CARTESIAN_POINT('',(6.28318530718,-0.));
#7904 = VECTOR('',#7905,1.);
#7905 = DIRECTION('',(0.,1.));
#7906 = ( GEOMETRIC_REPRESENTATION_CONTEXT(2) 
PARAMETRIC_REPRESENTATION_CONTEXT() REPRESENTATION_CONTEXT('2D SPACE',''
  ) );
#7907 = PCURVE('',#1180,#7908);
#7908 = DEFINITIONAL_REPRESENTATION('',(#7909),#7913);
#7909 = LINE('',#7910,#7911);
#7910 = CARTESIAN_POINT('',(0.,-0.));
#7911 = VECTOR('',#7912,1.);
#7912 = DIRECTION('',(0.,1.));
#7913 = ( GEOMETRIC_REPRESENTATION_CONTEXT(2) 
PARAMETRIC_REPRESENTATION_CONTEXT() REPRESENTATION_CONTEXT('2D SPACE',''
  ) );
#7914 = ORIENTED_EDGE('',*,*,#1159,.T.);
#7915 = ORIENTED_EDGE('',*,*,#7894,.T.);
#7916 = ADVANCED_FACE('',(#7917),#1215,.F.);
#7917 = FACE_BOUND('',#7918,.F.);
#7918 = EDGE_LOOP('',(#7919,#7920,#7941,#7942));
#7919 = ORIENTED_EDGE('',*,*,#4822,.F.);
#7920 = ORIENTED_EDGE('',*,*,#7921,.F.);
#7921 = EDGE_CURVE('',#1195,#4823,#7922,.T.);
#7922 = SEAM_CURVE('',#7923,(#7927,#7934),.PCURVE_S1.);
#7923 = LINE('',#7924,#7925);
#7924 = CARTESIAN_POINT('',(-16.6,-3.918869757272E-16,4.));
#7925 = VECTOR('',#7926,1.);
#7926 = DIRECTION('',(0.,0.,-1.));
#7927 = PCURVE('',#1215,#7928);
#7928 = DEFINITIONAL_REPRESENTATION('',(#7929),#7933);
#7929 = LINE('',#7930,#7931);
#7930 = CARTESIAN_POINT('',(6.28318530718,-0.));
#7931 = VECTOR('',#7932,1.);
#7932 = DIRECTION('',(0.,1.));
#7933 = ( GEOMETRIC_REPRESENTATION_CONTEXT(2) 
PARAMETRIC_REPRESENTATION_CONTEXT() REPRESENTATION_CONTEXT('2D SPACE',''
  ) );
#7934 = PCURVE('',#1215,#7935);
#7935 = DEFINITIONAL_REPRESENTATION('',(#7936),#7940);
#7936 = LINE('',#7937,#7938);
#7937 = CARTESIAN_POINT('',(0.,-0.));
#7938 = VECTOR('',#7939,1.);
#7939 = DIRECTION('',(0.,1.));
#7940 = ( GEOMETRIC_REPRESENTATION_CONTEXT(2) 
PARAMETRIC_REPRESENTATION_CONTEXT() REPRESENTATION_CONTEXT('2D SPACE',''
  ) );
#7941 = ORIENTED_EDGE('',*,*,#1194,.T.);
#7942 = ORIENTED_EDGE('',*,*,#7921,.T.);
#7943 = ADVANCED_FACE('',(#7944),#1250,.F.);
#7944 = FACE_BOUND('',#7945,.F.);
#7945 = EDGE_LOOP('',(#7946,#7947,#7968,#7969));
#7946 = ORIENTED_EDGE('',*,*,#4852,.F.);
#7947 = ORIENTED_EDGE('',*,*,#7948,.F.);
#7948 = EDGE_CURVE('',#1230,#4853,#7949,.T.);
#7949 = SEAM_CURVE('',#7950,(#7954,#7961),.PCURVE_S1.);
#7950 = LINE('',#7951,#7952);
#7951 = CARTESIAN_POINT('',(-1.6,-75.,4.));
#7952 = VECTOR('',#7953,1.);
#7953 = DIRECTION('',(0.,0.,-1.));
#7954 = PCURVE('',#1250,#7955);
#7955 = DEFINITIONAL_REPRESENTATION('',(#7956),#7960);
#7956 = LINE('',#7957,#7958);
#7957 = CARTESIAN_POINT('',(6.28318530718,-0.));
#7958 = VECTOR('',#7959,1.);
#7959 = DIRECTION('',(0.,1.));
#7960 = ( GEOMETRIC_REPRESENTATION_CONTEXT(2) 
PARAMETRIC_REPRESENTATION_CONTEXT() REPRESENTATION_CONTEXT('2D SPACE',''
  ) );
#7961 = PCURVE('',#1250,#7962);
#7962 = DEFINITIONAL_REPRESENTATION('',(#7963),#7967);
#7963 = LINE('',#7964,#7965);
#7964 = CARTESIAN_POINT('',(0.,-0.));
#7965 = VECTOR('',#7966,1.);
#7966 = DIRECTION('',(0.,1.));
#7967 = ( GEOMETRIC_REPRESENTATION_CONTEXT(2) 
PARAMETRIC_REPRESENTATION_CONTEXT() REPRESENTATION_CONTEXT('2D SPACE',''
  ) );
#7968 = ORIENTED_EDGE('',*,*,#1229,.T.);
#7969 = ORIENTED_EDGE('',*,*,#7948,.T.);
#7970 = ADVANCED_FACE('',(#7971),#1285,.F.);
#7971 = FACE_BOUND('',#7972,.F.);
#7972 = EDGE_LOOP('',(#7973,#7974,#7995,#7996));
#7973 = ORIENTED_EDGE('',*,*,#4882,.F.);
#7974 = ORIENTED_EDGE('',*,*,#7975,.F.);
#7975 = EDGE_CURVE('',#1265,#4883,#7976,.T.);
#7976 = SEAM_CURVE('',#7977,(#7981,#7988),.PCURVE_S1.);
#7977 = LINE('',#7978,#7979);
#7978 = CARTESIAN_POINT('',(13.4,-75.,4.));
#7979 = VECTOR('',#7980,1.);
#7980 = DIRECTION('',(0.,0.,-1.));
#7981 = PCURVE('',#1285,#7982);
#7982 = DEFINITIONAL_REPRESENTATION('',(#7983),#7987);
#7983 = LINE('',#7984,#7985);
#7984 = CARTESIAN_POINT('',(6.28318530718,-0.));
#7985 = VECTOR('',#7986,1.);
#7986 = DIRECTION('',(0.,1.));
#7987 = ( GEOMETRIC_REPRESENTATION_CONTEXT(2) 
PARAMETRIC_REPRESENTATION_CONTEXT() REPRESENTATION_CONTEXT('2D SPACE',''
  ) );
#7988 = PCURVE('',#1285,#7989);
#7989 = DEFINITIONAL_REPRESENTATION('',(#7990),#7994);
#7990 = LINE('',#7991,#7992);
#7991 = CARTESIAN_POINT('',(0.,-0.));
#7992 = VECTOR('',#7993,1.);
#7993 = DIRECTION('',(0.,1.));
#7994 = ( GEOMETRIC_REPRESENTATION_CONTEXT(2) 
PARAMETRIC_REPRESENTATION_CONTEXT() REPRESENTATION_CONTEXT('2D SPACE',''
  ) );
#7995 = ORIENTED_EDGE('',*,*,#1264,.T.);
#7996 = ORIENTED_EDGE('',*,*,#7975,.T.);
#7997 = ADVANCED_FACE('',(#7998),#1320,.F.);
#7998 = FACE_BOUND('',#7999,.F.);
#7999 = EDGE_LOOP('',(#8000,#8001,#8022,#8023));
#8000 = ORIENTED_EDGE('',*,*,#4912,.F.);
#8001 = ORIENTED_EDGE('',*,*,#8002,.F.);
#8002 = EDGE_CURVE('',#1300,#4913,#8003,.T.);
#8003 = SEAM_CURVE('',#8004,(#8008,#8015),.PCURVE_S1.);
#8004 = LINE('',#8005,#8006);
#8005 = CARTESIAN_POINT('',(-1.6,-60.,4.));
#8006 = VECTOR('',#8007,1.);
#8007 = DIRECTION('',(0.,0.,-1.));
#8008 = PCURVE('',#1320,#8009);
#8009 = DEFINITIONAL_REPRESENTATION('',(#8010),#8014);
#8010 = LINE('',#8011,#8012);
#8011 = CARTESIAN_POINT('',(6.28318530718,-0.));
#8012 = VECTOR('',#8013,1.);
#8013 = DIRECTION('',(0.,1.));
#8014 = ( GEOMETRIC_REPRESENTATION_CONTEXT(2) 
PARAMETRIC_REPRESENTATION_CONTEXT() REPRESENTATION_CONTEXT('2D SPACE',''
  ) );
#8015 = PCURVE('',#1320,#8016);
#8016 = DEFINITIONAL_REPRESENTATION('',(#8017),#8021);
#8017 = LINE('',#8018,#8019);
#8018 = CARTESIAN_POINT('',(0.,-0.));
#8019 = VECTOR('',#8020,1.);
#8020 = DIRECTION('',(0.,1.));
#8021 = ( GEOMETRIC_REPRESENTATION_CONTEXT(2) 
PARAMETRIC_REPRESENTATION_CONTEXT() REPRESENTATION_CONTEXT('2D SPACE',''
  ) );
#8022 = ORIENTED_EDGE('',*,*,#1299,.T.);
#8023 = ORIENTED_EDGE('',*,*,#8002,.T.);
#8024 = ADVANCED_FACE('',(#8025),#1355,.F.);
#8025 = FACE_BOUND('',#8026,.F.);
#8026 = EDGE_LOOP('',(#8027,#8028,#8049,#8050));
#8027 = ORIENTED_EDGE('',*,*,#4942,.F.);
#8028 = ORIENTED_EDGE('',*,*,#8029,.F.);
#8029 = EDGE_CURVE('',#1335,#4943,#8030,.T.);
#8030 = SEAM_CURVE('',#8031,(#8035,#8042),.PCURVE_S1.);
#8031 = LINE('',#8032,#8033);
#8032 = CARTESIAN_POINT('',(13.4,-60.,4.));
#8033 = VECTOR('',#8034,1.);
#8034 = DIRECTION('',(0.,0.,-1.));
#8035 = PCURVE('',#1355,#8036);
#8036 = DEFINITIONAL_REPRESENTATION('',(#8037),#8041);
#8037 = LINE('',#8038,#8039);
#8038 = CARTESIAN_POINT('',(6.28318530718,-0.));
#8039 = VECTOR('',#8040,1.);
#8040 = DIRECTION('',(0.,1.));
#8041 = ( GEOMETRIC_REPRESENTATION_CONTEXT(2) 
PARAMETRIC_REPRESENTATION_CONTEXT() REPRESENTATION_CONTEXT('2D SPACE',''
  ) );
#8042 = PCURVE('',#1355,#8043);
#8043 = DEFINITIONAL_REPRESENTATION('',(#8044),#8048);
#8044 = LINE('',#8045,#8046);
#8045 = CARTESIAN_POINT('',(0.,-0.));
#8046 = VECTOR('',#8047,1.);
#8047 = DIRECTION('',(0.,1.));
#8048 = ( GEOMETRIC_REPRESENTATION_CONTEXT(2) 
PARAMETRIC_REPRESENTATION_CONTEXT() REPRESENTATION_CONTEXT('2D SPACE',''
  ) );
#8049 = ORIENTED_EDGE('',*,*,#1334,.T.);
#8050 = ORIENTED_EDGE('',*,*,#8029,.T.);
#8051 = ADVANCED_FACE('',(#8052),#1390,.F.);
#8052 = FACE_BOUND('',#8053,.F.);
#8053 = EDGE_LOOP('',(#8054,#8055,#8076,#8077));
#8054 = ORIENTED_EDGE('',*,*,#4972,.F.);
#8055 = ORIENTED_EDGE('',*,*,#8056,.F.);
#8056 = EDGE_CURVE('',#1370,#4973,#8057,.T.);
#8057 = SEAM_CURVE('',#8058,(#8062,#8069),.PCURVE_S1.);
#8058 = LINE('',#8059,#8060);
#8059 = CARTESIAN_POINT('',(28.4,-75.,4.));
#8060 = VECTOR('',#8061,1.);
#8061 = DIRECTION('',(0.,0.,-1.));
#8062 = PCURVE('',#1390,#8063);
#8063 = DEFINITIONAL_REPRESENTATION('',(#8064),#8068);
#8064 = LINE('',#8065,#8066);
#8065 = CARTESIAN_POINT('',(6.28318530718,-0.));
#8066 = VECTOR('',#8067,1.);
#8067 = DIRECTION('',(0.,1.));
#8068 = ( GEOMETRIC_REPRESENTATION_CONTEXT(2) 
PARAMETRIC_REPRESENTATION_CONTEXT() REPRESENTATION_CONTEXT('2D SPACE',''
  ) );
#8069 = PCURVE('',#1390,#8070);
#8070 = DEFINITIONAL_REPRESENTATION('',(#8071),#8075);
#8071 = LINE('',#8072,#8073);
#8072 = CARTESIAN_POINT('',(0.,-0.));
#8073 = VECTOR('',#8074,1.);
#8074 = DIRECTION('',(0.,1.));
#8075 = ( GEOMETRIC_REPRESENTATION_CONTEXT(2) 
PARAMETRIC_REPRESENTATION_CONTEXT() REPRESENTATION_CONTEXT('2D SPACE',''
  ) );
#8076 = ORIENTED_EDGE('',*,*,#1369,.T.);
#8077 = ORIENTED_EDGE('',*,*,#8056,.T.);
#8078 = ADVANCED_FACE('',(#8079),#1425,.F.);
#8079 = FACE_BOUND('',#8080,.F.);
#8080 = EDGE_LOOP('',(#8081,#8082,#8103,#8104));
#8081 = ORIENTED_EDGE('',*,*,#5002,.F.);
#8082 = ORIENTED_EDGE('',*,*,#8083,.F.);
#8083 = EDGE_CURVE('',#1405,#5003,#8084,.T.);
#8084 = SEAM_CURVE('',#8085,(#8089,#8096),.PCURVE_S1.);
#8085 = LINE('',#8086,#8087);
#8086 = CARTESIAN_POINT('',(28.4,-60.,4.));
#8087 = VECTOR('',#8088,1.);
#8088 = DIRECTION('',(0.,0.,-1.));
#8089 = PCURVE('',#1425,#8090);
#8090 = DEFINITIONAL_REPRESENTATION('',(#8091),#8095);
#8091 = LINE('',#8092,#8093);
#8092 = CARTESIAN_POINT('',(6.28318530718,-0.));
#8093 = VECTOR('',#8094,1.);
#8094 = DIRECTION('',(0.,1.));
#8095 = ( GEOMETRIC_REPRESENTATION_CONTEXT(2) 
PARAMETRIC_REPRESENTATION_CONTEXT() REPRESENTATION_CONTEXT('2D SPACE',''
  ) );
#8096 = PCURVE('',#1425,#8097);
#8097 = DEFINITIONAL_REPRESENTATION('',(#8098),#8102);
#8098 = LINE('',#8099,#8100);
#8099 = CARTESIAN_POINT('',(0.,-0.));
#8100 = VECTOR('',#8101,1.);
#8101 = DIRECTION('',(0.,1.));
#8102 = ( GEOMETRIC_REPRESENTATION_CONTEXT(2) 
PARAMETRIC_REPRESENTATION_CONTEXT() REPRESENTATION_CONTEXT('2D SPACE',''
  ) );
#8103 = ORIENTED_EDGE('',*,*,#1404,.T.);
#8104 = ORIENTED_EDGE('',*,*,#8083,.T.);
#8105 = ADVANCED_FACE('',(#8106),#1460,.F.);
#8106 = FACE_BOUND('',#8107,.F.);
#8107 = EDGE_LOOP('',(#8108,#8109,#8130,#8131));
#8108 = ORIENTED_EDGE('',*,*,#5032,.F.);
#8109 = ORIENTED_EDGE('',*,*,#8110,.F.);
#8110 = EDGE_CURVE('',#1440,#5033,#8111,.T.);
#8111 = SEAM_CURVE('',#8112,(#8116,#8123),.PCURVE_S1.);
#8112 = LINE('',#8113,#8114);
#8113 = CARTESIAN_POINT('',(-1.6,-45.,4.));
#8114 = VECTOR('',#8115,1.);
#8115 = DIRECTION('',(0.,0.,-1.));
#8116 = PCURVE('',#1460,#8117);
#8117 = DEFINITIONAL_REPRESENTATION('',(#8118),#8122);
#8118 = LINE('',#8119,#8120);
#8119 = CARTESIAN_POINT('',(6.28318530718,-0.));
#8120 = VECTOR('',#8121,1.);
#8121 = DIRECTION('',(0.,1.));
#8122 = ( GEOMETRIC_REPRESENTATION_CONTEXT(2) 
PARAMETRIC_REPRESENTATION_CONTEXT() REPRESENTATION_CONTEXT('2D SPACE',''
  ) );
#8123 = PCURVE('',#1460,#8124);
#8124 = DEFINITIONAL_REPRESENTATION('',(#8125),#8129);
#8125 = LINE('',#8126,#8127);
#8126 = CARTESIAN_POINT('',(0.,-0.));
#8127 = VECTOR('',#8128,1.);
#8128 = DIRECTION('',(0.,1.));
#8129 = ( GEOMETRIC_REPRESENTATION_CONTEXT(2) 
PARAMETRIC_REPRESENTATION_CONTEXT() REPRESENTATION_CONTEXT('2D SPACE',''
  ) );
#8130 = ORIENTED_EDGE('',*,*,#1439,.T.);
#8131 = ORIENTED_EDGE('',*,*,#8110,.T.);
#8132 = ADVANCED_FACE('',(#8133),#1495,.F.);
#8133 = FACE_BOUND('',#8134,.F.);
#8134 = EDGE_LOOP('',(#8135,#8136,#8157,#8158));
#8135 = ORIENTED_EDGE('',*,*,#5062,.F.);
#8136 = ORIENTED_EDGE('',*,*,#8137,.F.);
#8137 = EDGE_CURVE('',#1475,#5063,#8138,.T.);
#8138 = SEAM_CURVE('',#8139,(#8143,#8150),.PCURVE_S1.);
#8139 = LINE('',#8140,#8141);
#8140 = CARTESIAN_POINT('',(13.4,-45.,4.));
#8141 = VECTOR('',#8142,1.);
#8142 = DIRECTION('',(0.,0.,-1.));
#8143 = PCURVE('',#1495,#8144);
#8144 = DEFINITIONAL_REPRESENTATION('',(#8145),#8149);
#8145 = LINE('',#8146,#8147);
#8146 = CARTESIAN_POINT('',(6.28318530718,-0.));
#8147 = VECTOR('',#8148,1.);
#8148 = DIRECTION('',(0.,1.));
#8149 = ( GEOMETRIC_REPRESENTATION_CONTEXT(2) 
PARAMETRIC_REPRESENTATION_CONTEXT() REPRESENTATION_CONTEXT('2D SPACE',''
  ) );
#8150 = PCURVE('',#1495,#8151);
#8151 = DEFINITIONAL_REPRESENTATION('',(#8152),#8156);
#8152 = LINE('',#8153,#8154);
#8153 = CARTESIAN_POINT('',(0.,-0.));
#8154 = VECTOR('',#8155,1.);
#8155 = DIRECTION('',(0.,1.));
#8156 = ( GEOMETRIC_REPRESENTATION_CONTEXT(2) 
PARAMETRIC_REPRESENTATION_CONTEXT() REPRESENTATION_CONTEXT('2D SPACE',''
  ) );
#8157 = ORIENTED_EDGE('',*,*,#1474,.T.);
#8158 = ORIENTED_EDGE('',*,*,#8137,.T.);
#8159 = ADVANCED_FACE('',(#8160),#1530,.F.);
#8160 = FACE_BOUND('',#8161,.F.);
#8161 = EDGE_LOOP('',(#8162,#8163,#8184,#8185));
#8162 = ORIENTED_EDGE('',*,*,#5092,.F.);
#8163 = ORIENTED_EDGE('',*,*,#8164,.F.);
#8164 = EDGE_CURVE('',#1510,#5093,#8165,.T.);
#8165 = SEAM_CURVE('',#8166,(#8170,#8177),.PCURVE_S1.);
#8166 = LINE('',#8167,#8168);
#8167 = CARTESIAN_POINT('',(28.4,-45.,4.));
#8168 = VECTOR('',#8169,1.);
#8169 = DIRECTION('',(0.,0.,-1.));
#8170 = PCURVE('',#1530,#8171);
#8171 = DEFINITIONAL_REPRESENTATION('',(#8172),#8176);
#8172 = LINE('',#8173,#8174);
#8173 = CARTESIAN_POINT('',(6.28318530718,-0.));
#8174 = VECTOR('',#8175,1.);
#8175 = DIRECTION('',(0.,1.));
#8176 = ( GEOMETRIC_REPRESENTATION_CONTEXT(2) 
PARAMETRIC_REPRESENTATION_CONTEXT() REPRESENTATION_CONTEXT('2D SPACE',''
  ) );
#8177 = PCURVE('',#1530,#8178);
#8178 = DEFINITIONAL_REPRESENTATION('',(#8179),#8183);
#8179 = LINE('',#8180,#8181);
#8180 = CARTESIAN_POINT('',(0.,-0.));
#8181 = VECTOR('',#8182,1.);
#8182 = DIRECTION('',(0.,1.));
#8183 = ( GEOMETRIC_REPRESENTATION_CONTEXT(2) 
PARAMETRIC_REPRESENTATION_CONTEXT() REPRESENTATION_CONTEXT('2D SPACE',''
  ) );
#8184 = ORIENTED_EDGE('',*,*,#1509,.T.);
#8185 = ORIENTED_EDGE('',*,*,#8164,.T.);
#8186 = ADVANCED_FACE('',(#8187),#1565,.F.);
#8187 = FACE_BOUND('',#8188,.F.);
#8188 = EDGE_LOOP('',(#8189,#8190,#8211,#8212));
#8189 = ORIENTED_EDGE('',*,*,#5122,.F.);
#8190 = ORIENTED_EDGE('',*,*,#8191,.F.);
#8191 = EDGE_CURVE('',#1545,#5123,#8192,.T.);
#8192 = SEAM_CURVE('',#8193,(#8197,#8204),.PCURVE_S1.);
#8193 = LINE('',#8194,#8195);
#8194 = CARTESIAN_POINT('',(43.4,-75.,4.));
#8195 = VECTOR('',#8196,1.);
#8196 = DIRECTION('',(0.,0.,-1.));
#8197 = PCURVE('',#1565,#8198);
#8198 = DEFINITIONAL_REPRESENTATION('',(#8199),#8203);
#8199 = LINE('',#8200,#8201);
#8200 = CARTESIAN_POINT('',(6.28318530718,-0.));
#8201 = VECTOR('',#8202,1.);
#8202 = DIRECTION('',(0.,1.));
#8203 = ( GEOMETRIC_REPRESENTATION_CONTEXT(2) 
PARAMETRIC_REPRESENTATION_CONTEXT() REPRESENTATION_CONTEXT('2D SPACE',''
  ) );
#8204 = PCURVE('',#1565,#8205);
#8205 = DEFINITIONAL_REPRESENTATION('',(#8206),#8210);
#8206 = LINE('',#8207,#8208);
#8207 = CARTESIAN_POINT('',(0.,-0.));
#8208 = VECTOR('',#8209,1.);
#8209 = DIRECTION('',(0.,1.));
#8210 = ( GEOMETRIC_REPRESENTATION_CONTEXT(2) 
PARAMETRIC_REPRESENTATION_CONTEXT() REPRESENTATION_CONTEXT('2D SPACE',''
  ) );
#8211 = ORIENTED_EDGE('',*,*,#1544,.T.);
#8212 = ORIENTED_EDGE('',*,*,#8191,.T.);
#8213 = ADVANCED_FACE('',(#8214),#1598,.F.);
#8214 = FACE_BOUND('',#8215,.T.);
#8215 = EDGE_LOOP('',(#8216,#8217,#8238,#8239));
#8216 = ORIENTED_EDGE('',*,*,#1579,.T.);
#8217 = ORIENTED_EDGE('',*,*,#8218,.T.);
#8218 = EDGE_CURVE('',#1582,#5155,#8219,.T.);
#8219 = SURFACE_CURVE('',#8220,(#8224,#8231),.PCURVE_S1.);
#8220 = LINE('',#8221,#8222);
#8221 = CARTESIAN_POINT('',(43.,-63.,184.0000003));
#8222 = VECTOR('',#8223,1.);
#8223 = DIRECTION('',(0.,0.,-1.));
#8224 = PCURVE('',#1598,#8225);
#8225 = DEFINITIONAL_REPRESENTATION('',(#8226),#8230);
#8226 = LINE('',#8227,#8228);
#8227 = CARTESIAN_POINT('',(-0.,0.));
#8228 = VECTOR('',#8229,1.);
#8229 = DIRECTION('',(-0.,-1.));
#8230 = ( GEOMETRIC_REPRESENTATION_CONTEXT(2) 
PARAMETRIC_REPRESENTATION_CONTEXT() REPRESENTATION_CONTEXT('2D SPACE',''
  ) );
#8231 = PCURVE('',#1678,#8232);
#8232 = DEFINITIONAL_REPRESENTATION('',(#8233),#8237);
#8233 = LINE('',#8234,#8235);
#8234 = CARTESIAN_POINT('',(10.,0.));
#8235 = VECTOR('',#8236,1.);
#8236 = DIRECTION('',(0.,-1.));
#8237 = ( GEOMETRIC_REPRESENTATION_CONTEXT(2) 
PARAMETRIC_REPRESENTATION_CONTEXT() REPRESENTATION_CONTEXT('2D SPACE',''
  ) );
#8238 = ORIENTED_EDGE('',*,*,#5152,.F.);
#8239 = ORIENTED_EDGE('',*,*,#8240,.F.);
#8240 = EDGE_CURVE('',#1580,#5153,#8241,.T.);
#8241 = SURFACE_CURVE('',#8242,(#8246,#8253),.PCURVE_S1.);
#8242 = LINE('',#8243,#8244);
#8243 = CARTESIAN_POINT('',(43.,-59.,184.0000003));
#8244 = VECTOR('',#8245,1.);
#8245 = DIRECTION('',(0.,0.,-1.));
#8246 = PCURVE('',#1598,#8247);
#8247 = DEFINITIONAL_REPRESENTATION('',(#8248),#8252);
#8248 = LINE('',#8249,#8250);
#8249 = CARTESIAN_POINT('',(-3.14159265359,0.));
#8250 = VECTOR('',#8251,1.);
#8251 = DIRECTION('',(-0.,-1.));
#8252 = ( GEOMETRIC_REPRESENTATION_CONTEXT(2) 
PARAMETRIC_REPRESENTATION_CONTEXT() REPRESENTATION_CONTEXT('2D SPACE',''
  ) );
#8253 = PCURVE('',#1625,#8254);
#8254 = DEFINITIONAL_REPRESENTATION('',(#8255),#8259);
#8255 = LINE('',#8256,#8257);
#8256 = CARTESIAN_POINT('',(0.,-0.));
#8257 = VECTOR('',#8258,1.);
#8258 = DIRECTION('',(0.,-1.));
#8259 = ( GEOMETRIC_REPRESENTATION_CONTEXT(2) 
PARAMETRIC_REPRESENTATION_CONTEXT() REPRESENTATION_CONTEXT('2D SPACE',''
  ) );
#8260 = ADVANCED_FACE('',(#8261),#1625,.T.);
#8261 = FACE_BOUND('',#8262,.T.);
#8262 = EDGE_LOOP('',(#8263,#8264,#8265,#8266));
#8263 = ORIENTED_EDGE('',*,*,#1610,.F.);
#8264 = ORIENTED_EDGE('',*,*,#8240,.T.);
#8265 = ORIENTED_EDGE('',*,*,#5178,.T.);
#8266 = ORIENTED_EDGE('',*,*,#8267,.F.);
#8267 = EDGE_CURVE('',#1611,#5179,#8268,.T.);
#8268 = SURFACE_CURVE('',#8269,(#8273,#8280),.PCURVE_S1.);
#8269 = LINE('',#8270,#8271);
#8270 = CARTESIAN_POINT('',(53.,-59.,184.0000003));
#8271 = VECTOR('',#8272,1.);
#8272 = DIRECTION('',(0.,0.,-1.));
#8273 = PCURVE('',#1625,#8274);
#8274 = DEFINITIONAL_REPRESENTATION('',(#8275),#8279);
#8275 = LINE('',#8276,#8277);
#8276 = CARTESIAN_POINT('',(10.,0.));
#8277 = VECTOR('',#8278,1.);
#8278 = DIRECTION('',(0.,-1.));
#8279 = ( GEOMETRIC_REPRESENTATION_CONTEXT(2) 
PARAMETRIC_REPRESENTATION_CONTEXT() REPRESENTATION_CONTEXT('2D SPACE',''
  ) );
#8280 = PCURVE('',#1653,#8281);
#8281 = DEFINITIONAL_REPRESENTATION('',(#8282),#8286);
#8282 = LINE('',#8283,#8284);
#8283 = CARTESIAN_POINT('',(-0.,0.));
#8284 = VECTOR('',#8285,1.);
#8285 = DIRECTION('',(-0.,-1.));
#8286 = ( GEOMETRIC_REPRESENTATION_CONTEXT(2) 
PARAMETRIC_REPRESENTATION_CONTEXT() REPRESENTATION_CONTEXT('2D SPACE',''
  ) );
#8287 = ADVANCED_FACE('',(#8288),#1678,.T.);
#8288 = FACE_BOUND('',#8289,.T.);
#8289 = EDGE_LOOP('',(#8290,#8291,#8312,#8313));
#8290 = ORIENTED_EDGE('',*,*,#1665,.F.);
#8291 = ORIENTED_EDGE('',*,*,#8292,.T.);
#8292 = EDGE_CURVE('',#1637,#5200,#8293,.T.);
#8293 = SURFACE_CURVE('',#8294,(#8298,#8305),.PCURVE_S1.);
#8294 = LINE('',#8295,#8296);
#8295 = CARTESIAN_POINT('',(53.,-63.,184.0000003));
#8296 = VECTOR('',#8297,1.);
#8297 = DIRECTION('',(0.,0.,-1.));
#8298 = PCURVE('',#1678,#8299);
#8299 = DEFINITIONAL_REPRESENTATION('',(#8300),#8304);
#8300 = LINE('',#8301,#8302);
#8301 = CARTESIAN_POINT('',(0.,0.));
#8302 = VECTOR('',#8303,1.);
#8303 = DIRECTION('',(0.,-1.));
#8304 = ( GEOMETRIC_REPRESENTATION_CONTEXT(2) 
PARAMETRIC_REPRESENTATION_CONTEXT() REPRESENTATION_CONTEXT('2D SPACE',''
  ) );
#8305 = PCURVE('',#1653,#8306);
#8306 = DEFINITIONAL_REPRESENTATION('',(#8307),#8311);
#8307 = LINE('',#8308,#8309);
#8308 = CARTESIAN_POINT('',(-3.14159265359,0.));
#8309 = VECTOR('',#8310,1.);
#8310 = DIRECTION('',(-0.,-1.));
#8311 = ( GEOMETRIC_REPRESENTATION_CONTEXT(2) 
PARAMETRIC_REPRESENTATION_CONTEXT() REPRESENTATION_CONTEXT('2D SPACE',''
  ) );
#8312 = ORIENTED_EDGE('',*,*,#5223,.T.);
#8313 = ORIENTED_EDGE('',*,*,#8218,.F.);
#8314 = ADVANCED_FACE('',(#8315),#1653,.F.);
#8315 = FACE_BOUND('',#8316,.T.);
#8316 = EDGE_LOOP('',(#8317,#8318,#8319,#8320));
#8317 = ORIENTED_EDGE('',*,*,#1636,.T.);
#8318 = ORIENTED_EDGE('',*,*,#8267,.T.);
#8319 = ORIENTED_EDGE('',*,*,#5199,.F.);
#8320 = ORIENTED_EDGE('',*,*,#8292,.F.);
#8321 = ADVANCED_FACE('',(#8322),#1712,.F.);
#8322 = FACE_BOUND('',#8323,.F.);
#8323 = EDGE_LOOP('',(#8324,#8325,#8346,#8347));
#8324 = ORIENTED_EDGE('',*,*,#5244,.F.);
#8325 = ORIENTED_EDGE('',*,*,#8326,.F.);
#8326 = EDGE_CURVE('',#1692,#5245,#8327,.T.);
#8327 = SEAM_CURVE('',#8328,(#8332,#8339),.PCURVE_S1.);
#8328 = LINE('',#8329,#8330);
#8329 = CARTESIAN_POINT('',(58.4,-75.,4.));
#8330 = VECTOR('',#8331,1.);
#8331 = DIRECTION('',(0.,0.,-1.));
#8332 = PCURVE('',#1712,#8333);
#8333 = DEFINITIONAL_REPRESENTATION('',(#8334),#8338);
#8334 = LINE('',#8335,#8336);
#8335 = CARTESIAN_POINT('',(6.28318530718,-0.));
#8336 = VECTOR('',#8337,1.);
#8337 = DIRECTION('',(0.,1.));
#8338 = ( GEOMETRIC_REPRESENTATION_CONTEXT(2) 
PARAMETRIC_REPRESENTATION_CONTEXT() REPRESENTATION_CONTEXT('2D SPACE',''
  ) );
#8339 = PCURVE('',#1712,#8340);
#8340 = DEFINITIONAL_REPRESENTATION('',(#8341),#8345);
#8341 = LINE('',#8342,#8343);
#8342 = CARTESIAN_POINT('',(0.,-0.));
#8343 = VECTOR('',#8344,1.);
#8344 = DIRECTION('',(0.,1.));
#8345 = ( GEOMETRIC_REPRESENTATION_CONTEXT(2) 
PARAMETRIC_REPRESENTATION_CONTEXT() REPRESENTATION_CONTEXT('2D SPACE',''
  ) );
#8346 = ORIENTED_EDGE('',*,*,#1691,.T.);
#8347 = ORIENTED_EDGE('',*,*,#8326,.T.);
#8348 = ADVANCED_FACE('',(#8349),#1747,.F.);
#8349 = FACE_BOUND('',#8350,.F.);
#8350 = EDGE_LOOP('',(#8351,#8352,#8373,#8374));
#8351 = ORIENTED_EDGE('',*,*,#5274,.F.);
#8352 = ORIENTED_EDGE('',*,*,#8353,.F.);
#8353 = EDGE_CURVE('',#1727,#5275,#8354,.T.);
#8354 = SEAM_CURVE('',#8355,(#8359,#8366),.PCURVE_S1.);
#8355 = LINE('',#8356,#8357);
#8356 = CARTESIAN_POINT('',(-1.6,-30.,4.));
#8357 = VECTOR('',#8358,1.);
#8358 = DIRECTION('',(0.,0.,-1.));
#8359 = PCURVE('',#1747,#8360);
#8360 = DEFINITIONAL_REPRESENTATION('',(#8361),#8365);
#8361 = LINE('',#8362,#8363);
#8362 = CARTESIAN_POINT('',(6.28318530718,-0.));
#8363 = VECTOR('',#8364,1.);
#8364 = DIRECTION('',(0.,1.));
#8365 = ( GEOMETRIC_REPRESENTATION_CONTEXT(2) 
PARAMETRIC_REPRESENTATION_CONTEXT() REPRESENTATION_CONTEXT('2D SPACE',''
  ) );
#8366 = PCURVE('',#1747,#8367);
#8367 = DEFINITIONAL_REPRESENTATION('',(#8368),#8372);
#8368 = LINE('',#8369,#8370);
#8369 = CARTESIAN_POINT('',(0.,-0.));
#8370 = VECTOR('',#8371,1.);
#8371 = DIRECTION('',(0.,1.));
#8372 = ( GEOMETRIC_REPRESENTATION_CONTEXT(2) 
PARAMETRIC_REPRESENTATION_CONTEXT() REPRESENTATION_CONTEXT('2D SPACE',''
  ) );
#8373 = ORIENTED_EDGE('',*,*,#1726,.T.);
#8374 = ORIENTED_EDGE('',*,*,#8353,.T.);
#8375 = ADVANCED_FACE('',(#8376),#1782,.F.);
#8376 = FACE_BOUND('',#8377,.F.);
#8377 = EDGE_LOOP('',(#8378,#8379,#8400,#8401));
#8378 = ORIENTED_EDGE('',*,*,#5304,.F.);
#8379 = ORIENTED_EDGE('',*,*,#8380,.F.);
#8380 = EDGE_CURVE('',#1762,#5305,#8381,.T.);
#8381 = SEAM_CURVE('',#8382,(#8386,#8393),.PCURVE_S1.);
#8382 = LINE('',#8383,#8384);
#8383 = CARTESIAN_POINT('',(13.4,-30.,4.));
#8384 = VECTOR('',#8385,1.);
#8385 = DIRECTION('',(0.,0.,-1.));
#8386 = PCURVE('',#1782,#8387);
#8387 = DEFINITIONAL_REPRESENTATION('',(#8388),#8392);
#8388 = LINE('',#8389,#8390);
#8389 = CARTESIAN_POINT('',(6.28318530718,-0.));
#8390 = VECTOR('',#8391,1.);
#8391 = DIRECTION('',(0.,1.));
#8392 = ( GEOMETRIC_REPRESENTATION_CONTEXT(2) 
PARAMETRIC_REPRESENTATION_CONTEXT() REPRESENTATION_CONTEXT('2D SPACE',''
  ) );
#8393 = PCURVE('',#1782,#8394);
#8394 = DEFINITIONAL_REPRESENTATION('',(#8395),#8399);
#8395 = LINE('',#8396,#8397);
#8396 = CARTESIAN_POINT('',(0.,-0.));
#8397 = VECTOR('',#8398,1.);
#8398 = DIRECTION('',(0.,1.));
#8399 = ( GEOMETRIC_REPRESENTATION_CONTEXT(2) 
PARAMETRIC_REPRESENTATION_CONTEXT() REPRESENTATION_CONTEXT('2D SPACE',''
  ) );
#8400 = ORIENTED_EDGE('',*,*,#1761,.T.);
#8401 = ORIENTED_EDGE('',*,*,#8380,.T.);
#8402 = ADVANCED_FACE('',(#8403),#1817,.F.);
#8403 = FACE_BOUND('',#8404,.F.);
#8404 = EDGE_LOOP('',(#8405,#8406,#8427,#8428));
#8405 = ORIENTED_EDGE('',*,*,#5334,.F.);
#8406 = ORIENTED_EDGE('',*,*,#8407,.F.);
#8407 = EDGE_CURVE('',#1797,#5335,#8408,.T.);
#8408 = SEAM_CURVE('',#8409,(#8413,#8420),.PCURVE_S1.);
#8409 = LINE('',#8410,#8411);
#8410 = CARTESIAN_POINT('',(28.4,-30.,4.));
#8411 = VECTOR('',#8412,1.);
#8412 = DIRECTION('',(0.,0.,-1.));
#8413 = PCURVE('',#1817,#8414);
#8414 = DEFINITIONAL_REPRESENTATION('',(#8415),#8419);
#8415 = LINE('',#8416,#8417);
#8416 = CARTESIAN_POINT('',(6.28318530718,-0.));
#8417 = VECTOR('',#8418,1.);
#8418 = DIRECTION('',(0.,1.));
#8419 = ( GEOMETRIC_REPRESENTATION_CONTEXT(2) 
PARAMETRIC_REPRESENTATION_CONTEXT() REPRESENTATION_CONTEXT('2D SPACE',''
  ) );
#8420 = PCURVE('',#1817,#8421);
#8421 = DEFINITIONAL_REPRESENTATION('',(#8422),#8426);
#8422 = LINE('',#8423,#8424);
#8423 = CARTESIAN_POINT('',(0.,-0.));
#8424 = VECTOR('',#8425,1.);
#8425 = DIRECTION('',(0.,1.));
#8426 = ( GEOMETRIC_REPRESENTATION_CONTEXT(2) 
PARAMETRIC_REPRESENTATION_CONTEXT() REPRESENTATION_CONTEXT('2D SPACE',''
  ) );
#8427 = ORIENTED_EDGE('',*,*,#1796,.T.);
#8428 = ORIENTED_EDGE('',*,*,#8407,.T.);
#8429 = ADVANCED_FACE('',(#8430),#1852,.F.);
#8430 = FACE_BOUND('',#8431,.F.);
#8431 = EDGE_LOOP('',(#8432,#8433,#8454,#8455));
#8432 = ORIENTED_EDGE('',*,*,#5364,.F.);
#8433 = ORIENTED_EDGE('',*,*,#8434,.F.);
#8434 = EDGE_CURVE('',#1832,#5365,#8435,.T.);
#8435 = SEAM_CURVE('',#8436,(#8440,#8447),.PCURVE_S1.);
#8436 = LINE('',#8437,#8438);
#8437 = CARTESIAN_POINT('',(-1.6,-15.,4.));
#8438 = VECTOR('',#8439,1.);
#8439 = DIRECTION('',(0.,0.,-1.));
#8440 = PCURVE('',#1852,#8441);
#8441 = DEFINITIONAL_REPRESENTATION('',(#8442),#8446);
#8442 = LINE('',#8443,#8444);
#8443 = CARTESIAN_POINT('',(6.28318530718,-0.));
#8444 = VECTOR('',#8445,1.);
#8445 = DIRECTION('',(0.,1.));
#8446 = ( GEOMETRIC_REPRESENTATION_CONTEXT(2) 
PARAMETRIC_REPRESENTATION_CONTEXT() REPRESENTATION_CONTEXT('2D SPACE',''
  ) );
#8447 = PCURVE('',#1852,#8448);
#8448 = DEFINITIONAL_REPRESENTATION('',(#8449),#8453);
#8449 = LINE('',#8450,#8451);
#8450 = CARTESIAN_POINT('',(0.,-0.));
#8451 = VECTOR('',#8452,1.);
#8452 = DIRECTION('',(0.,1.));
#8453 = ( GEOMETRIC_REPRESENTATION_CONTEXT(2) 
PARAMETRIC_REPRESENTATION_CONTEXT() REPRESENTATION_CONTEXT('2D SPACE',''
  ) );
#8454 = ORIENTED_EDGE('',*,*,#1831,.T.);
#8455 = ORIENTED_EDGE('',*,*,#8434,.T.);
#8456 = ADVANCED_FACE('',(#8457),#1887,.F.);
#8457 = FACE_BOUND('',#8458,.F.);
#8458 = EDGE_LOOP('',(#8459,#8460,#8481,#8482));
#8459 = ORIENTED_EDGE('',*,*,#5394,.F.);
#8460 = ORIENTED_EDGE('',*,*,#8461,.F.);
#8461 = EDGE_CURVE('',#1867,#5395,#8462,.T.);
#8462 = SEAM_CURVE('',#8463,(#8467,#8474),.PCURVE_S1.);
#8463 = LINE('',#8464,#8465);
#8464 = CARTESIAN_POINT('',(13.4,-15.,4.));
#8465 = VECTOR('',#8466,1.);
#8466 = DIRECTION('',(0.,0.,-1.));
#8467 = PCURVE('',#1887,#8468);
#8468 = DEFINITIONAL_REPRESENTATION('',(#8469),#8473);
#8469 = LINE('',#8470,#8471);
#8470 = CARTESIAN_POINT('',(6.28318530718,-0.));
#8471 = VECTOR('',#8472,1.);
#8472 = DIRECTION('',(0.,1.));
#8473 = ( GEOMETRIC_REPRESENTATION_CONTEXT(2) 
PARAMETRIC_REPRESENTATION_CONTEXT() REPRESENTATION_CONTEXT('2D SPACE',''
  ) );
#8474 = PCURVE('',#1887,#8475);
#8475 = DEFINITIONAL_REPRESENTATION('',(#8476),#8480);
#8476 = LINE('',#8477,#8478);
#8477 = CARTESIAN_POINT('',(0.,-0.));
#8478 = VECTOR('',#8479,1.);
#8479 = DIRECTION('',(0.,1.));
#8480 = ( GEOMETRIC_REPRESENTATION_CONTEXT(2) 
PARAMETRIC_REPRESENTATION_CONTEXT() REPRESENTATION_CONTEXT('2D SPACE',''
  ) );
#8481 = ORIENTED_EDGE('',*,*,#1866,.T.);
#8482 = ORIENTED_EDGE('',*,*,#8461,.T.);
#8483 = ADVANCED_FACE('',(#8484),#1922,.F.);
#8484 = FACE_BOUND('',#8485,.F.);
#8485 = EDGE_LOOP('',(#8486,#8487,#8508,#8509));
#8486 = ORIENTED_EDGE('',*,*,#5424,.F.);
#8487 = ORIENTED_EDGE('',*,*,#8488,.F.);
#8488 = EDGE_CURVE('',#1902,#5425,#8489,.T.);
#8489 = SEAM_CURVE('',#8490,(#8494,#8501),.PCURVE_S1.);
#8490 = LINE('',#8491,#8492);
#8491 = CARTESIAN_POINT('',(-1.6,-3.918869757272E-16,4.));
#8492 = VECTOR('',#8493,1.);
#8493 = DIRECTION('',(0.,0.,-1.));
#8494 = PCURVE('',#1922,#8495);
#8495 = DEFINITIONAL_REPRESENTATION('',(#8496),#8500);
#8496 = LINE('',#8497,#8498);
#8497 = CARTESIAN_POINT('',(6.28318530718,-0.));
#8498 = VECTOR('',#8499,1.);
#8499 = DIRECTION('',(0.,1.));
#8500 = ( GEOMETRIC_REPRESENTATION_CONTEXT(2) 
PARAMETRIC_REPRESENTATION_CONTEXT() REPRESENTATION_CONTEXT('2D SPACE',''
  ) );
#8501 = PCURVE('',#1922,#8502);
#8502 = DEFINITIONAL_REPRESENTATION('',(#8503),#8507);
#8503 = LINE('',#8504,#8505);
#8504 = CARTESIAN_POINT('',(0.,-0.));
#8505 = VECTOR('',#8506,1.);
#8506 = DIRECTION('',(0.,1.));
#8507 = ( GEOMETRIC_REPRESENTATION_CONTEXT(2) 
PARAMETRIC_REPRESENTATION_CONTEXT() REPRESENTATION_CONTEXT('2D SPACE',''
  ) );
#8508 = ORIENTED_EDGE('',*,*,#1901,.T.);
#8509 = ORIENTED_EDGE('',*,*,#8488,.T.);
#8510 = ADVANCED_FACE('',(#8511),#1957,.F.);
#8511 = FACE_BOUND('',#8512,.F.);
#8512 = EDGE_LOOP('',(#8513,#8514,#8535,#8536));
#8513 = ORIENTED_EDGE('',*,*,#5454,.F.);
#8514 = ORIENTED_EDGE('',*,*,#8515,.F.);
#8515 = EDGE_CURVE('',#1937,#5455,#8516,.T.);
#8516 = SEAM_CURVE('',#8517,(#8521,#8528),.PCURVE_S1.);
#8517 = LINE('',#8518,#8519);
#8518 = CARTESIAN_POINT('',(13.4,-3.918869757272E-16,4.));
#8519 = VECTOR('',#8520,1.);
#8520 = DIRECTION('',(0.,0.,-1.));
#8521 = PCURVE('',#1957,#8522);
#8522 = DEFINITIONAL_REPRESENTATION('',(#8523),#8527);
#8523 = LINE('',#8524,#8525);
#8524 = CARTESIAN_POINT('',(6.28318530718,-0.));
#8525 = VECTOR('',#8526,1.);
#8526 = DIRECTION('',(0.,1.));
#8527 = ( GEOMETRIC_REPRESENTATION_CONTEXT(2) 
PARAMETRIC_REPRESENTATION_CONTEXT() REPRESENTATION_CONTEXT('2D SPACE',''
  ) );
#8528 = PCURVE('',#1957,#8529);
#8529 = DEFINITIONAL_REPRESENTATION('',(#8530),#8534);
#8530 = LINE('',#8531,#8532);
#8531 = CARTESIAN_POINT('',(0.,-0.));
#8532 = VECTOR('',#8533,1.);
#8533 = DIRECTION('',(0.,1.));
#8534 = ( GEOMETRIC_REPRESENTATION_CONTEXT(2) 
PARAMETRIC_REPRESENTATION_CONTEXT() REPRESENTATION_CONTEXT('2D SPACE',''
  ) );
#8535 = ORIENTED_EDGE('',*,*,#1936,.T.);
#8536 = ORIENTED_EDGE('',*,*,#8515,.T.);
#8537 = ADVANCED_FACE('',(#8538),#1992,.F.);
#8538 = FACE_BOUND('',#8539,.F.);
#8539 = EDGE_LOOP('',(#8540,#8541,#8562,#8563));
#8540 = ORIENTED_EDGE('',*,*,#5484,.F.);
#8541 = ORIENTED_EDGE('',*,*,#8542,.F.);
#8542 = EDGE_CURVE('',#1972,#5485,#8543,.T.);
#8543 = SEAM_CURVE('',#8544,(#8548,#8555),.PCURVE_S1.);
#8544 = LINE('',#8545,#8546);
#8545 = CARTESIAN_POINT('',(28.4,-15.,4.));
#8546 = VECTOR('',#8547,1.);
#8547 = DIRECTION('',(0.,0.,-1.));
#8548 = PCURVE('',#1992,#8549);
#8549 = DEFINITIONAL_REPRESENTATION('',(#8550),#8554);
#8550 = LINE('',#8551,#8552);
#8551 = CARTESIAN_POINT('',(6.28318530718,-0.));
#8552 = VECTOR('',#8553,1.);
#8553 = DIRECTION('',(0.,1.));
#8554 = ( GEOMETRIC_REPRESENTATION_CONTEXT(2) 
PARAMETRIC_REPRESENTATION_CONTEXT() REPRESENTATION_CONTEXT('2D SPACE',''
  ) );
#8555 = PCURVE('',#1992,#8556);
#8556 = DEFINITIONAL_REPRESENTATION('',(#8557),#8561);
#8557 = LINE('',#8558,#8559);
#8558 = CARTESIAN_POINT('',(0.,-0.));
#8559 = VECTOR('',#8560,1.);
#8560 = DIRECTION('',(0.,1.));
#8561 = ( GEOMETRIC_REPRESENTATION_CONTEXT(2) 
PARAMETRIC_REPRESENTATION_CONTEXT() REPRESENTATION_CONTEXT('2D SPACE',''
  ) );
#8562 = ORIENTED_EDGE('',*,*,#1971,.T.);
#8563 = ORIENTED_EDGE('',*,*,#8542,.T.);
#8564 = ADVANCED_FACE('',(#8565),#2027,.F.);
#8565 = FACE_BOUND('',#8566,.F.);
#8566 = EDGE_LOOP('',(#8567,#8568,#8589,#8590));
#8567 = ORIENTED_EDGE('',*,*,#5514,.F.);
#8568 = ORIENTED_EDGE('',*,*,#8569,.F.);
#8569 = EDGE_CURVE('',#2007,#5515,#8570,.T.);
#8570 = SEAM_CURVE('',#8571,(#8575,#8582),.PCURVE_S1.);
#8571 = LINE('',#8572,#8573);
#8572 = CARTESIAN_POINT('',(28.4,-3.918869757272E-16,4.));
#8573 = VECTOR('',#8574,1.);
#8574 = DIRECTION('',(0.,0.,-1.));
#8575 = PCURVE('',#2027,#8576);
#8576 = DEFINITIONAL_REPRESENTATION('',(#8577),#8581);
#8577 = LINE('',#8578,#8579);
#8578 = CARTESIAN_POINT('',(6.28318530718,-0.));
#8579 = VECTOR('',#8580,1.);
#8580 = DIRECTION('',(0.,1.));
#8581 = ( GEOMETRIC_REPRESENTATION_CONTEXT(2) 
PARAMETRIC_REPRESENTATION_CONTEXT() REPRESENTATION_CONTEXT('2D SPACE',''
  ) );
#8582 = PCURVE('',#2027,#8583);
#8583 = DEFINITIONAL_REPRESENTATION('',(#8584),#8588);
#8584 = LINE('',#8585,#8586);
#8585 = CARTESIAN_POINT('',(0.,-0.));
#8586 = VECTOR('',#8587,1.);
#8587 = DIRECTION('',(0.,1.));
#8588 = ( GEOMETRIC_REPRESENTATION_CONTEXT(2) 
PARAMETRIC_REPRESENTATION_CONTEXT() REPRESENTATION_CONTEXT('2D SPACE',''
  ) );
#8589 = ORIENTED_EDGE('',*,*,#2006,.T.);
#8590 = ORIENTED_EDGE('',*,*,#8569,.T.);
#8591 = ADVANCED_FACE('',(#8592),#2060,.F.);
#8592 = FACE_BOUND('',#8593,.T.);
#8593 = EDGE_LOOP('',(#8594,#8595,#8616,#8617));
#8594 = ORIENTED_EDGE('',*,*,#2041,.T.);
#8595 = ORIENTED_EDGE('',*,*,#8596,.T.);
#8596 = EDGE_CURVE('',#2044,#5547,#8597,.T.);
#8597 = SURFACE_CURVE('',#8598,(#8602,#8609),.PCURVE_S1.);
#8598 = LINE('',#8599,#8600);
#8599 = CARTESIAN_POINT('',(43.,-31.,184.0000003));
#8600 = VECTOR('',#8601,1.);
#8601 = DIRECTION('',(0.,0.,-1.));
#8602 = PCURVE('',#2060,#8603);
#8603 = DEFINITIONAL_REPRESENTATION('',(#8604),#8608);
#8604 = LINE('',#8605,#8606);
#8605 = CARTESIAN_POINT('',(-0.,0.));
#8606 = VECTOR('',#8607,1.);
#8607 = DIRECTION('',(-0.,-1.));
#8608 = ( GEOMETRIC_REPRESENTATION_CONTEXT(2) 
PARAMETRIC_REPRESENTATION_CONTEXT() REPRESENTATION_CONTEXT('2D SPACE',''
  ) );
#8609 = PCURVE('',#2140,#8610);
#8610 = DEFINITIONAL_REPRESENTATION('',(#8611),#8615);
#8611 = LINE('',#8612,#8613);
#8612 = CARTESIAN_POINT('',(10.,0.));
#8613 = VECTOR('',#8614,1.);
#8614 = DIRECTION('',(0.,-1.));
#8615 = ( GEOMETRIC_REPRESENTATION_CONTEXT(2) 
PARAMETRIC_REPRESENTATION_CONTEXT() REPRESENTATION_CONTEXT('2D SPACE',''
  ) );
#8616 = ORIENTED_EDGE('',*,*,#5544,.F.);
#8617 = ORIENTED_EDGE('',*,*,#8618,.F.);
#8618 = EDGE_CURVE('',#2042,#5545,#8619,.T.);
#8619 = SURFACE_CURVE('',#8620,(#8624,#8631),.PCURVE_S1.);
#8620 = LINE('',#8621,#8622);
#8621 = CARTESIAN_POINT('',(43.,-27.,184.0000003));
#8622 = VECTOR('',#8623,1.);
#8623 = DIRECTION('',(0.,0.,-1.));
#8624 = PCURVE('',#2060,#8625);
#8625 = DEFINITIONAL_REPRESENTATION('',(#8626),#8630);
#8626 = LINE('',#8627,#8628);
#8627 = CARTESIAN_POINT('',(-3.14159265359,0.));
#8628 = VECTOR('',#8629,1.);
#8629 = DIRECTION('',(-0.,-1.));
#8630 = ( GEOMETRIC_REPRESENTATION_CONTEXT(2) 
PARAMETRIC_REPRESENTATION_CONTEXT() REPRESENTATION_CONTEXT('2D SPACE',''
  ) );
#8631 = PCURVE('',#2087,#8632);
#8632 = DEFINITIONAL_REPRESENTATION('',(#8633),#8637);
#8633 = LINE('',#8634,#8635);
#8634 = CARTESIAN_POINT('',(0.,-0.));
#8635 = VECTOR('',#8636,1.);
#8636 = DIRECTION('',(0.,-1.));
#8637 = ( GEOMETRIC_REPRESENTATION_CONTEXT(2) 
PARAMETRIC_REPRESENTATION_CONTEXT() REPRESENTATION_CONTEXT('2D SPACE',''
  ) );
#8638 = ADVANCED_FACE('',(#8639),#2087,.T.);
#8639 = FACE_BOUND('',#8640,.T.);
#8640 = EDGE_LOOP('',(#8641,#8642,#8643,#8644));
#8641 = ORIENTED_EDGE('',*,*,#2072,.F.);
#8642 = ORIENTED_EDGE('',*,*,#8618,.T.);
#8643 = ORIENTED_EDGE('',*,*,#5570,.T.);
#8644 = ORIENTED_EDGE('',*,*,#8645,.F.);
#8645 = EDGE_CURVE('',#2073,#5571,#8646,.T.);
#8646 = SURFACE_CURVE('',#8647,(#8651,#8658),.PCURVE_S1.);
#8647 = LINE('',#8648,#8649);
#8648 = CARTESIAN_POINT('',(53.,-27.,184.0000003));
#8649 = VECTOR('',#8650,1.);
#8650 = DIRECTION('',(0.,0.,-1.));
#8651 = PCURVE('',#2087,#8652);
#8652 = DEFINITIONAL_REPRESENTATION('',(#8653),#8657);
#8653 = LINE('',#8654,#8655);
#8654 = CARTESIAN_POINT('',(10.,0.));
#8655 = VECTOR('',#8656,1.);
#8656 = DIRECTION('',(0.,-1.));
#8657 = ( GEOMETRIC_REPRESENTATION_CONTEXT(2) 
PARAMETRIC_REPRESENTATION_CONTEXT() REPRESENTATION_CONTEXT('2D SPACE',''
  ) );
#8658 = PCURVE('',#2115,#8659);
#8659 = DEFINITIONAL_REPRESENTATION('',(#8660),#8664);
#8660 = LINE('',#8661,#8662);
#8661 = CARTESIAN_POINT('',(-0.,0.));
#8662 = VECTOR('',#8663,1.);
#8663 = DIRECTION('',(-0.,-1.));
#8664 = ( GEOMETRIC_REPRESENTATION_CONTEXT(2) 
PARAMETRIC_REPRESENTATION_CONTEXT() REPRESENTATION_CONTEXT('2D SPACE',''
  ) );
#8665 = ADVANCED_FACE('',(#8666),#2140,.T.);
#8666 = FACE_BOUND('',#8667,.T.);
#8667 = EDGE_LOOP('',(#8668,#8669,#8690,#8691));
#8668 = ORIENTED_EDGE('',*,*,#2127,.F.);
#8669 = ORIENTED_EDGE('',*,*,#8670,.T.);
#8670 = EDGE_CURVE('',#2099,#5592,#8671,.T.);
#8671 = SURFACE_CURVE('',#8672,(#8676,#8683),.PCURVE_S1.);
#8672 = LINE('',#8673,#8674);
#8673 = CARTESIAN_POINT('',(53.,-31.,184.0000003));
#8674 = VECTOR('',#8675,1.);
#8675 = DIRECTION('',(0.,0.,-1.));
#8676 = PCURVE('',#2140,#8677);
#8677 = DEFINITIONAL_REPRESENTATION('',(#8678),#8682);
#8678 = LINE('',#8679,#8680);
#8679 = CARTESIAN_POINT('',(0.,0.));
#8680 = VECTOR('',#8681,1.);
#8681 = DIRECTION('',(0.,-1.));
#8682 = ( GEOMETRIC_REPRESENTATION_CONTEXT(2) 
PARAMETRIC_REPRESENTATION_CONTEXT() REPRESENTATION_CONTEXT('2D SPACE',''
  ) );
#8683 = PCURVE('',#2115,#8684);
#8684 = DEFINITIONAL_REPRESENTATION('',(#8685),#8689);
#8685 = LINE('',#8686,#8687);
#8686 = CARTESIAN_POINT('',(-3.14159265359,0.));
#8687 = VECTOR('',#8688,1.);
#8688 = DIRECTION('',(-0.,-1.));
#8689 = ( GEOMETRIC_REPRESENTATION_CONTEXT(2) 
PARAMETRIC_REPRESENTATION_CONTEXT() REPRESENTATION_CONTEXT('2D SPACE',''
  ) );
#8690 = ORIENTED_EDGE('',*,*,#5615,.T.);
#8691 = ORIENTED_EDGE('',*,*,#8596,.F.);
#8692 = ADVANCED_FACE('',(#8693),#2115,.F.);
#8693 = FACE_BOUND('',#8694,.T.);
#8694 = EDGE_LOOP('',(#8695,#8696,#8697,#8698));
#8695 = ORIENTED_EDGE('',*,*,#2098,.T.);
#8696 = ORIENTED_EDGE('',*,*,#8645,.T.);
#8697 = ORIENTED_EDGE('',*,*,#5591,.F.);
#8698 = ORIENTED_EDGE('',*,*,#8670,.F.);
#8699 = ADVANCED_FACE('',(#8700),#2174,.F.);
#8700 = FACE_BOUND('',#8701,.F.);
#8701 = EDGE_LOOP('',(#8702,#8703,#8724,#8725));
#8702 = ORIENTED_EDGE('',*,*,#5636,.F.);
#8703 = ORIENTED_EDGE('',*,*,#8704,.F.);
#8704 = EDGE_CURVE('',#2154,#5637,#8705,.T.);
#8705 = SEAM_CURVE('',#8706,(#8710,#8717),.PCURVE_S1.);
#8706 = LINE('',#8707,#8708);
#8707 = CARTESIAN_POINT('',(43.4,-15.,4.));
#8708 = VECTOR('',#8709,1.);
#8709 = DIRECTION('',(0.,0.,-1.));
#8710 = PCURVE('',#2174,#8711);
#8711 = DEFINITIONAL_REPRESENTATION('',(#8712),#8716);
#8712 = LINE('',#8713,#8714);
#8713 = CARTESIAN_POINT('',(6.28318530718,-0.));
#8714 = VECTOR('',#8715,1.);
#8715 = DIRECTION('',(0.,1.));
#8716 = ( GEOMETRIC_REPRESENTATION_CONTEXT(2) 
PARAMETRIC_REPRESENTATION_CONTEXT() REPRESENTATION_CONTEXT('2D SPACE',''
  ) );
#8717 = PCURVE('',#2174,#8718);
#8718 = DEFINITIONAL_REPRESENTATION('',(#8719),#8723);
#8719 = LINE('',#8720,#8721);
#8720 = CARTESIAN_POINT('',(0.,-0.));
#8721 = VECTOR('',#8722,1.);
#8722 = DIRECTION('',(0.,1.));
#8723 = ( GEOMETRIC_REPRESENTATION_CONTEXT(2) 
PARAMETRIC_REPRESENTATION_CONTEXT() REPRESENTATION_CONTEXT('2D SPACE',''
  ) );
#8724 = ORIENTED_EDGE('',*,*,#2153,.T.);
#8725 = ORIENTED_EDGE('',*,*,#8704,.T.);
#8726 = ADVANCED_FACE('',(#8727),#2209,.F.);
#8727 = FACE_BOUND('',#8728,.F.);
#8728 = EDGE_LOOP('',(#8729,#8730,#8751,#8752));
#8729 = ORIENTED_EDGE('',*,*,#5666,.F.);
#8730 = ORIENTED_EDGE('',*,*,#8731,.F.);
#8731 = EDGE_CURVE('',#2189,#5667,#8732,.T.);
#8732 = SEAM_CURVE('',#8733,(#8737,#8744),.PCURVE_S1.);
#8733 = LINE('',#8734,#8735);
#8734 = CARTESIAN_POINT('',(43.4,-3.918869757272E-16,4.));
#8735 = VECTOR('',#8736,1.);
#8736 = DIRECTION('',(0.,0.,-1.));
#8737 = PCURVE('',#2209,#8738);
#8738 = DEFINITIONAL_REPRESENTATION('',(#8739),#8743);
#8739 = LINE('',#8740,#8741);
#8740 = CARTESIAN_POINT('',(6.28318530718,-0.));
#8741 = VECTOR('',#8742,1.);
#8742 = DIRECTION('',(0.,1.));
#8743 = ( GEOMETRIC_REPRESENTATION_CONTEXT(2) 
PARAMETRIC_REPRESENTATION_CONTEXT() REPRESENTATION_CONTEXT('2D SPACE',''
  ) );
#8744 = PCURVE('',#2209,#8745);
#8745 = DEFINITIONAL_REPRESENTATION('',(#8746),#8750);
#8746 = LINE('',#8747,#8748);
#8747 = CARTESIAN_POINT('',(0.,-0.));
#8748 = VECTOR('',#8749,1.);
#8749 = DIRECTION('',(0.,1.));
#8750 = ( GEOMETRIC_REPRESENTATION_CONTEXT(2) 
PARAMETRIC_REPRESENTATION_CONTEXT() REPRESENTATION_CONTEXT('2D SPACE',''
  ) );
#8751 = ORIENTED_EDGE('',*,*,#2188,.T.);
#8752 = ORIENTED_EDGE('',*,*,#8731,.T.);
#8753 = ADVANCED_FACE('',(#8754),#2244,.F.);
#8754 = FACE_BOUND('',#8755,.F.);
#8755 = EDGE_LOOP('',(#8756,#8757,#8778,#8779));
#8756 = ORIENTED_EDGE('',*,*,#5696,.F.);
#8757 = ORIENTED_EDGE('',*,*,#8758,.F.);
#8758 = EDGE_CURVE('',#2224,#5697,#8759,.T.);
#8759 = SEAM_CURVE('',#8760,(#8764,#8771),.PCURVE_S1.);
#8760 = LINE('',#8761,#8762);
#8761 = CARTESIAN_POINT('',(58.4,-15.,4.));
#8762 = VECTOR('',#8763,1.);
#8763 = DIRECTION('',(0.,0.,-1.));
#8764 = PCURVE('',#2244,#8765);
#8765 = DEFINITIONAL_REPRESENTATION('',(#8766),#8770);
#8766 = LINE('',#8767,#8768);
#8767 = CARTESIAN_POINT('',(6.28318530718,-0.));
#8768 = VECTOR('',#8769,1.);
#8769 = DIRECTION('',(0.,1.));
#8770 = ( GEOMETRIC_REPRESENTATION_CONTEXT(2) 
PARAMETRIC_REPRESENTATION_CONTEXT() REPRESENTATION_CONTEXT('2D SPACE',''
  ) );
#8771 = PCURVE('',#2244,#8772);
#8772 = DEFINITIONAL_REPRESENTATION('',(#8773),#8777);
#8773 = LINE('',#8774,#8775);
#8774 = CARTESIAN_POINT('',(0.,-0.));
#8775 = VECTOR('',#8776,1.);
#8776 = DIRECTION('',(0.,1.));
#8777 = ( GEOMETRIC_REPRESENTATION_CONTEXT(2) 
PARAMETRIC_REPRESENTATION_CONTEXT() REPRESENTATION_CONTEXT('2D SPACE',''
  ) );
#8778 = ORIENTED_EDGE('',*,*,#2223,.T.);
#8779 = ORIENTED_EDGE('',*,*,#8758,.T.);
#8780 = ADVANCED_FACE('',(#8781),#2279,.F.);
#8781 = FACE_BOUND('',#8782,.F.);
#8782 = EDGE_LOOP('',(#8783,#8784,#8805,#8806));
#8783 = ORIENTED_EDGE('',*,*,#5726,.F.);
#8784 = ORIENTED_EDGE('',*,*,#8785,.F.);
#8785 = EDGE_CURVE('',#2259,#5727,#8786,.T.);
#8786 = SEAM_CURVE('',#8787,(#8791,#8798),.PCURVE_S1.);
#8787 = LINE('',#8788,#8789);
#8788 = CARTESIAN_POINT('',(64.4,-11.,4.));
#8789 = VECTOR('',#8790,1.);
#8790 = DIRECTION('',(0.,0.,-1.));
#8791 = PCURVE('',#2279,#8792);
#8792 = DEFINITIONAL_REPRESENTATION('',(#8793),#8797);
#8793 = LINE('',#8794,#8795);
#8794 = CARTESIAN_POINT('',(6.28318530718,-0.));
#8795 = VECTOR('',#8796,1.);
#8796 = DIRECTION('',(0.,1.));
#8797 = ( GEOMETRIC_REPRESENTATION_CONTEXT(2) 
PARAMETRIC_REPRESENTATION_CONTEXT() REPRESENTATION_CONTEXT('2D SPACE',''
  ) );
#8798 = PCURVE('',#2279,#8799);
#8799 = DEFINITIONAL_REPRESENTATION('',(#8800),#8804);
#8800 = LINE('',#8801,#8802);
#8801 = CARTESIAN_POINT('',(0.,-0.));
#8802 = VECTOR('',#8803,1.);
#8803 = DIRECTION('',(0.,1.));
#8804 = ( GEOMETRIC_REPRESENTATION_CONTEXT(2) 
PARAMETRIC_REPRESENTATION_CONTEXT() REPRESENTATION_CONTEXT('2D SPACE',''
  ) );
#8805 = ORIENTED_EDGE('',*,*,#2258,.T.);
#8806 = ORIENTED_EDGE('',*,*,#8785,.T.);
#8807 = ADVANCED_FACE('',(#8808),#2314,.F.);
#8808 = FACE_BOUND('',#8809,.F.);
#8809 = EDGE_LOOP('',(#8810,#8811,#8832,#8833));
#8810 = ORIENTED_EDGE('',*,*,#5756,.F.);
#8811 = ORIENTED_EDGE('',*,*,#8812,.F.);
#8812 = EDGE_CURVE('',#2294,#5757,#8813,.T.);
#8813 = SEAM_CURVE('',#8814,(#8818,#8825),.PCURVE_S1.);
#8814 = LINE('',#8815,#8816);
#8815 = CARTESIAN_POINT('',(58.4,-3.918869757272E-16,4.));
#8816 = VECTOR('',#8817,1.);
#8817 = DIRECTION('',(0.,0.,-1.));
#8818 = PCURVE('',#2314,#8819);
#8819 = DEFINITIONAL_REPRESENTATION('',(#8820),#8824);
#8820 = LINE('',#8821,#8822);
#8821 = CARTESIAN_POINT('',(6.28318530718,-0.));
#8822 = VECTOR('',#8823,1.);
#8823 = DIRECTION('',(0.,1.));
#8824 = ( GEOMETRIC_REPRESENTATION_CONTEXT(2) 
PARAMETRIC_REPRESENTATION_CONTEXT() REPRESENTATION_CONTEXT('2D SPACE',''
  ) );
#8825 = PCURVE('',#2314,#8826);
#8826 = DEFINITIONAL_REPRESENTATION('',(#8827),#8831);
#8827 = LINE('',#8828,#8829);
#8828 = CARTESIAN_POINT('',(0.,-0.));
#8829 = VECTOR('',#8830,1.);
#8830 = DIRECTION('',(0.,1.));
#8831 = ( GEOMETRIC_REPRESENTATION_CONTEXT(2) 
PARAMETRIC_REPRESENTATION_CONTEXT() REPRESENTATION_CONTEXT('2D SPACE',''
  ) );
#8832 = ORIENTED_EDGE('',*,*,#2293,.T.);
#8833 = ORIENTED_EDGE('',*,*,#8812,.T.);
#8834 = ADVANCED_FACE('',(#8835),#2349,.F.);
#8835 = FACE_BOUND('',#8836,.F.);
#8836 = EDGE_LOOP('',(#8837,#8838,#8859,#8860));
#8837 = ORIENTED_EDGE('',*,*,#5786,.F.);
#8838 = ORIENTED_EDGE('',*,*,#8839,.F.);
#8839 = EDGE_CURVE('',#2329,#5787,#8840,.T.);
#8840 = SEAM_CURVE('',#8841,(#8845,#8852),.PCURVE_S1.);
#8841 = LINE('',#8842,#8843);
#8842 = CARTESIAN_POINT('',(-67.6,11.,4.));
#8843 = VECTOR('',#8844,1.);
#8844 = DIRECTION('',(0.,0.,-1.));
#8845 = PCURVE('',#2349,#8846);
#8846 = DEFINITIONAL_REPRESENTATION('',(#8847),#8851);
#8847 = LINE('',#8848,#8849);
#8848 = CARTESIAN_POINT('',(6.28318530718,-0.));
#8849 = VECTOR('',#8850,1.);
#8850 = DIRECTION('',(0.,1.));
#8851 = ( GEOMETRIC_REPRESENTATION_CONTEXT(2) 
PARAMETRIC_REPRESENTATION_CONTEXT() REPRESENTATION_CONTEXT('2D SPACE',''
  ) );
#8852 = PCURVE('',#2349,#8853);
#8853 = DEFINITIONAL_REPRESENTATION('',(#8854),#8858);
#8854 = LINE('',#8855,#8856);
#8855 = CARTESIAN_POINT('',(0.,-0.));
#8856 = VECTOR('',#8857,1.);
#8857 = DIRECTION('',(0.,1.));
#8858 = ( GEOMETRIC_REPRESENTATION_CONTEXT(2) 
PARAMETRIC_REPRESENTATION_CONTEXT() REPRESENTATION_CONTEXT('2D SPACE',''
  ) );
#8859 = ORIENTED_EDGE('',*,*,#2328,.T.);
#8860 = ORIENTED_EDGE('',*,*,#8839,.T.);
#8861 = ADVANCED_FACE('',(#8862),#2384,.F.);
#8862 = FACE_BOUND('',#8863,.F.);
#8863 = EDGE_LOOP('',(#8864,#8865,#8886,#8887));
#8864 = ORIENTED_EDGE('',*,*,#5816,.F.);
#8865 = ORIENTED_EDGE('',*,*,#8866,.F.);
#8866 = EDGE_CURVE('',#2364,#5817,#8867,.T.);
#8867 = SEAM_CURVE('',#8868,(#8872,#8879),.PCURVE_S1.);
#8868 = LINE('',#8869,#8870);
#8869 = CARTESIAN_POINT('',(-61.6,15.,4.));
#8870 = VECTOR('',#8871,1.);
#8871 = DIRECTION('',(0.,0.,-1.));
#8872 = PCURVE('',#2384,#8873);
#8873 = DEFINITIONAL_REPRESENTATION('',(#8874),#8878);
#8874 = LINE('',#8875,#8876);
#8875 = CARTESIAN_POINT('',(6.28318530718,-0.));
#8876 = VECTOR('',#8877,1.);
#8877 = DIRECTION('',(0.,1.));
#8878 = ( GEOMETRIC_REPRESENTATION_CONTEXT(2) 
PARAMETRIC_REPRESENTATION_CONTEXT() REPRESENTATION_CONTEXT('2D SPACE',''
  ) );
#8879 = PCURVE('',#2384,#8880);
#8880 = DEFINITIONAL_REPRESENTATION('',(#8881),#8885);
#8881 = LINE('',#8882,#8883);
#8882 = CARTESIAN_POINT('',(0.,-0.));
#8883 = VECTOR('',#8884,1.);
#8884 = DIRECTION('',(0.,1.));
#8885 = ( GEOMETRIC_REPRESENTATION_CONTEXT(2) 
PARAMETRIC_REPRESENTATION_CONTEXT() REPRESENTATION_CONTEXT('2D SPACE',''
  ) );
#8886 = ORIENTED_EDGE('',*,*,#2363,.T.);
#8887 = ORIENTED_EDGE('',*,*,#8866,.T.);
#8888 = ADVANCED_FACE('',(#8889),#2419,.F.);
#8889 = FACE_BOUND('',#8890,.F.);
#8890 = EDGE_LOOP('',(#8891,#8892,#8913,#8914));
#8891 = ORIENTED_EDGE('',*,*,#5846,.F.);
#8892 = ORIENTED_EDGE('',*,*,#8893,.F.);
#8893 = EDGE_CURVE('',#2399,#5847,#8894,.T.);
#8894 = SEAM_CURVE('',#8895,(#8899,#8906),.PCURVE_S1.);
#8895 = LINE('',#8896,#8897);
#8896 = CARTESIAN_POINT('',(-46.6,15.,4.));
#8897 = VECTOR('',#8898,1.);
#8898 = DIRECTION('',(0.,0.,-1.));
#8899 = PCURVE('',#2419,#8900);
#8900 = DEFINITIONAL_REPRESENTATION('',(#8901),#8905);
#8901 = LINE('',#8902,#8903);
#8902 = CARTESIAN_POINT('',(6.28318530718,-0.));
#8903 = VECTOR('',#8904,1.);
#8904 = DIRECTION('',(0.,1.));
#8905 = ( GEOMETRIC_REPRESENTATION_CONTEXT(2) 
PARAMETRIC_REPRESENTATION_CONTEXT() REPRESENTATION_CONTEXT('2D SPACE',''
  ) );
#8906 = PCURVE('',#2419,#8907);
#8907 = DEFINITIONAL_REPRESENTATION('',(#8908),#8912);
#8908 = LINE('',#8909,#8910);
#8909 = CARTESIAN_POINT('',(0.,-0.));
#8910 = VECTOR('',#8911,1.);
#8911 = DIRECTION('',(0.,1.));
#8912 = ( GEOMETRIC_REPRESENTATION_CONTEXT(2) 
PARAMETRIC_REPRESENTATION_CONTEXT() REPRESENTATION_CONTEXT('2D SPACE',''
  ) );
#8913 = ORIENTED_EDGE('',*,*,#2398,.T.);
#8914 = ORIENTED_EDGE('',*,*,#8893,.T.);
#8915 = ADVANCED_FACE('',(#8916),#2454,.F.);
#8916 = FACE_BOUND('',#8917,.F.);
#8917 = EDGE_LOOP('',(#8918,#8919,#8940,#8941));
#8918 = ORIENTED_EDGE('',*,*,#5876,.F.);
#8919 = ORIENTED_EDGE('',*,*,#8920,.F.);
#8920 = EDGE_CURVE('',#2434,#5877,#8921,.T.);
#8921 = SEAM_CURVE('',#8922,(#8926,#8933),.PCURVE_S1.);
#8922 = LINE('',#8923,#8924);
#8923 = CARTESIAN_POINT('',(-61.6,30.,4.));
#8924 = VECTOR('',#8925,1.);
#8925 = DIRECTION('',(0.,0.,-1.));
#8926 = PCURVE('',#2454,#8927);
#8927 = DEFINITIONAL_REPRESENTATION('',(#8928),#8932);
#8928 = LINE('',#8929,#8930);
#8929 = CARTESIAN_POINT('',(6.28318530718,-0.));
#8930 = VECTOR('',#8931,1.);
#8931 = DIRECTION('',(0.,1.));
#8932 = ( GEOMETRIC_REPRESENTATION_CONTEXT(2) 
PARAMETRIC_REPRESENTATION_CONTEXT() REPRESENTATION_CONTEXT('2D SPACE',''
  ) );
#8933 = PCURVE('',#2454,#8934);
#8934 = DEFINITIONAL_REPRESENTATION('',(#8935),#8939);
#8935 = LINE('',#8936,#8937);
#8936 = CARTESIAN_POINT('',(0.,-0.));
#8937 = VECTOR('',#8938,1.);
#8938 = DIRECTION('',(0.,1.));
#8939 = ( GEOMETRIC_REPRESENTATION_CONTEXT(2) 
PARAMETRIC_REPRESENTATION_CONTEXT() REPRESENTATION_CONTEXT('2D SPACE',''
  ) );
#8940 = ORIENTED_EDGE('',*,*,#2433,.T.);
#8941 = ORIENTED_EDGE('',*,*,#8920,.T.);
#8942 = ADVANCED_FACE('',(#8943),#2489,.F.);
#8943 = FACE_BOUND('',#8944,.F.);
#8944 = EDGE_LOOP('',(#8945,#8946,#8967,#8968));
#8945 = ORIENTED_EDGE('',*,*,#5906,.F.);
#8946 = ORIENTED_EDGE('',*,*,#8947,.F.);
#8947 = EDGE_CURVE('',#2469,#5907,#8948,.T.);
#8948 = SEAM_CURVE('',#8949,(#8953,#8960),.PCURVE_S1.);
#8949 = LINE('',#8950,#8951);
#8950 = CARTESIAN_POINT('',(-61.6,45.,4.));
#8951 = VECTOR('',#8952,1.);
#8952 = DIRECTION('',(0.,0.,-1.));
#8953 = PCURVE('',#2489,#8954);
#8954 = DEFINITIONAL_REPRESENTATION('',(#8955),#8959);
#8955 = LINE('',#8956,#8957);
#8956 = CARTESIAN_POINT('',(6.28318530718,-0.));
#8957 = VECTOR('',#8958,1.);
#8958 = DIRECTION('',(0.,1.));
#8959 = ( GEOMETRIC_REPRESENTATION_CONTEXT(2) 
PARAMETRIC_REPRESENTATION_CONTEXT() REPRESENTATION_CONTEXT('2D SPACE',''
  ) );
#8960 = PCURVE('',#2489,#8961);
#8961 = DEFINITIONAL_REPRESENTATION('',(#8962),#8966);
#8962 = LINE('',#8963,#8964);
#8963 = CARTESIAN_POINT('',(0.,-0.));
#8964 = VECTOR('',#8965,1.);
#8965 = DIRECTION('',(0.,1.));
#8966 = ( GEOMETRIC_REPRESENTATION_CONTEXT(2) 
PARAMETRIC_REPRESENTATION_CONTEXT() REPRESENTATION_CONTEXT('2D SPACE',''
  ) );
#8967 = ORIENTED_EDGE('',*,*,#2468,.T.);
#8968 = ORIENTED_EDGE('',*,*,#8947,.T.);
#8969 = ADVANCED_FACE('',(#8970),#2524,.F.);
#8970 = FACE_BOUND('',#8971,.F.);
#8971 = EDGE_LOOP('',(#8972,#8973,#8994,#8995));
#8972 = ORIENTED_EDGE('',*,*,#5936,.F.);
#8973 = ORIENTED_EDGE('',*,*,#8974,.F.);
#8974 = EDGE_CURVE('',#2504,#5937,#8975,.T.);
#8975 = SEAM_CURVE('',#8976,(#8980,#8987),.PCURVE_S1.);
#8976 = LINE('',#8977,#8978);
#8977 = CARTESIAN_POINT('',(-46.6,30.,4.));
#8978 = VECTOR('',#8979,1.);
#8979 = DIRECTION('',(0.,0.,-1.));
#8980 = PCURVE('',#2524,#8981);
#8981 = DEFINITIONAL_REPRESENTATION('',(#8982),#8986);
#8982 = LINE('',#8983,#8984);
#8983 = CARTESIAN_POINT('',(6.28318530718,-0.));
#8984 = VECTOR('',#8985,1.);
#8985 = DIRECTION('',(0.,1.));
#8986 = ( GEOMETRIC_REPRESENTATION_CONTEXT(2) 
PARAMETRIC_REPRESENTATION_CONTEXT() REPRESENTATION_CONTEXT('2D SPACE',''
  ) );
#8987 = PCURVE('',#2524,#8988);
#8988 = DEFINITIONAL_REPRESENTATION('',(#8989),#8993);
#8989 = LINE('',#8990,#8991);
#8990 = CARTESIAN_POINT('',(0.,-0.));
#8991 = VECTOR('',#8992,1.);
#8992 = DIRECTION('',(0.,1.));
#8993 = ( GEOMETRIC_REPRESENTATION_CONTEXT(2) 
PARAMETRIC_REPRESENTATION_CONTEXT() REPRESENTATION_CONTEXT('2D SPACE',''
  ) );
#8994 = ORIENTED_EDGE('',*,*,#2503,.T.);
#8995 = ORIENTED_EDGE('',*,*,#8974,.T.);
#8996 = ADVANCED_FACE('',(#8997),#2559,.F.);
#8997 = FACE_BOUND('',#8998,.F.);
#8998 = EDGE_LOOP('',(#8999,#9000,#9021,#9022));
#8999 = ORIENTED_EDGE('',*,*,#5966,.F.);
#9000 = ORIENTED_EDGE('',*,*,#9001,.F.);
#9001 = EDGE_CURVE('',#2539,#5967,#9002,.T.);
#9002 = SEAM_CURVE('',#9003,(#9007,#9014),.PCURVE_S1.);
#9003 = LINE('',#9004,#9005);
#9004 = CARTESIAN_POINT('',(-46.6,45.,4.));
#9005 = VECTOR('',#9006,1.);
#9006 = DIRECTION('',(0.,0.,-1.));
#9007 = PCURVE('',#2559,#9008);
#9008 = DEFINITIONAL_REPRESENTATION('',(#9009),#9013);
#9009 = LINE('',#9010,#9011);
#9010 = CARTESIAN_POINT('',(6.28318530718,-0.));
#9011 = VECTOR('',#9012,1.);
#9012 = DIRECTION('',(0.,1.));
#9013 = ( GEOMETRIC_REPRESENTATION_CONTEXT(2) 
PARAMETRIC_REPRESENTATION_CONTEXT() REPRESENTATION_CONTEXT('2D SPACE',''
  ) );
#9014 = PCURVE('',#2559,#9015);
#9015 = DEFINITIONAL_REPRESENTATION('',(#9016),#9020);
#9016 = LINE('',#9017,#9018);
#9017 = CARTESIAN_POINT('',(0.,-0.));
#9018 = VECTOR('',#9019,1.);
#9019 = DIRECTION('',(0.,1.));
#9020 = ( GEOMETRIC_REPRESENTATION_CONTEXT(2) 
PARAMETRIC_REPRESENTATION_CONTEXT() REPRESENTATION_CONTEXT('2D SPACE',''
  ) );
#9021 = ORIENTED_EDGE('',*,*,#2538,.T.);
#9022 = ORIENTED_EDGE('',*,*,#9001,.T.);
#9023 = ADVANCED_FACE('',(#9024),#2594,.F.);
#9024 = FACE_BOUND('',#9025,.F.);
#9025 = EDGE_LOOP('',(#9026,#9027,#9048,#9049));
#9026 = ORIENTED_EDGE('',*,*,#5996,.F.);
#9027 = ORIENTED_EDGE('',*,*,#9028,.F.);
#9028 = EDGE_CURVE('',#2574,#5997,#9029,.T.);
#9029 = SEAM_CURVE('',#9030,(#9034,#9041),.PCURVE_S1.);
#9030 = LINE('',#9031,#9032);
#9031 = CARTESIAN_POINT('',(-31.6,15.,4.));
#9032 = VECTOR('',#9033,1.);
#9033 = DIRECTION('',(0.,0.,-1.));
#9034 = PCURVE('',#2594,#9035);
#9035 = DEFINITIONAL_REPRESENTATION('',(#9036),#9040);
#9036 = LINE('',#9037,#9038);
#9037 = CARTESIAN_POINT('',(6.28318530718,-0.));
#9038 = VECTOR('',#9039,1.);
#9039 = DIRECTION('',(0.,1.));
#9040 = ( GEOMETRIC_REPRESENTATION_CONTEXT(2) 
PARAMETRIC_REPRESENTATION_CONTEXT() REPRESENTATION_CONTEXT('2D SPACE',''
  ) );
#9041 = PCURVE('',#2594,#9042);
#9042 = DEFINITIONAL_REPRESENTATION('',(#9043),#9047);
#9043 = LINE('',#9044,#9045);
#9044 = CARTESIAN_POINT('',(0.,-0.));
#9045 = VECTOR('',#9046,1.);
#9046 = DIRECTION('',(0.,1.));
#9047 = ( GEOMETRIC_REPRESENTATION_CONTEXT(2) 
PARAMETRIC_REPRESENTATION_CONTEXT() REPRESENTATION_CONTEXT('2D SPACE',''
  ) );
#9048 = ORIENTED_EDGE('',*,*,#2573,.T.);
#9049 = ORIENTED_EDGE('',*,*,#9028,.T.);
#9050 = ADVANCED_FACE('',(#9051),#2629,.F.);
#9051 = FACE_BOUND('',#9052,.F.);
#9052 = EDGE_LOOP('',(#9053,#9054,#9075,#9076));
#9053 = ORIENTED_EDGE('',*,*,#6026,.F.);
#9054 = ORIENTED_EDGE('',*,*,#9055,.F.);
#9055 = EDGE_CURVE('',#2609,#6027,#9056,.T.);
#9056 = SEAM_CURVE('',#9057,(#9061,#9068),.PCURVE_S1.);
#9057 = LINE('',#9058,#9059);
#9058 = CARTESIAN_POINT('',(-16.6,15.,4.));
#9059 = VECTOR('',#9060,1.);
#9060 = DIRECTION('',(0.,0.,-1.));
#9061 = PCURVE('',#2629,#9062);
#9062 = DEFINITIONAL_REPRESENTATION('',(#9063),#9067);
#9063 = LINE('',#9064,#9065);
#9064 = CARTESIAN_POINT('',(6.28318530718,-0.));
#9065 = VECTOR('',#9066,1.);
#9066 = DIRECTION('',(0.,1.));
#9067 = ( GEOMETRIC_REPRESENTATION_CONTEXT(2) 
PARAMETRIC_REPRESENTATION_CONTEXT() REPRESENTATION_CONTEXT('2D SPACE',''
  ) );
#9068 = PCURVE('',#2629,#9069);
#9069 = DEFINITIONAL_REPRESENTATION('',(#9070),#9074);
#9070 = LINE('',#9071,#9072);
#9071 = CARTESIAN_POINT('',(0.,-0.));
#9072 = VECTOR('',#9073,1.);
#9073 = DIRECTION('',(0.,1.));
#9074 = ( GEOMETRIC_REPRESENTATION_CONTEXT(2) 
PARAMETRIC_REPRESENTATION_CONTEXT() REPRESENTATION_CONTEXT('2D SPACE',''
  ) );
#9075 = ORIENTED_EDGE('',*,*,#2608,.T.);
#9076 = ORIENTED_EDGE('',*,*,#9055,.T.);
#9077 = ADVANCED_FACE('',(#9078),#2664,.F.);
#9078 = FACE_BOUND('',#9079,.F.);
#9079 = EDGE_LOOP('',(#9080,#9081,#9102,#9103));
#9080 = ORIENTED_EDGE('',*,*,#6056,.F.);
#9081 = ORIENTED_EDGE('',*,*,#9082,.F.);
#9082 = EDGE_CURVE('',#2644,#6057,#9083,.T.);
#9083 = SEAM_CURVE('',#9084,(#9088,#9095),.PCURVE_S1.);
#9084 = LINE('',#9085,#9086);
#9085 = CARTESIAN_POINT('',(-31.6,30.,4.));
#9086 = VECTOR('',#9087,1.);
#9087 = DIRECTION('',(0.,0.,-1.));
#9088 = PCURVE('',#2664,#9089);
#9089 = DEFINITIONAL_REPRESENTATION('',(#9090),#9094);
#9090 = LINE('',#9091,#9092);
#9091 = CARTESIAN_POINT('',(6.28318530718,-0.));
#9092 = VECTOR('',#9093,1.);
#9093 = DIRECTION('',(0.,1.));
#9094 = ( GEOMETRIC_REPRESENTATION_CONTEXT(2) 
PARAMETRIC_REPRESENTATION_CONTEXT() REPRESENTATION_CONTEXT('2D SPACE',''
  ) );
#9095 = PCURVE('',#2664,#9096);
#9096 = DEFINITIONAL_REPRESENTATION('',(#9097),#9101);
#9097 = LINE('',#9098,#9099);
#9098 = CARTESIAN_POINT('',(0.,-0.));
#9099 = VECTOR('',#9100,1.);
#9100 = DIRECTION('',(0.,1.));
#9101 = ( GEOMETRIC_REPRESENTATION_CONTEXT(2) 
PARAMETRIC_REPRESENTATION_CONTEXT() REPRESENTATION_CONTEXT('2D SPACE',''
  ) );
#9102 = ORIENTED_EDGE('',*,*,#2643,.T.);
#9103 = ORIENTED_EDGE('',*,*,#9082,.T.);
#9104 = ADVANCED_FACE('',(#9105),#2699,.F.);
#9105 = FACE_BOUND('',#9106,.F.);
#9106 = EDGE_LOOP('',(#9107,#9108,#9129,#9130));
#9107 = ORIENTED_EDGE('',*,*,#6086,.F.);
#9108 = ORIENTED_EDGE('',*,*,#9109,.F.);
#9109 = EDGE_CURVE('',#2679,#6087,#9110,.T.);
#9110 = SEAM_CURVE('',#9111,(#9115,#9122),.PCURVE_S1.);
#9111 = LINE('',#9112,#9113);
#9112 = CARTESIAN_POINT('',(-31.6,45.,4.));
#9113 = VECTOR('',#9114,1.);
#9114 = DIRECTION('',(0.,0.,-1.));
#9115 = PCURVE('',#2699,#9116);
#9116 = DEFINITIONAL_REPRESENTATION('',(#9117),#9121);
#9117 = LINE('',#9118,#9119);
#9118 = CARTESIAN_POINT('',(6.28318530718,-0.));
#9119 = VECTOR('',#9120,1.);
#9120 = DIRECTION('',(0.,1.));
#9121 = ( GEOMETRIC_REPRESENTATION_CONTEXT(2) 
PARAMETRIC_REPRESENTATION_CONTEXT() REPRESENTATION_CONTEXT('2D SPACE',''
  ) );
#9122 = PCURVE('',#2699,#9123);
#9123 = DEFINITIONAL_REPRESENTATION('',(#9124),#9128);
#9124 = LINE('',#9125,#9126);
#9125 = CARTESIAN_POINT('',(0.,-0.));
#9126 = VECTOR('',#9127,1.);
#9127 = DIRECTION('',(0.,1.));
#9128 = ( GEOMETRIC_REPRESENTATION_CONTEXT(2) 
PARAMETRIC_REPRESENTATION_CONTEXT() REPRESENTATION_CONTEXT('2D SPACE',''
  ) );
#9129 = ORIENTED_EDGE('',*,*,#2678,.T.);
#9130 = ORIENTED_EDGE('',*,*,#9109,.T.);
#9131 = ADVANCED_FACE('',(#9132),#2734,.F.);
#9132 = FACE_BOUND('',#9133,.F.);
#9133 = EDGE_LOOP('',(#9134,#9135,#9156,#9157));
#9134 = ORIENTED_EDGE('',*,*,#6116,.F.);
#9135 = ORIENTED_EDGE('',*,*,#9136,.F.);
#9136 = EDGE_CURVE('',#2714,#6117,#9137,.T.);
#9137 = SEAM_CURVE('',#9138,(#9142,#9149),.PCURVE_S1.);
#9138 = LINE('',#9139,#9140);
#9139 = CARTESIAN_POINT('',(-61.6,60.,4.));
#9140 = VECTOR('',#9141,1.);
#9141 = DIRECTION('',(0.,0.,-1.));
#9142 = PCURVE('',#2734,#9143);
#9143 = DEFINITIONAL_REPRESENTATION('',(#9144),#9148);
#9144 = LINE('',#9145,#9146);
#9145 = CARTESIAN_POINT('',(6.28318530718,-0.));
#9146 = VECTOR('',#9147,1.);
#9147 = DIRECTION('',(0.,1.));
#9148 = ( GEOMETRIC_REPRESENTATION_CONTEXT(2) 
PARAMETRIC_REPRESENTATION_CONTEXT() REPRESENTATION_CONTEXT('2D SPACE',''
  ) );
#9149 = PCURVE('',#2734,#9150);
#9150 = DEFINITIONAL_REPRESENTATION('',(#9151),#9155);
#9151 = LINE('',#9152,#9153);
#9152 = CARTESIAN_POINT('',(0.,-0.));
#9153 = VECTOR('',#9154,1.);
#9154 = DIRECTION('',(0.,1.));
#9155 = ( GEOMETRIC_REPRESENTATION_CONTEXT(2) 
PARAMETRIC_REPRESENTATION_CONTEXT() REPRESENTATION_CONTEXT('2D SPACE',''
  ) );
#9156 = ORIENTED_EDGE('',*,*,#2713,.T.);
#9157 = ORIENTED_EDGE('',*,*,#9136,.T.);
#9158 = ADVANCED_FACE('',(#9159),#2769,.F.);
#9159 = FACE_BOUND('',#9160,.F.);
#9160 = EDGE_LOOP('',(#9161,#9162,#9183,#9184));
#9161 = ORIENTED_EDGE('',*,*,#6146,.F.);
#9162 = ORIENTED_EDGE('',*,*,#9163,.F.);
#9163 = EDGE_CURVE('',#2749,#6147,#9164,.T.);
#9164 = SEAM_CURVE('',#9165,(#9169,#9176),.PCURVE_S1.);
#9165 = LINE('',#9166,#9167);
#9166 = CARTESIAN_POINT('',(-46.6,60.,4.));
#9167 = VECTOR('',#9168,1.);
#9168 = DIRECTION('',(0.,0.,-1.));
#9169 = PCURVE('',#2769,#9170);
#9170 = DEFINITIONAL_REPRESENTATION('',(#9171),#9175);
#9171 = LINE('',#9172,#9173);
#9172 = CARTESIAN_POINT('',(6.28318530718,-0.));
#9173 = VECTOR('',#9174,1.);
#9174 = DIRECTION('',(0.,1.));
#9175 = ( GEOMETRIC_REPRESENTATION_CONTEXT(2) 
PARAMETRIC_REPRESENTATION_CONTEXT() REPRESENTATION_CONTEXT('2D SPACE',''
  ) );
#9176 = PCURVE('',#2769,#9177);
#9177 = DEFINITIONAL_REPRESENTATION('',(#9178),#9182);
#9178 = LINE('',#9179,#9180);
#9179 = CARTESIAN_POINT('',(0.,-0.));
#9180 = VECTOR('',#9181,1.);
#9181 = DIRECTION('',(0.,1.));
#9182 = ( GEOMETRIC_REPRESENTATION_CONTEXT(2) 
PARAMETRIC_REPRESENTATION_CONTEXT() REPRESENTATION_CONTEXT('2D SPACE',''
  ) );
#9183 = ORIENTED_EDGE('',*,*,#2748,.T.);
#9184 = ORIENTED_EDGE('',*,*,#9163,.T.);
#9185 = ADVANCED_FACE('',(#9186),#2804,.F.);
#9186 = FACE_BOUND('',#9187,.F.);
#9187 = EDGE_LOOP('',(#9188,#9189,#9210,#9211));
#9188 = ORIENTED_EDGE('',*,*,#6176,.F.);
#9189 = ORIENTED_EDGE('',*,*,#9190,.F.);
#9190 = EDGE_CURVE('',#2784,#6177,#9191,.T.);
#9191 = SEAM_CURVE('',#9192,(#9196,#9203),.PCURVE_S1.);
#9192 = LINE('',#9193,#9194);
#9193 = CARTESIAN_POINT('',(-61.6,75.,4.));
#9194 = VECTOR('',#9195,1.);
#9195 = DIRECTION('',(0.,0.,-1.));
#9196 = PCURVE('',#2804,#9197);
#9197 = DEFINITIONAL_REPRESENTATION('',(#9198),#9202);
#9198 = LINE('',#9199,#9200);
#9199 = CARTESIAN_POINT('',(6.28318530718,-0.));
#9200 = VECTOR('',#9201,1.);
#9201 = DIRECTION('',(0.,1.));
#9202 = ( GEOMETRIC_REPRESENTATION_CONTEXT(2) 
PARAMETRIC_REPRESENTATION_CONTEXT() REPRESENTATION_CONTEXT('2D SPACE',''
  ) );
#9203 = PCURVE('',#2804,#9204);
#9204 = DEFINITIONAL_REPRESENTATION('',(#9205),#9209);
#9205 = LINE('',#9206,#9207);
#9206 = CARTESIAN_POINT('',(0.,-0.));
#9207 = VECTOR('',#9208,1.);
#9208 = DIRECTION('',(0.,1.));
#9209 = ( GEOMETRIC_REPRESENTATION_CONTEXT(2) 
PARAMETRIC_REPRESENTATION_CONTEXT() REPRESENTATION_CONTEXT('2D SPACE',''
  ) );
#9210 = ORIENTED_EDGE('',*,*,#2783,.T.);
#9211 = ORIENTED_EDGE('',*,*,#9190,.T.);
#9212 = ADVANCED_FACE('',(#9213),#2839,.F.);
#9213 = FACE_BOUND('',#9214,.F.);
#9214 = EDGE_LOOP('',(#9215,#9216,#9237,#9238));
#9215 = ORIENTED_EDGE('',*,*,#6206,.F.);
#9216 = ORIENTED_EDGE('',*,*,#9217,.F.);
#9217 = EDGE_CURVE('',#2819,#6207,#9218,.T.);
#9218 = SEAM_CURVE('',#9219,(#9223,#9230),.PCURVE_S1.);
#9219 = LINE('',#9220,#9221);
#9220 = CARTESIAN_POINT('',(-46.6,75.,4.));
#9221 = VECTOR('',#9222,1.);
#9222 = DIRECTION('',(0.,0.,-1.));
#9223 = PCURVE('',#2839,#9224);
#9224 = DEFINITIONAL_REPRESENTATION('',(#9225),#9229);
#9225 = LINE('',#9226,#9227);
#9226 = CARTESIAN_POINT('',(6.28318530718,-0.));
#9227 = VECTOR('',#9228,1.);
#9228 = DIRECTION('',(0.,1.));
#9229 = ( GEOMETRIC_REPRESENTATION_CONTEXT(2) 
PARAMETRIC_REPRESENTATION_CONTEXT() REPRESENTATION_CONTEXT('2D SPACE',''
  ) );
#9230 = PCURVE('',#2839,#9231);
#9231 = DEFINITIONAL_REPRESENTATION('',(#9232),#9236);
#9232 = LINE('',#9233,#9234);
#9233 = CARTESIAN_POINT('',(0.,-0.));
#9234 = VECTOR('',#9235,1.);
#9235 = DIRECTION('',(0.,1.));
#9236 = ( GEOMETRIC_REPRESENTATION_CONTEXT(2) 
PARAMETRIC_REPRESENTATION_CONTEXT() REPRESENTATION_CONTEXT('2D SPACE',''
  ) );
#9237 = ORIENTED_EDGE('',*,*,#2818,.T.);
#9238 = ORIENTED_EDGE('',*,*,#9217,.T.);
#9239 = ADVANCED_FACE('',(#9240),#2874,.F.);
#9240 = FACE_BOUND('',#9241,.F.);
#9241 = EDGE_LOOP('',(#9242,#9243,#9264,#9265));
#9242 = ORIENTED_EDGE('',*,*,#6236,.F.);
#9243 = ORIENTED_EDGE('',*,*,#9244,.F.);
#9244 = EDGE_CURVE('',#2854,#6237,#9245,.T.);
#9245 = SEAM_CURVE('',#9246,(#9250,#9257),.PCURVE_S1.);
#9246 = LINE('',#9247,#9248);
#9247 = CARTESIAN_POINT('',(-31.6,60.,4.));
#9248 = VECTOR('',#9249,1.);
#9249 = DIRECTION('',(0.,0.,-1.));
#9250 = PCURVE('',#2874,#9251);
#9251 = DEFINITIONAL_REPRESENTATION('',(#9252),#9256);
#9252 = LINE('',#9253,#9254);
#9253 = CARTESIAN_POINT('',(6.28318530718,-0.));
#9254 = VECTOR('',#9255,1.);
#9255 = DIRECTION('',(0.,1.));
#9256 = ( GEOMETRIC_REPRESENTATION_CONTEXT(2) 
PARAMETRIC_REPRESENTATION_CONTEXT() REPRESENTATION_CONTEXT('2D SPACE',''
  ) );
#9257 = PCURVE('',#2874,#9258);
#9258 = DEFINITIONAL_REPRESENTATION('',(#9259),#9263);
#9259 = LINE('',#9260,#9261);
#9260 = CARTESIAN_POINT('',(0.,-0.));
#9261 = VECTOR('',#9262,1.);
#9262 = DIRECTION('',(0.,1.));
#9263 = ( GEOMETRIC_REPRESENTATION_CONTEXT(2) 
PARAMETRIC_REPRESENTATION_CONTEXT() REPRESENTATION_CONTEXT('2D SPACE',''
  ) );
#9264 = ORIENTED_EDGE('',*,*,#2853,.T.);
#9265 = ORIENTED_EDGE('',*,*,#9244,.T.);
#9266 = ADVANCED_FACE('',(#9267),#2909,.F.);
#9267 = FACE_BOUND('',#9268,.F.);
#9268 = EDGE_LOOP('',(#9269,#9270,#9291,#9292));
#9269 = ORIENTED_EDGE('',*,*,#6266,.F.);
#9270 = ORIENTED_EDGE('',*,*,#9271,.F.);
#9271 = EDGE_CURVE('',#2889,#6267,#9272,.T.);
#9272 = SEAM_CURVE('',#9273,(#9277,#9284),.PCURVE_S1.);
#9273 = LINE('',#9274,#9275);
#9274 = CARTESIAN_POINT('',(-12.6,64.,4.));
#9275 = VECTOR('',#9276,1.);
#9276 = DIRECTION('',(0.,0.,-1.));
#9277 = PCURVE('',#2909,#9278);
#9278 = DEFINITIONAL_REPRESENTATION('',(#9279),#9283);
#9279 = LINE('',#9280,#9281);
#9280 = CARTESIAN_POINT('',(6.28318530718,-0.));
#9281 = VECTOR('',#9282,1.);
#9282 = DIRECTION('',(0.,1.));
#9283 = ( GEOMETRIC_REPRESENTATION_CONTEXT(2) 
PARAMETRIC_REPRESENTATION_CONTEXT() REPRESENTATION_CONTEXT('2D SPACE',''
  ) );
#9284 = PCURVE('',#2909,#9285);
#9285 = DEFINITIONAL_REPRESENTATION('',(#9286),#9290);
#9286 = LINE('',#9287,#9288);
#9287 = CARTESIAN_POINT('',(0.,-0.));
#9288 = VECTOR('',#9289,1.);
#9289 = DIRECTION('',(0.,1.));
#9290 = ( GEOMETRIC_REPRESENTATION_CONTEXT(2) 
PARAMETRIC_REPRESENTATION_CONTEXT() REPRESENTATION_CONTEXT('2D SPACE',''
  ) );
#9291 = ORIENTED_EDGE('',*,*,#2888,.T.);
#9292 = ORIENTED_EDGE('',*,*,#9271,.T.);
#9293 = ADVANCED_FACE('',(#9294),#2944,.F.);
#9294 = FACE_BOUND('',#9295,.F.);
#9295 = EDGE_LOOP('',(#9296,#9297,#9318,#9319));
#9296 = ORIENTED_EDGE('',*,*,#6296,.F.);
#9297 = ORIENTED_EDGE('',*,*,#9298,.F.);
#9298 = EDGE_CURVE('',#2924,#6297,#9299,.T.);
#9299 = SEAM_CURVE('',#9300,(#9304,#9311),.PCURVE_S1.);
#9300 = LINE('',#9301,#9302);
#9301 = CARTESIAN_POINT('',(-31.6,75.,4.));
#9302 = VECTOR('',#9303,1.);
#9303 = DIRECTION('',(0.,0.,-1.));
#9304 = PCURVE('',#2944,#9305);
#9305 = DEFINITIONAL_REPRESENTATION('',(#9306),#9310);
#9306 = LINE('',#9307,#9308);
#9307 = CARTESIAN_POINT('',(6.28318530718,-0.));
#9308 = VECTOR('',#9309,1.);
#9309 = DIRECTION('',(0.,1.));
#9310 = ( GEOMETRIC_REPRESENTATION_CONTEXT(2) 
PARAMETRIC_REPRESENTATION_CONTEXT() REPRESENTATION_CONTEXT('2D SPACE',''
  ) );
#9311 = PCURVE('',#2944,#9312);
#9312 = DEFINITIONAL_REPRESENTATION('',(#9313),#9317);
#9313 = LINE('',#9314,#9315);
#9314 = CARTESIAN_POINT('',(0.,-0.));
#9315 = VECTOR('',#9316,1.);
#9316 = DIRECTION('',(0.,1.));
#9317 = ( GEOMETRIC_REPRESENTATION_CONTEXT(2) 
PARAMETRIC_REPRESENTATION_CONTEXT() REPRESENTATION_CONTEXT('2D SPACE',''
  ) );
#9318 = ORIENTED_EDGE('',*,*,#2923,.T.);
#9319 = ORIENTED_EDGE('',*,*,#9298,.T.);
#9320 = ADVANCED_FACE('',(#9321),#2979,.F.);
#9321 = FACE_BOUND('',#9322,.F.);
#9322 = EDGE_LOOP('',(#9323,#9324,#9345,#9346));
#9323 = ORIENTED_EDGE('',*,*,#6326,.F.);
#9324 = ORIENTED_EDGE('',*,*,#9325,.F.);
#9325 = EDGE_CURVE('',#2959,#6327,#9326,.T.);
#9326 = SEAM_CURVE('',#9327,(#9331,#9338),.PCURVE_S1.);
#9327 = LINE('',#9328,#9329);
#9328 = CARTESIAN_POINT('',(-12.6,79.,4.));
#9329 = VECTOR('',#9330,1.);
#9330 = DIRECTION('',(0.,0.,-1.));
#9331 = PCURVE('',#2979,#9332);
#9332 = DEFINITIONAL_REPRESENTATION('',(#9333),#9337);
#9333 = LINE('',#9334,#9335);
#9334 = CARTESIAN_POINT('',(6.28318530718,-0.));
#9335 = VECTOR('',#9336,1.);
#9336 = DIRECTION('',(0.,1.));
#9337 = ( GEOMETRIC_REPRESENTATION_CONTEXT(2) 
PARAMETRIC_REPRESENTATION_CONTEXT() REPRESENTATION_CONTEXT('2D SPACE',''
  ) );
#9338 = PCURVE('',#2979,#9339);
#9339 = DEFINITIONAL_REPRESENTATION('',(#9340),#9344);
#9340 = LINE('',#9341,#9342);
#9341 = CARTESIAN_POINT('',(0.,-0.));
#9342 = VECTOR('',#9343,1.);
#9343 = DIRECTION('',(0.,1.));
#9344 = ( GEOMETRIC_REPRESENTATION_CONTEXT(2) 
PARAMETRIC_REPRESENTATION_CONTEXT() REPRESENTATION_CONTEXT('2D SPACE',''
  ) );
#9345 = ORIENTED_EDGE('',*,*,#2958,.T.);
#9346 = ORIENTED_EDGE('',*,*,#9325,.T.);
#9347 = ADVANCED_FACE('',(#9348),#3014,.F.);
#9348 = FACE_BOUND('',#9349,.F.);
#9349 = EDGE_LOOP('',(#9350,#9351,#9372,#9373));
#9350 = ORIENTED_EDGE('',*,*,#6356,.F.);
#9351 = ORIENTED_EDGE('',*,*,#9352,.F.);
#9352 = EDGE_CURVE('',#2994,#6357,#9353,.T.);
#9353 = SEAM_CURVE('',#9354,(#9358,#9365),.PCURVE_S1.);
#9354 = LINE('',#9355,#9356);
#9355 = CARTESIAN_POINT('',(-12.6,86.,4.));
#9356 = VECTOR('',#9357,1.);
#9357 = DIRECTION('',(0.,0.,-1.));
#9358 = PCURVE('',#3014,#9359);
#9359 = DEFINITIONAL_REPRESENTATION('',(#9360),#9364);
#9360 = LINE('',#9361,#9362);
#9361 = CARTESIAN_POINT('',(6.28318530718,-0.));
#9362 = VECTOR('',#9363,1.);
#9363 = DIRECTION('',(0.,1.));
#9364 = ( GEOMETRIC_REPRESENTATION_CONTEXT(2) 
PARAMETRIC_REPRESENTATION_CONTEXT() REPRESENTATION_CONTEXT('2D SPACE',''
  ) );
#9365 = PCURVE('',#3014,#9366);
#9366 = DEFINITIONAL_REPRESENTATION('',(#9367),#9371);
#9367 = LINE('',#9368,#9369);
#9368 = CARTESIAN_POINT('',(0.,-0.));
#9369 = VECTOR('',#9370,1.);
#9370 = DIRECTION('',(0.,1.));
#9371 = ( GEOMETRIC_REPRESENTATION_CONTEXT(2) 
PARAMETRIC_REPRESENTATION_CONTEXT() REPRESENTATION_CONTEXT('2D SPACE',''
  ) );
#9372 = ORIENTED_EDGE('',*,*,#2993,.T.);
#9373 = ORIENTED_EDGE('',*,*,#9352,.T.);
#9374 = ADVANCED_FACE('',(#9375),#3049,.F.);
#9375 = FACE_BOUND('',#9376,.F.);
#9376 = EDGE_LOOP('',(#9377,#9378,#9399,#9400));
#9377 = ORIENTED_EDGE('',*,*,#6386,.F.);
#9378 = ORIENTED_EDGE('',*,*,#9379,.F.);
#9379 = EDGE_CURVE('',#3029,#6387,#9380,.T.);
#9380 = SEAM_CURVE('',#9381,(#9385,#9392),.PCURVE_S1.);
#9381 = LINE('',#9382,#9383);
#9382 = CARTESIAN_POINT('',(-1.6,15.,4.));
#9383 = VECTOR('',#9384,1.);
#9384 = DIRECTION('',(0.,0.,-1.));
#9385 = PCURVE('',#3049,#9386);
#9386 = DEFINITIONAL_REPRESENTATION('',(#9387),#9391);
#9387 = LINE('',#9388,#9389);
#9388 = CARTESIAN_POINT('',(6.28318530718,-0.));
#9389 = VECTOR('',#9390,1.);
#9390 = DIRECTION('',(0.,1.));
#9391 = ( GEOMETRIC_REPRESENTATION_CONTEXT(2) 
PARAMETRIC_REPRESENTATION_CONTEXT() REPRESENTATION_CONTEXT('2D SPACE',''
  ) );
#9392 = PCURVE('',#3049,#9393);
#9393 = DEFINITIONAL_REPRESENTATION('',(#9394),#9398);
#9394 = LINE('',#9395,#9396);
#9395 = CARTESIAN_POINT('',(0.,-0.));
#9396 = VECTOR('',#9397,1.);
#9397 = DIRECTION('',(0.,1.));
#9398 = ( GEOMETRIC_REPRESENTATION_CONTEXT(2) 
PARAMETRIC_REPRESENTATION_CONTEXT() REPRESENTATION_CONTEXT('2D SPACE',''
  ) );
#9399 = ORIENTED_EDGE('',*,*,#3028,.T.);
#9400 = ORIENTED_EDGE('',*,*,#9379,.T.);
#9401 = ADVANCED_FACE('',(#9402),#3084,.F.);
#9402 = FACE_BOUND('',#9403,.F.);
#9403 = EDGE_LOOP('',(#9404,#9405,#9426,#9427));
#9404 = ORIENTED_EDGE('',*,*,#6416,.F.);
#9405 = ORIENTED_EDGE('',*,*,#9406,.F.);
#9406 = EDGE_CURVE('',#3064,#6417,#9407,.T.);
#9407 = SEAM_CURVE('',#9408,(#9412,#9419),.PCURVE_S1.);
#9408 = LINE('',#9409,#9410);
#9409 = CARTESIAN_POINT('',(13.4,15.,4.));
#9410 = VECTOR('',#9411,1.);
#9411 = DIRECTION('',(0.,0.,-1.));
#9412 = PCURVE('',#3084,#9413);
#9413 = DEFINITIONAL_REPRESENTATION('',(#9414),#9418);
#9414 = LINE('',#9415,#9416);
#9415 = CARTESIAN_POINT('',(6.28318530718,-0.));
#9416 = VECTOR('',#9417,1.);
#9417 = DIRECTION('',(0.,1.));
#9418 = ( GEOMETRIC_REPRESENTATION_CONTEXT(2) 
PARAMETRIC_REPRESENTATION_CONTEXT() REPRESENTATION_CONTEXT('2D SPACE',''
  ) );
#9419 = PCURVE('',#3084,#9420);
#9420 = DEFINITIONAL_REPRESENTATION('',(#9421),#9425);
#9421 = LINE('',#9422,#9423);
#9422 = CARTESIAN_POINT('',(0.,-0.));
#9423 = VECTOR('',#9424,1.);
#9424 = DIRECTION('',(0.,1.));
#9425 = ( GEOMETRIC_REPRESENTATION_CONTEXT(2) 
PARAMETRIC_REPRESENTATION_CONTEXT() REPRESENTATION_CONTEXT('2D SPACE',''
  ) );
#9426 = ORIENTED_EDGE('',*,*,#3063,.T.);
#9427 = ORIENTED_EDGE('',*,*,#9406,.T.);
#9428 = ADVANCED_FACE('',(#9429),#3119,.F.);
#9429 = FACE_BOUND('',#9430,.F.);
#9430 = EDGE_LOOP('',(#9431,#9432,#9453,#9454));
#9431 = ORIENTED_EDGE('',*,*,#6446,.F.);
#9432 = ORIENTED_EDGE('',*,*,#9433,.F.);
#9433 = EDGE_CURVE('',#3099,#6447,#9434,.T.);
#9434 = SEAM_CURVE('',#9435,(#9439,#9446),.PCURVE_S1.);
#9435 = LINE('',#9436,#9437);
#9436 = CARTESIAN_POINT('',(28.4,15.,4.));
#9437 = VECTOR('',#9438,1.);
#9438 = DIRECTION('',(0.,0.,-1.));
#9439 = PCURVE('',#3119,#9440);
#9440 = DEFINITIONAL_REPRESENTATION('',(#9441),#9445);
#9441 = LINE('',#9442,#9443);
#9442 = CARTESIAN_POINT('',(6.28318530718,-0.));
#9443 = VECTOR('',#9444,1.);
#9444 = DIRECTION('',(0.,1.));
#9445 = ( GEOMETRIC_REPRESENTATION_CONTEXT(2) 
PARAMETRIC_REPRESENTATION_CONTEXT() REPRESENTATION_CONTEXT('2D SPACE',''
  ) );
#9446 = PCURVE('',#3119,#9447);
#9447 = DEFINITIONAL_REPRESENTATION('',(#9448),#9452);
#9448 = LINE('',#9449,#9450);
#9449 = CARTESIAN_POINT('',(0.,-0.));
#9450 = VECTOR('',#9451,1.);
#9451 = DIRECTION('',(0.,1.));
#9452 = ( GEOMETRIC_REPRESENTATION_CONTEXT(2) 
PARAMETRIC_REPRESENTATION_CONTEXT() REPRESENTATION_CONTEXT('2D SPACE',''
  ) );
#9453 = ORIENTED_EDGE('',*,*,#3098,.T.);
#9454 = ORIENTED_EDGE('',*,*,#9433,.T.);
#9455 = ADVANCED_FACE('',(#9456),#3150,.T.);
#9456 = FACE_BOUND('',#9457,.T.);
#9457 = EDGE_LOOP('',(#9458,#9459,#9480,#9481));
#9458 = ORIENTED_EDGE('',*,*,#6476,.T.);
#9459 = ORIENTED_EDGE('',*,*,#9460,.T.);
#9460 = EDGE_CURVE('',#6479,#3136,#9461,.T.);
#9461 = SURFACE_CURVE('',#9462,(#9466,#9473),.PCURVE_S1.);
#9462 = LINE('',#9463,#9464);
#9463 = CARTESIAN_POINT('',(13.,27.,-176.0000002));
#9464 = VECTOR('',#9465,1.);
#9465 = DIRECTION('',(0.,0.,1.));
#9466 = PCURVE('',#3150,#9467);
#9467 = DEFINITIONAL_REPRESENTATION('',(#9468),#9472);
#9468 = LINE('',#9469,#9470);
#9469 = CARTESIAN_POINT('',(0.,0.));
#9470 = VECTOR('',#9471,1.);
#9471 = DIRECTION('',(0.,-1.));
#9472 = ( GEOMETRIC_REPRESENTATION_CONTEXT(2) 
PARAMETRIC_REPRESENTATION_CONTEXT() REPRESENTATION_CONTEXT('2D SPACE',''
  ) );
#9473 = PCURVE('',#3176,#9474);
#9474 = DEFINITIONAL_REPRESENTATION('',(#9475),#9479);
#9475 = LINE('',#9476,#9477);
#9476 = CARTESIAN_POINT('',(26.,0.));
#9477 = VECTOR('',#9478,1.);
#9478 = DIRECTION('',(0.,-1.));
#9479 = ( GEOMETRIC_REPRESENTATION_CONTEXT(2) 
PARAMETRIC_REPRESENTATION_CONTEXT() REPRESENTATION_CONTEXT('2D SPACE',''
  ) );
#9480 = ORIENTED_EDGE('',*,*,#3133,.F.);
#9481 = ORIENTED_EDGE('',*,*,#9482,.F.);
#9482 = EDGE_CURVE('',#6477,#3134,#9483,.T.);
#9483 = SURFACE_CURVE('',#9484,(#9488,#9495),.PCURVE_S1.);
#9484 = LINE('',#9485,#9486);
#9485 = CARTESIAN_POINT('',(13.,53.,-176.0000002));
#9486 = VECTOR('',#9487,1.);
#9487 = DIRECTION('',(0.,0.,1.));
#9488 = PCURVE('',#3150,#9489);
#9489 = DEFINITIONAL_REPRESENTATION('',(#9490),#9494);
#9490 = LINE('',#9491,#9492);
#9491 = CARTESIAN_POINT('',(26.,0.));
#9492 = VECTOR('',#9493,1.);
#9493 = DIRECTION('',(0.,-1.));
#9494 = ( GEOMETRIC_REPRESENTATION_CONTEXT(2) 
PARAMETRIC_REPRESENTATION_CONTEXT() REPRESENTATION_CONTEXT('2D SPACE',''
  ) );
#9495 = PCURVE('',#3226,#9496);
#9496 = DEFINITIONAL_REPRESENTATION('',(#9497),#9501);
#9497 = LINE('',#9498,#9499);
#9498 = CARTESIAN_POINT('',(0.,-0.));
#9499 = VECTOR('',#9500,1.);
#9500 = DIRECTION('',(0.,-1.));
#9501 = ( GEOMETRIC_REPRESENTATION_CONTEXT(2) 
PARAMETRIC_REPRESENTATION_CONTEXT() REPRESENTATION_CONTEXT('2D SPACE',''
  ) );
#9502 = ADVANCED_FACE('',(#9503),#3226,.T.);
#9503 = FACE_BOUND('',#9504,.T.);
#9504 = EDGE_LOOP('',(#9505,#9506,#9507,#9508));
#9505 = ORIENTED_EDGE('',*,*,#6541,.T.);
#9506 = ORIENTED_EDGE('',*,*,#9482,.T.);
#9507 = ORIENTED_EDGE('',*,*,#3213,.F.);
#9508 = ORIENTED_EDGE('',*,*,#9509,.F.);
#9509 = EDGE_CURVE('',#6521,#3188,#9510,.T.);
#9510 = SURFACE_CURVE('',#9511,(#9515,#9522),.PCURVE_S1.);
#9511 = LINE('',#9512,#9513);
#9512 = CARTESIAN_POINT('',(-13.,53.,-176.0000002));
#9513 = VECTOR('',#9514,1.);
#9514 = DIRECTION('',(0.,0.,1.));
#9515 = PCURVE('',#3226,#9516);
#9516 = DEFINITIONAL_REPRESENTATION('',(#9517),#9521);
#9517 = LINE('',#9518,#9519);
#9518 = CARTESIAN_POINT('',(26.,0.));
#9519 = VECTOR('',#9520,1.);
#9520 = DIRECTION('',(0.,-1.));
#9521 = ( GEOMETRIC_REPRESENTATION_CONTEXT(2) 
PARAMETRIC_REPRESENTATION_CONTEXT() REPRESENTATION_CONTEXT('2D SPACE',''
  ) );
#9522 = PCURVE('',#3202,#9523);
#9523 = DEFINITIONAL_REPRESENTATION('',(#9524),#9528);
#9524 = LINE('',#9525,#9526);
#9525 = CARTESIAN_POINT('',(0.,0.));
#9526 = VECTOR('',#9527,1.);
#9527 = DIRECTION('',(0.,-1.));
#9528 = ( GEOMETRIC_REPRESENTATION_CONTEXT(2) 
PARAMETRIC_REPRESENTATION_CONTEXT() REPRESENTATION_CONTEXT('2D SPACE',''
  ) );
#9529 = ADVANCED_FACE('',(#9530),#3176,.T.);
#9530 = FACE_BOUND('',#9531,.T.);
#9531 = EDGE_LOOP('',(#9532,#9533,#9554,#9555));
#9532 = ORIENTED_EDGE('',*,*,#6499,.T.);
#9533 = ORIENTED_EDGE('',*,*,#9534,.T.);
#9534 = EDGE_CURVE('',#6500,#3162,#9535,.T.);
#9535 = SURFACE_CURVE('',#9536,(#9540,#9547),.PCURVE_S1.);
#9536 = LINE('',#9537,#9538);
#9537 = CARTESIAN_POINT('',(-13.,27.,-176.0000002));
#9538 = VECTOR('',#9539,1.);
#9539 = DIRECTION('',(0.,0.,1.));
#9540 = PCURVE('',#3176,#9541);
#9541 = DEFINITIONAL_REPRESENTATION('',(#9542),#9546);
#9542 = LINE('',#9543,#9544);
#9543 = CARTESIAN_POINT('',(0.,0.));
#9544 = VECTOR('',#9545,1.);
#9545 = DIRECTION('',(0.,-1.));
#9546 = ( GEOMETRIC_REPRESENTATION_CONTEXT(2) 
PARAMETRIC_REPRESENTATION_CONTEXT() REPRESENTATION_CONTEXT('2D SPACE',''
  ) );
#9547 = PCURVE('',#3202,#9548);
#9548 = DEFINITIONAL_REPRESENTATION('',(#9549),#9553);
#9549 = LINE('',#9550,#9551);
#9550 = CARTESIAN_POINT('',(26.,0.));
#9551 = VECTOR('',#9552,1.);
#9552 = DIRECTION('',(0.,-1.));
#9553 = ( GEOMETRIC_REPRESENTATION_CONTEXT(2) 
PARAMETRIC_REPRESENTATION_CONTEXT() REPRESENTATION_CONTEXT('2D SPACE',''
  ) );
#9554 = ORIENTED_EDGE('',*,*,#3161,.F.);
#9555 = ORIENTED_EDGE('',*,*,#9460,.F.);
#9556 = ADVANCED_FACE('',(#9557),#3202,.T.);
#9557 = FACE_BOUND('',#9558,.T.);
#9558 = EDGE_LOOP('',(#9559,#9560,#9561,#9562));
#9559 = ORIENTED_EDGE('',*,*,#6520,.T.);
#9560 = ORIENTED_EDGE('',*,*,#9509,.T.);
#9561 = ORIENTED_EDGE('',*,*,#3187,.F.);
#9562 = ORIENTED_EDGE('',*,*,#9534,.F.);
#9563 = ADVANCED_FACE('',(#9564),#3260,.F.);
#9564 = FACE_BOUND('',#9565,.F.);
#9565 = EDGE_LOOP('',(#9566,#9567,#9588,#9589));
#9566 = ORIENTED_EDGE('',*,*,#6562,.F.);
#9567 = ORIENTED_EDGE('',*,*,#9568,.F.);
#9568 = EDGE_CURVE('',#3240,#6563,#9569,.T.);
#9569 = SEAM_CURVE('',#9570,(#9574,#9581),.PCURVE_S1.);
#9570 = LINE('',#9571,#9572);
#9571 = CARTESIAN_POINT('',(28.4,30.,4.));
#9572 = VECTOR('',#9573,1.);
#9573 = DIRECTION('',(0.,0.,-1.));
#9574 = PCURVE('',#3260,#9575);
#9575 = DEFINITIONAL_REPRESENTATION('',(#9576),#9580);
#9576 = LINE('',#9577,#9578);
#9577 = CARTESIAN_POINT('',(6.28318530718,-0.));
#9578 = VECTOR('',#9579,1.);
#9579 = DIRECTION('',(0.,1.));
#9580 = ( GEOMETRIC_REPRESENTATION_CONTEXT(2) 
PARAMETRIC_REPRESENTATION_CONTEXT() REPRESENTATION_CONTEXT('2D SPACE',''
  ) );
#9581 = PCURVE('',#3260,#9582);
#9582 = DEFINITIONAL_REPRESENTATION('',(#9583),#9587);
#9583 = LINE('',#9584,#9585);
#9584 = CARTESIAN_POINT('',(0.,-0.));
#9585 = VECTOR('',#9586,1.);
#9586 = DIRECTION('',(0.,1.));
#9587 = ( GEOMETRIC_REPRESENTATION_CONTEXT(2) 
PARAMETRIC_REPRESENTATION_CONTEXT() REPRESENTATION_CONTEXT('2D SPACE',''
  ) );
#9588 = ORIENTED_EDGE('',*,*,#3239,.T.);
#9589 = ORIENTED_EDGE('',*,*,#9568,.T.);
#9590 = ADVANCED_FACE('',(#9591),#3295,.F.);
#9591 = FACE_BOUND('',#9592,.F.);
#9592 = EDGE_LOOP('',(#9593,#9594,#9615,#9616));
#9593 = ORIENTED_EDGE('',*,*,#6592,.F.);
#9594 = ORIENTED_EDGE('',*,*,#9595,.F.);
#9595 = EDGE_CURVE('',#3275,#6593,#9596,.T.);
#9596 = SEAM_CURVE('',#9597,(#9601,#9608),.PCURVE_S1.);
#9597 = LINE('',#9598,#9599);
#9598 = CARTESIAN_POINT('',(28.4,45.,4.));
#9599 = VECTOR('',#9600,1.);
#9600 = DIRECTION('',(0.,0.,-1.));
#9601 = PCURVE('',#3295,#9602);
#9602 = DEFINITIONAL_REPRESENTATION('',(#9603),#9607);
#9603 = LINE('',#9604,#9605);
#9604 = CARTESIAN_POINT('',(6.28318530718,-0.));
#9605 = VECTOR('',#9606,1.);
#9606 = DIRECTION('',(0.,1.));
#9607 = ( GEOMETRIC_REPRESENTATION_CONTEXT(2) 
PARAMETRIC_REPRESENTATION_CONTEXT() REPRESENTATION_CONTEXT('2D SPACE',''
  ) );
#9608 = PCURVE('',#3295,#9609);
#9609 = DEFINITIONAL_REPRESENTATION('',(#9610),#9614);
#9610 = LINE('',#9611,#9612);
#9611 = CARTESIAN_POINT('',(0.,-0.));
#9612 = VECTOR('',#9613,1.);
#9613 = DIRECTION('',(0.,1.));
#9614 = ( GEOMETRIC_REPRESENTATION_CONTEXT(2) 
PARAMETRIC_REPRESENTATION_CONTEXT() REPRESENTATION_CONTEXT('2D SPACE',''
  ) );
#9615 = ORIENTED_EDGE('',*,*,#3274,.T.);
#9616 = ORIENTED_EDGE('',*,*,#9595,.T.);
#9617 = ADVANCED_FACE('',(#9618),#3330,.F.);
#9618 = FACE_BOUND('',#9619,.F.);
#9619 = EDGE_LOOP('',(#9620,#9621,#9642,#9643));
#9620 = ORIENTED_EDGE('',*,*,#6622,.F.);
#9621 = ORIENTED_EDGE('',*,*,#9622,.F.);
#9622 = EDGE_CURVE('',#3310,#6623,#9623,.T.);
#9623 = SEAM_CURVE('',#9624,(#9628,#9635),.PCURVE_S1.);
#9624 = LINE('',#9625,#9626);
#9625 = CARTESIAN_POINT('',(43.4,15.,4.));
#9626 = VECTOR('',#9627,1.);
#9627 = DIRECTION('',(0.,0.,-1.));
#9628 = PCURVE('',#3330,#9629);
#9629 = DEFINITIONAL_REPRESENTATION('',(#9630),#9634);
#9630 = LINE('',#9631,#9632);
#9631 = CARTESIAN_POINT('',(6.28318530718,-0.));
#9632 = VECTOR('',#9633,1.);
#9633 = DIRECTION('',(0.,1.));
#9634 = ( GEOMETRIC_REPRESENTATION_CONTEXT(2) 
PARAMETRIC_REPRESENTATION_CONTEXT() REPRESENTATION_CONTEXT('2D SPACE',''
  ) );
#9635 = PCURVE('',#3330,#9636);
#9636 = DEFINITIONAL_REPRESENTATION('',(#9637),#9641);
#9637 = LINE('',#9638,#9639);
#9638 = CARTESIAN_POINT('',(0.,-0.));
#9639 = VECTOR('',#9640,1.);
#9640 = DIRECTION('',(0.,1.));
#9641 = ( GEOMETRIC_REPRESENTATION_CONTEXT(2) 
PARAMETRIC_REPRESENTATION_CONTEXT() REPRESENTATION_CONTEXT('2D SPACE',''
  ) );
#9642 = ORIENTED_EDGE('',*,*,#3309,.T.);
#9643 = ORIENTED_EDGE('',*,*,#9622,.T.);
#9644 = ADVANCED_FACE('',(#9645),#3365,.F.);
#9645 = FACE_BOUND('',#9646,.F.);
#9646 = EDGE_LOOP('',(#9647,#9648,#9669,#9670));
#9647 = ORIENTED_EDGE('',*,*,#6652,.F.);
#9648 = ORIENTED_EDGE('',*,*,#9649,.F.);
#9649 = EDGE_CURVE('',#3345,#6653,#9650,.T.);
#9650 = SEAM_CURVE('',#9651,(#9655,#9662),.PCURVE_S1.);
#9651 = LINE('',#9652,#9653);
#9652 = CARTESIAN_POINT('',(58.4,15.,4.));
#9653 = VECTOR('',#9654,1.);
#9654 = DIRECTION('',(0.,0.,-1.));
#9655 = PCURVE('',#3365,#9656);
#9656 = DEFINITIONAL_REPRESENTATION('',(#9657),#9661);
#9657 = LINE('',#9658,#9659);
#9658 = CARTESIAN_POINT('',(6.28318530718,-0.));
#9659 = VECTOR('',#9660,1.);
#9660 = DIRECTION('',(0.,1.));
#9661 = ( GEOMETRIC_REPRESENTATION_CONTEXT(2) 
PARAMETRIC_REPRESENTATION_CONTEXT() REPRESENTATION_CONTEXT('2D SPACE',''
  ) );
#9662 = PCURVE('',#3365,#9663);
#9663 = DEFINITIONAL_REPRESENTATION('',(#9664),#9668);
#9664 = LINE('',#9665,#9666);
#9665 = CARTESIAN_POINT('',(0.,-0.));
#9666 = VECTOR('',#9667,1.);
#9667 = DIRECTION('',(0.,1.));
#9668 = ( GEOMETRIC_REPRESENTATION_CONTEXT(2) 
PARAMETRIC_REPRESENTATION_CONTEXT() REPRESENTATION_CONTEXT('2D SPACE',''
  ) );
#9669 = ORIENTED_EDGE('',*,*,#3344,.T.);
#9670 = ORIENTED_EDGE('',*,*,#9649,.T.);
#9671 = ADVANCED_FACE('',(#9672),#3400,.F.);
#9672 = FACE_BOUND('',#9673,.F.);
#9673 = EDGE_LOOP('',(#9674,#9675,#9696,#9697));
#9674 = ORIENTED_EDGE('',*,*,#6682,.F.);
#9675 = ORIENTED_EDGE('',*,*,#9676,.F.);
#9676 = EDGE_CURVE('',#3380,#6683,#9677,.T.);
#9677 = SEAM_CURVE('',#9678,(#9682,#9689),.PCURVE_S1.);
#9678 = LINE('',#9679,#9680);
#9679 = CARTESIAN_POINT('',(64.4,11.,4.));
#9680 = VECTOR('',#9681,1.);
#9681 = DIRECTION('',(0.,0.,-1.));
#9682 = PCURVE('',#3400,#9683);
#9683 = DEFINITIONAL_REPRESENTATION('',(#9684),#9688);
#9684 = LINE('',#9685,#9686);
#9685 = CARTESIAN_POINT('',(6.28318530718,-0.));
#9686 = VECTOR('',#9687,1.);
#9687 = DIRECTION('',(0.,1.));
#9688 = ( GEOMETRIC_REPRESENTATION_CONTEXT(2) 
PARAMETRIC_REPRESENTATION_CONTEXT() REPRESENTATION_CONTEXT('2D SPACE',''
  ) );
#9689 = PCURVE('',#3400,#9690);
#9690 = DEFINITIONAL_REPRESENTATION('',(#9691),#9695);
#9691 = LINE('',#9692,#9693);
#9692 = CARTESIAN_POINT('',(0.,-0.));
#9693 = VECTOR('',#9694,1.);
#9694 = DIRECTION('',(0.,1.));
#9695 = ( GEOMETRIC_REPRESENTATION_CONTEXT(2) 
PARAMETRIC_REPRESENTATION_CONTEXT() REPRESENTATION_CONTEXT('2D SPACE',''
  ) );
#9696 = ORIENTED_EDGE('',*,*,#3379,.T.);
#9697 = ORIENTED_EDGE('',*,*,#9676,.T.);
#9698 = ADVANCED_FACE('',(#9699),#3435,.F.);
#9699 = FACE_BOUND('',#9700,.F.);
#9700 = EDGE_LOOP('',(#9701,#9702,#9723,#9724));
#9701 = ORIENTED_EDGE('',*,*,#6712,.F.);
#9702 = ORIENTED_EDGE('',*,*,#9703,.F.);
#9703 = EDGE_CURVE('',#3415,#6713,#9704,.T.);
#9704 = SEAM_CURVE('',#9705,(#9709,#9716),.PCURVE_S1.);
#9705 = LINE('',#9706,#9707);
#9706 = CARTESIAN_POINT('',(43.4,30.,4.));
#9707 = VECTOR('',#9708,1.);
#9708 = DIRECTION('',(0.,0.,-1.));
#9709 = PCURVE('',#3435,#9710);
#9710 = DEFINITIONAL_REPRESENTATION('',(#9711),#9715);
#9711 = LINE('',#9712,#9713);
#9712 = CARTESIAN_POINT('',(6.28318530718,-0.));
#9713 = VECTOR('',#9714,1.);
#9714 = DIRECTION('',(0.,1.));
#9715 = ( GEOMETRIC_REPRESENTATION_CONTEXT(2) 
PARAMETRIC_REPRESENTATION_CONTEXT() REPRESENTATION_CONTEXT('2D SPACE',''
  ) );
#9716 = PCURVE('',#3435,#9717);
#9717 = DEFINITIONAL_REPRESENTATION('',(#9718),#9722);
#9718 = LINE('',#9719,#9720);
#9719 = CARTESIAN_POINT('',(0.,-0.));
#9720 = VECTOR('',#9721,1.);
#9721 = DIRECTION('',(0.,1.));
#9722 = ( GEOMETRIC_REPRESENTATION_CONTEXT(2) 
PARAMETRIC_REPRESENTATION_CONTEXT() REPRESENTATION_CONTEXT('2D SPACE',''
  ) );
#9723 = ORIENTED_EDGE('',*,*,#3414,.T.);
#9724 = ORIENTED_EDGE('',*,*,#9703,.T.);
#9725 = ADVANCED_FACE('',(#9726),#3470,.F.);
#9726 = FACE_BOUND('',#9727,.F.);
#9727 = EDGE_LOOP('',(#9728,#9729,#9750,#9751));
#9728 = ORIENTED_EDGE('',*,*,#6742,.F.);
#9729 = ORIENTED_EDGE('',*,*,#9730,.F.);
#9730 = EDGE_CURVE('',#3450,#6743,#9731,.T.);
#9731 = SEAM_CURVE('',#9732,(#9736,#9743),.PCURVE_S1.);
#9732 = LINE('',#9733,#9734);
#9733 = CARTESIAN_POINT('',(43.4,45.,4.));
#9734 = VECTOR('',#9735,1.);
#9735 = DIRECTION('',(0.,0.,-1.));
#9736 = PCURVE('',#3470,#9737);
#9737 = DEFINITIONAL_REPRESENTATION('',(#9738),#9742);
#9738 = LINE('',#9739,#9740);
#9739 = CARTESIAN_POINT('',(6.28318530718,-0.));
#9740 = VECTOR('',#9741,1.);
#9741 = DIRECTION('',(0.,1.));
#9742 = ( GEOMETRIC_REPRESENTATION_CONTEXT(2) 
PARAMETRIC_REPRESENTATION_CONTEXT() REPRESENTATION_CONTEXT('2D SPACE',''
  ) );
#9743 = PCURVE('',#3470,#9744);
#9744 = DEFINITIONAL_REPRESENTATION('',(#9745),#9749);
#9745 = LINE('',#9746,#9747);
#9746 = CARTESIAN_POINT('',(0.,-0.));
#9747 = VECTOR('',#9748,1.);
#9748 = DIRECTION('',(0.,1.));
#9749 = ( GEOMETRIC_REPRESENTATION_CONTEXT(2) 
PARAMETRIC_REPRESENTATION_CONTEXT() REPRESENTATION_CONTEXT('2D SPACE',''
  ) );
#9750 = ORIENTED_EDGE('',*,*,#3449,.T.);
#9751 = ORIENTED_EDGE('',*,*,#9730,.T.);
#9752 = ADVANCED_FACE('',(#9753),#3505,.F.);
#9753 = FACE_BOUND('',#9754,.F.);
#9754 = EDGE_LOOP('',(#9755,#9756,#9777,#9778));
#9755 = ORIENTED_EDGE('',*,*,#6772,.F.);
#9756 = ORIENTED_EDGE('',*,*,#9757,.F.);
#9757 = EDGE_CURVE('',#3485,#6773,#9758,.T.);
#9758 = SEAM_CURVE('',#9759,(#9763,#9770),.PCURVE_S1.);
#9759 = LINE('',#9760,#9761);
#9760 = CARTESIAN_POINT('',(58.4,30.,4.));
#9761 = VECTOR('',#9762,1.);
#9762 = DIRECTION('',(0.,0.,-1.));
#9763 = PCURVE('',#3505,#9764);
#9764 = DEFINITIONAL_REPRESENTATION('',(#9765),#9769);
#9765 = LINE('',#9766,#9767);
#9766 = CARTESIAN_POINT('',(6.28318530718,-0.));
#9767 = VECTOR('',#9768,1.);
#9768 = DIRECTION('',(0.,1.));
#9769 = ( GEOMETRIC_REPRESENTATION_CONTEXT(2) 
PARAMETRIC_REPRESENTATION_CONTEXT() REPRESENTATION_CONTEXT('2D SPACE',''
  ) );
#9770 = PCURVE('',#3505,#9771);
#9771 = DEFINITIONAL_REPRESENTATION('',(#9772),#9776);
#9772 = LINE('',#9773,#9774);
#9773 = CARTESIAN_POINT('',(0.,-0.));
#9774 = VECTOR('',#9775,1.);
#9775 = DIRECTION('',(0.,1.));
#9776 = ( GEOMETRIC_REPRESENTATION_CONTEXT(2) 
PARAMETRIC_REPRESENTATION_CONTEXT() REPRESENTATION_CONTEXT('2D SPACE',''
  ) );
#9777 = ORIENTED_EDGE('',*,*,#3484,.T.);
#9778 = ORIENTED_EDGE('',*,*,#9757,.T.);
#9779 = ADVANCED_FACE('',(#9780),#3540,.F.);
#9780 = FACE_BOUND('',#9781,.F.);
#9781 = EDGE_LOOP('',(#9782,#9783,#9804,#9805));
#9782 = ORIENTED_EDGE('',*,*,#6802,.F.);
#9783 = ORIENTED_EDGE('',*,*,#9784,.F.);
#9784 = EDGE_CURVE('',#3520,#6803,#9785,.T.);
#9785 = SEAM_CURVE('',#9786,(#9790,#9797),.PCURVE_S1.);
#9786 = LINE('',#9787,#9788);
#9787 = CARTESIAN_POINT('',(58.4,45.,4.));
#9788 = VECTOR('',#9789,1.);
#9789 = DIRECTION('',(0.,0.,-1.));
#9790 = PCURVE('',#3540,#9791);
#9791 = DEFINITIONAL_REPRESENTATION('',(#9792),#9796);
#9792 = LINE('',#9793,#9794);
#9793 = CARTESIAN_POINT('',(6.28318530718,-0.));
#9794 = VECTOR('',#9795,1.);
#9795 = DIRECTION('',(0.,1.));
#9796 = ( GEOMETRIC_REPRESENTATION_CONTEXT(2) 
PARAMETRIC_REPRESENTATION_CONTEXT() REPRESENTATION_CONTEXT('2D SPACE',''
  ) );
#9797 = PCURVE('',#3540,#9798);
#9798 = DEFINITIONAL_REPRESENTATION('',(#9799),#9803);
#9799 = LINE('',#9800,#9801);
#9800 = CARTESIAN_POINT('',(0.,-0.));
#9801 = VECTOR('',#9802,1.);
#9802 = DIRECTION('',(0.,1.));
#9803 = ( GEOMETRIC_REPRESENTATION_CONTEXT(2) 
PARAMETRIC_REPRESENTATION_CONTEXT() REPRESENTATION_CONTEXT('2D SPACE',''
  ) );
#9804 = ORIENTED_EDGE('',*,*,#3519,.T.);
#9805 = ORIENTED_EDGE('',*,*,#9784,.T.);
#9806 = ADVANCED_FACE('',(#9807),#3575,.F.);
#9807 = FACE_BOUND('',#9808,.F.);
#9808 = EDGE_LOOP('',(#9809,#9810,#9831,#9832));
#9809 = ORIENTED_EDGE('',*,*,#6832,.F.);
#9810 = ORIENTED_EDGE('',*,*,#9811,.F.);
#9811 = EDGE_CURVE('',#3555,#6833,#9812,.T.);
#9812 = SEAM_CURVE('',#9813,(#9817,#9824),.PCURVE_S1.);
#9813 = LINE('',#9814,#9815);
#9814 = CARTESIAN_POINT('',(9.4,64.,4.));
#9815 = VECTOR('',#9816,1.);
#9816 = DIRECTION('',(0.,0.,-1.));
#9817 = PCURVE('',#3575,#9818);
#9818 = DEFINITIONAL_REPRESENTATION('',(#9819),#9823);
#9819 = LINE('',#9820,#9821);
#9820 = CARTESIAN_POINT('',(6.28318530718,-0.));
#9821 = VECTOR('',#9822,1.);
#9822 = DIRECTION('',(0.,1.));
#9823 = ( GEOMETRIC_REPRESENTATION_CONTEXT(2) 
PARAMETRIC_REPRESENTATION_CONTEXT() REPRESENTATION_CONTEXT('2D SPACE',''
  ) );
#9824 = PCURVE('',#3575,#9825);
#9825 = DEFINITIONAL_REPRESENTATION('',(#9826),#9830);
#9826 = LINE('',#9827,#9828);
#9827 = CARTESIAN_POINT('',(0.,-0.));
#9828 = VECTOR('',#9829,1.);
#9829 = DIRECTION('',(0.,1.));
#9830 = ( GEOMETRIC_REPRESENTATION_CONTEXT(2) 
PARAMETRIC_REPRESENTATION_CONTEXT() REPRESENTATION_CONTEXT('2D SPACE',''
  ) );
#9831 = ORIENTED_EDGE('',*,*,#3554,.T.);
#9832 = ORIENTED_EDGE('',*,*,#9811,.T.);
#9833 = ADVANCED_FACE('',(#9834),#3610,.F.);
#9834 = FACE_BOUND('',#9835,.F.);
#9835 = EDGE_LOOP('',(#9836,#9837,#9858,#9859));
#9836 = ORIENTED_EDGE('',*,*,#6862,.F.);
#9837 = ORIENTED_EDGE('',*,*,#9838,.F.);
#9838 = EDGE_CURVE('',#3590,#6863,#9839,.T.);
#9839 = SEAM_CURVE('',#9840,(#9844,#9851),.PCURVE_S1.);
#9840 = LINE('',#9841,#9842);
#9841 = CARTESIAN_POINT('',(28.4,60.,4.));
#9842 = VECTOR('',#9843,1.);
#9843 = DIRECTION('',(0.,0.,-1.));
#9844 = PCURVE('',#3610,#9845);
#9845 = DEFINITIONAL_REPRESENTATION('',(#9846),#9850);
#9846 = LINE('',#9847,#9848);
#9847 = CARTESIAN_POINT('',(6.28318530718,-0.));
#9848 = VECTOR('',#9849,1.);
#9849 = DIRECTION('',(0.,1.));
#9850 = ( GEOMETRIC_REPRESENTATION_CONTEXT(2) 
PARAMETRIC_REPRESENTATION_CONTEXT() REPRESENTATION_CONTEXT('2D SPACE',''
  ) );
#9851 = PCURVE('',#3610,#9852);
#9852 = DEFINITIONAL_REPRESENTATION('',(#9853),#9857);
#9853 = LINE('',#9854,#9855);
#9854 = CARTESIAN_POINT('',(0.,-0.));
#9855 = VECTOR('',#9856,1.);
#9856 = DIRECTION('',(0.,1.));
#9857 = ( GEOMETRIC_REPRESENTATION_CONTEXT(2) 
PARAMETRIC_REPRESENTATION_CONTEXT() REPRESENTATION_CONTEXT('2D SPACE',''
  ) );
#9858 = ORIENTED_EDGE('',*,*,#3589,.T.);
#9859 = ORIENTED_EDGE('',*,*,#9838,.T.);
#9860 = ADVANCED_FACE('',(#9861),#3645,.F.);
#9861 = FACE_BOUND('',#9862,.F.);
#9862 = EDGE_LOOP('',(#9863,#9864,#9885,#9886));
#9863 = ORIENTED_EDGE('',*,*,#6892,.F.);
#9864 = ORIENTED_EDGE('',*,*,#9865,.F.);
#9865 = EDGE_CURVE('',#3625,#6893,#9866,.T.);
#9866 = SEAM_CURVE('',#9867,(#9871,#9878),.PCURVE_S1.);
#9867 = LINE('',#9868,#9869);
#9868 = CARTESIAN_POINT('',(9.4,79.,4.));
#9869 = VECTOR('',#9870,1.);
#9870 = DIRECTION('',(0.,0.,-1.));
#9871 = PCURVE('',#3645,#9872);
#9872 = DEFINITIONAL_REPRESENTATION('',(#9873),#9877);
#9873 = LINE('',#9874,#9875);
#9874 = CARTESIAN_POINT('',(6.28318530718,-0.));
#9875 = VECTOR('',#9876,1.);
#9876 = DIRECTION('',(0.,1.));
#9877 = ( GEOMETRIC_REPRESENTATION_CONTEXT(2) 
PARAMETRIC_REPRESENTATION_CONTEXT() REPRESENTATION_CONTEXT('2D SPACE',''
  ) );
#9878 = PCURVE('',#3645,#9879);
#9879 = DEFINITIONAL_REPRESENTATION('',(#9880),#9884);
#9880 = LINE('',#9881,#9882);
#9881 = CARTESIAN_POINT('',(0.,-0.));
#9882 = VECTOR('',#9883,1.);
#9883 = DIRECTION('',(0.,1.));
#9884 = ( GEOMETRIC_REPRESENTATION_CONTEXT(2) 
PARAMETRIC_REPRESENTATION_CONTEXT() REPRESENTATION_CONTEXT('2D SPACE',''
  ) );
#9885 = ORIENTED_EDGE('',*,*,#3624,.T.);
#9886 = ORIENTED_EDGE('',*,*,#9865,.T.);
#9887 = ADVANCED_FACE('',(#9888),#3680,.F.);
#9888 = FACE_BOUND('',#9889,.F.);
#9889 = EDGE_LOOP('',(#9890,#9891,#9912,#9913));
#9890 = ORIENTED_EDGE('',*,*,#6922,.F.);
#9891 = ORIENTED_EDGE('',*,*,#9892,.F.);
#9892 = EDGE_CURVE('',#3660,#6923,#9893,.T.);
#9893 = SEAM_CURVE('',#9894,(#9898,#9905),.PCURVE_S1.);
#9894 = LINE('',#9895,#9896);
#9895 = CARTESIAN_POINT('',(9.4,86.,4.));
#9896 = VECTOR('',#9897,1.);
#9897 = DIRECTION('',(0.,0.,-1.));
#9898 = PCURVE('',#3680,#9899);
#9899 = DEFINITIONAL_REPRESENTATION('',(#9900),#9904);
#9900 = LINE('',#9901,#9902);
#9901 = CARTESIAN_POINT('',(6.28318530718,-0.));
#9902 = VECTOR('',#9903,1.);
#9903 = DIRECTION('',(0.,1.));
#9904 = ( GEOMETRIC_REPRESENTATION_CONTEXT(2) 
PARAMETRIC_REPRESENTATION_CONTEXT() REPRESENTATION_CONTEXT('2D SPACE',''
  ) );
#9905 = PCURVE('',#3680,#9906);
#9906 = DEFINITIONAL_REPRESENTATION('',(#9907),#9911);
#9907 = LINE('',#9908,#9909);
#9908 = CARTESIAN_POINT('',(0.,-0.));
#9909 = VECTOR('',#9910,1.);
#9910 = DIRECTION('',(0.,1.));
#9911 = ( GEOMETRIC_REPRESENTATION_CONTEXT(2) 
PARAMETRIC_REPRESENTATION_CONTEXT() REPRESENTATION_CONTEXT('2D SPACE',''
  ) );
#9912 = ORIENTED_EDGE('',*,*,#3659,.T.);
#9913 = ORIENTED_EDGE('',*,*,#9892,.T.);
#9914 = ADVANCED_FACE('',(#9915),#3715,.F.);
#9915 = FACE_BOUND('',#9916,.F.);
#9916 = EDGE_LOOP('',(#9917,#9918,#9939,#9940));
#9917 = ORIENTED_EDGE('',*,*,#6952,.F.);
#9918 = ORIENTED_EDGE('',*,*,#9919,.F.);
#9919 = EDGE_CURVE('',#3695,#6953,#9920,.T.);
#9920 = SEAM_CURVE('',#9921,(#9925,#9932),.PCURVE_S1.);
#9921 = LINE('',#9922,#9923);
#9922 = CARTESIAN_POINT('',(28.4,75.,4.));
#9923 = VECTOR('',#9924,1.);
#9924 = DIRECTION('',(0.,0.,-1.));
#9925 = PCURVE('',#3715,#9926);
#9926 = DEFINITIONAL_REPRESENTATION('',(#9927),#9931);
#9927 = LINE('',#9928,#9929);
#9928 = CARTESIAN_POINT('',(6.28318530718,-0.));
#9929 = VECTOR('',#9930,1.);
#9930 = DIRECTION('',(0.,1.));
#9931 = ( GEOMETRIC_REPRESENTATION_CONTEXT(2) 
PARAMETRIC_REPRESENTATION_CONTEXT() REPRESENTATION_CONTEXT('2D SPACE',''
  ) );
#9932 = PCURVE('',#3715,#9933);
#9933 = DEFINITIONAL_REPRESENTATION('',(#9934),#9938);
#9934 = LINE('',#9935,#9936);
#9935 = CARTESIAN_POINT('',(0.,-0.));
#9936 = VECTOR('',#9937,1.);
#9937 = DIRECTION('',(0.,1.));
#9938 = ( GEOMETRIC_REPRESENTATION_CONTEXT(2) 
PARAMETRIC_REPRESENTATION_CONTEXT() REPRESENTATION_CONTEXT('2D SPACE',''
  ) );
#9939 = ORIENTED_EDGE('',*,*,#3694,.T.);
#9940 = ORIENTED_EDGE('',*,*,#9919,.T.);
#9941 = ADVANCED_FACE('',(#9942),#3750,.F.);
#9942 = FACE_BOUND('',#9943,.F.);
#9943 = EDGE_LOOP('',(#9944,#9945,#9966,#9967));
#9944 = ORIENTED_EDGE('',*,*,#6982,.F.);
#9945 = ORIENTED_EDGE('',*,*,#9946,.F.);
#9946 = EDGE_CURVE('',#3730,#6983,#9947,.T.);
#9947 = SEAM_CURVE('',#9948,(#9952,#9959),.PCURVE_S1.);
#9948 = LINE('',#9949,#9950);
#9949 = CARTESIAN_POINT('',(43.4,60.,4.));
#9950 = VECTOR('',#9951,1.);
#9951 = DIRECTION('',(0.,0.,-1.));
#9952 = PCURVE('',#3750,#9953);
#9953 = DEFINITIONAL_REPRESENTATION('',(#9954),#9958);
#9954 = LINE('',#9955,#9956);
#9955 = CARTESIAN_POINT('',(6.28318530718,-0.));
#9956 = VECTOR('',#9957,1.);
#9957 = DIRECTION('',(0.,1.));
#9958 = ( GEOMETRIC_REPRESENTATION_CONTEXT(2) 
PARAMETRIC_REPRESENTATION_CONTEXT() REPRESENTATION_CONTEXT('2D SPACE',''
  ) );
#9959 = PCURVE('',#3750,#9960);
#9960 = DEFINITIONAL_REPRESENTATION('',(#9961),#9965);
#9961 = LINE('',#9962,#9963);
#9962 = CARTESIAN_POINT('',(0.,-0.));
#9963 = VECTOR('',#9964,1.);
#9964 = DIRECTION('',(0.,1.));
#9965 = ( GEOMETRIC_REPRESENTATION_CONTEXT(2) 
PARAMETRIC_REPRESENTATION_CONTEXT() REPRESENTATION_CONTEXT('2D SPACE',''
  ) );
#9966 = ORIENTED_EDGE('',*,*,#3729,.T.);
#9967 = ORIENTED_EDGE('',*,*,#9946,.T.);
#9968 = ADVANCED_FACE('',(#9969),#3785,.F.);
#9969 = FACE_BOUND('',#9970,.F.);
#9970 = EDGE_LOOP('',(#9971,#9972,#9993,#9994));
#9971 = ORIENTED_EDGE('',*,*,#7012,.F.);
#9972 = ORIENTED_EDGE('',*,*,#9973,.F.);
#9973 = EDGE_CURVE('',#3765,#7013,#9974,.T.);
#9974 = SEAM_CURVE('',#9975,(#9979,#9986),.PCURVE_S1.);
#9975 = LINE('',#9976,#9977);
#9976 = CARTESIAN_POINT('',(58.4,60.,4.));
#9977 = VECTOR('',#9978,1.);
#9978 = DIRECTION('',(0.,0.,-1.));
#9979 = PCURVE('',#3785,#9980);
#9980 = DEFINITIONAL_REPRESENTATION('',(#9981),#9985);
#9981 = LINE('',#9982,#9983);
#9982 = CARTESIAN_POINT('',(6.28318530718,-0.));
#9983 = VECTOR('',#9984,1.);
#9984 = DIRECTION('',(0.,1.));
#9985 = ( GEOMETRIC_REPRESENTATION_CONTEXT(2) 
PARAMETRIC_REPRESENTATION_CONTEXT() REPRESENTATION_CONTEXT('2D SPACE',''
  ) );
#9986 = PCURVE('',#3785,#9987);
#9987 = DEFINITIONAL_REPRESENTATION('',(#9988),#9992);
#9988 = LINE('',#9989,#9990);
#9989 = CARTESIAN_POINT('',(0.,-0.));
#9990 = VECTOR('',#9991,1.);
#9991 = DIRECTION('',(0.,1.));
#9992 = ( GEOMETRIC_REPRESENTATION_CONTEXT(2) 
PARAMETRIC_REPRESENTATION_CONTEXT() REPRESENTATION_CONTEXT('2D SPACE',''
  ) );
#9993 = ORIENTED_EDGE('',*,*,#3764,.T.);
#9994 = ORIENTED_EDGE('',*,*,#9973,.T.);
#9995 = ADVANCED_FACE('',(#9996),#3820,.F.);
#9996 = FACE_BOUND('',#9997,.F.);
#9997 = EDGE_LOOP('',(#9998,#9999,#10020,#10021));
#9998 = ORIENTED_EDGE('',*,*,#7042,.F.);
#9999 = ORIENTED_EDGE('',*,*,#10000,.F.);
#10000 = EDGE_CURVE('',#3800,#7043,#10001,.T.);
#10001 = SEAM_CURVE('',#10002,(#10006,#10013),.PCURVE_S1.);
#10002 = LINE('',#10003,#10004);
#10003 = CARTESIAN_POINT('',(43.4,75.,4.));
#10004 = VECTOR('',#10005,1.);
#10005 = DIRECTION('',(0.,0.,-1.));
#10006 = PCURVE('',#3820,#10007);
#10007 = DEFINITIONAL_REPRESENTATION('',(#10008),#10012);
#10008 = LINE('',#10009,#10010);
#10009 = CARTESIAN_POINT('',(6.28318530718,-0.));
#10010 = VECTOR('',#10011,1.);
#10011 = DIRECTION('',(0.,1.));
#10012 = ( GEOMETRIC_REPRESENTATION_CONTEXT(2) 
PARAMETRIC_REPRESENTATION_CONTEXT() REPRESENTATION_CONTEXT('2D SPACE',''
  ) );
#10013 = PCURVE('',#3820,#10014);
#10014 = DEFINITIONAL_REPRESENTATION('',(#10015),#10019);
#10015 = LINE('',#10016,#10017);
#10016 = CARTESIAN_POINT('',(0.,-0.));
#10017 = VECTOR('',#10018,1.);
#10018 = DIRECTION('',(0.,1.));
#10019 = ( GEOMETRIC_REPRESENTATION_CONTEXT(2) 
PARAMETRIC_REPRESENTATION_CONTEXT() REPRESENTATION_CONTEXT('2D SPACE',''
  ) );
#10020 = ORIENTED_EDGE('',*,*,#3799,.T.);
#10021 = ORIENTED_EDGE('',*,*,#10000,.T.);
#10022 = ADVANCED_FACE('',(#10023),#3855,.F.);
#10023 = FACE_BOUND('',#10024,.F.);
#10024 = EDGE_LOOP('',(#10025,#10026,#10047,#10048));
#10025 = ORIENTED_EDGE('',*,*,#7072,.F.);
#10026 = ORIENTED_EDGE('',*,*,#10027,.F.);
#10027 = EDGE_CURVE('',#3835,#7073,#10028,.T.);
#10028 = SEAM_CURVE('',#10029,(#10033,#10040),.PCURVE_S1.);
#10029 = LINE('',#10030,#10031);
#10030 = CARTESIAN_POINT('',(58.4,75.,4.));
#10031 = VECTOR('',#10032,1.);
#10032 = DIRECTION('',(0.,0.,-1.));
#10033 = PCURVE('',#3855,#10034);
#10034 = DEFINITIONAL_REPRESENTATION('',(#10035),#10039);
#10035 = LINE('',#10036,#10037);
#10036 = CARTESIAN_POINT('',(6.28318530718,-0.));
#10037 = VECTOR('',#10038,1.);
#10038 = DIRECTION('',(0.,1.));
#10039 = ( GEOMETRIC_REPRESENTATION_CONTEXT(2) 
PARAMETRIC_REPRESENTATION_CONTEXT() REPRESENTATION_CONTEXT('2D SPACE',''
  ) );
#10040 = PCURVE('',#3855,#10041);
#10041 = DEFINITIONAL_REPRESENTATION('',(#10042),#10046);
#10042 = LINE('',#10043,#10044);
#10043 = CARTESIAN_POINT('',(0.,-0.));
#10044 = VECTOR('',#10045,1.);
#10045 = DIRECTION('',(0.,1.));
#10046 = ( GEOMETRIC_REPRESENTATION_CONTEXT(2) 
PARAMETRIC_REPRESENTATION_CONTEXT() REPRESENTATION_CONTEXT('2D SPACE',''
  ) );
#10047 = ORIENTED_EDGE('',*,*,#3834,.T.);
#10048 = ORIENTED_EDGE('',*,*,#10027,.T.);
#10049 = ( GEOMETRIC_REPRESENTATION_CONTEXT(3) 
GLOBAL_UNCERTAINTY_ASSIGNED_CONTEXT((#10053)) 
GLOBAL_UNIT_ASSIGNED_CONTEXT((#10050,#10051,#10052)) 
REPRESENTATION_CONTEXT('Context #1',
  '3D Context with UNIT and UNCERTAINTY') );
#10050 = ( LENGTH_UNIT() NAMED_UNIT(*) SI_UNIT(.MILLI.,.METRE.) );
#10051 = ( NAMED_UNIT(*) PLANE_ANGLE_UNIT() SI_UNIT($,.RADIAN.) );
#10052 = ( NAMED_UNIT(*) SI_UNIT($,.STERADIAN.) SOLID_ANGLE_UNIT() );
#10053 = UNCERTAINTY_MEASURE_WITH_UNIT(LENGTH_MEASURE(1.E-07),#10050,
  'distance_accuracy_value','confusion accuracy');
#10054 = PRODUCT_RELATED_PRODUCT_CATEGORY('part',$,(#7));
ENDSEC;
END-ISO-10303-21;
